-- phpMyAdmin SQL Dump
-- version 4.8.2
-- https://www.phpmyadmin.net/
--
-- Host: localhost
-- Waktu pembuatan: 05 Jan 2021 pada 03.20
-- Versi server: 5.5.60
-- Versi PHP: 5.6.40

SET SQL_MODE = "NO_AUTO_VALUE_ON_ZERO";
SET AUTOCOMMIT = 0;
START TRANSACTION;
SET time_zone = "+00:00";


/*!40101 SET @OLD_CHARACTER_SET_CLIENT=@@CHARACTER_SET_CLIENT */;
/*!40101 SET @OLD_CHARACTER_SET_RESULTS=@@CHARACTER_SET_RESULTS */;
/*!40101 SET @OLD_COLLATION_CONNECTION=@@COLLATION_CONNECTION */;
/*!40101 SET NAMES utf8mb4 */;

--
-- Database: `sipd_db`
--

-- --------------------------------------------------------

--
-- Struktur dari tabel `areas`
--

CREATE TABLE `areas` (
  `id` int(11) NOT NULL,
  `business_id` int(11) NOT NULL,
  `check_sub` tinyint(4) NOT NULL,
  `unit_id` int(11) DEFAULT NULL,
  `role` varchar(255) NOT NULL,
  `area_name` varchar(100) DEFAULT NULL,
  `active` tinyint(4) NOT NULL DEFAULT '0',
  `created_at` timestamp NULL DEFAULT NULL,
  `updated_at` timestamp NULL DEFAULT NULL
) ENGINE=InnoDB DEFAULT CHARSET=utf8mb4 ROW_FORMAT=DYNAMIC;

--
-- Dumping data untuk tabel `areas`
--

INSERT INTO `areas` (`id`, `business_id`, `check_sub`, `unit_id`, `role`, `area_name`, `active`, `created_at`, `updated_at`) VALUES
(1, 2, 0, 0, '', 'sub bidang 88', 1, NULL, '2020-12-17 01:26:05'),
(2, 1, 1, 0, '', 'I. Penduduk Berdasarkan Usia Sekolah', 0, NULL, '2020-11-02 07:14:41'),
(3, 2, 1, 0, '', 'area name34444444444d', 1, NULL, '2020-12-17 01:25:56'),
(4, 2, 0, 0, '', 'area name 4', 1, NULL, '2020-12-17 01:26:11'),
(5, 2, 0, 0, '', 'area name5', 1, '2020-08-28 00:58:42', '2020-08-28 01:04:46'),
(6, 2, 0, 0, '', 'SUB BIDANG 3', 1, '2020-08-28 01:34:03', '2020-12-17 01:26:16'),
(7, 11, 0, 1, 'Kecamatan', 'Kecamatan Moga', 0, '2020-11-19 08:06:13', '2020-11-19 08:06:13'),
(8, 11, 0, 1, 'Kecamatan', 'Kecamatan Pulosari', 0, '2020-11-19 08:06:14', '2020-11-19 08:06:14'),
(9, 11, 0, 1, 'Kecamatan', 'Kecamatan Belik', 0, '2020-11-19 08:06:14', '2020-11-19 08:06:14'),
(10, 11, 0, 1, 'Kecamatan', 'Kecamatan Watukumpul', 0, '2020-11-19 08:06:14', '2020-11-19 08:06:14'),
(11, 11, 0, 1, 'Kecamatan', 'Kecamatan Bodeh', 0, '2020-11-19 08:06:14', '2020-11-19 08:06:14'),
(12, 11, 0, 1, 'Kecamatan', 'Kecamatan Bantarbolang', 0, '2020-11-19 08:06:15', '2020-11-19 08:06:15'),
(13, 11, 0, 1, 'Kecamatan', 'Kecamatan Randudongkal', 0, '2020-11-19 08:06:15', '2020-11-19 08:06:15'),
(14, 11, 0, 1, 'Kecamatan', 'Kecamatan Pemalang', 0, '2020-11-19 08:06:15', '2020-11-19 08:06:15'),
(15, 11, 0, 1, 'Kecamatan', 'Kecamatan Taman', 0, '2020-11-19 08:06:15', '2020-11-19 08:06:15'),
(16, 11, 0, 1, 'Kecamatan', 'Kecamatan Petarukan', 0, '2020-11-19 08:06:15', '2020-11-19 08:06:15'),
(17, 11, 0, 1, 'Kecamatan', 'Kecamatan Ampelgading', 0, '2020-11-19 08:06:15', '2020-11-19 08:06:15'),
(18, 11, 0, 1, 'Kecamatan', 'Kecamatan Comal', 0, '2020-11-19 08:06:15', '2020-11-19 08:06:15'),
(19, 11, 0, 1, 'Kecamatan', 'Kecamatan Ulujami', 0, '2020-11-19 08:06:15', '2020-11-19 08:06:15'),
(20, 11, 0, 1, 'Kecamatan', 'Kecamatan Warungpring', 0, '2020-11-19 08:06:15', '2020-11-19 08:06:15'),
(21, 10, 0, 2, 'Kecamatan', 'Kecamatan Moga', 0, '2020-11-19 08:58:23', '2020-11-19 08:58:23'),
(22, 10, 0, 2, 'Kecamatan', 'Kecamatan Pulosari', 0, '2020-11-19 08:58:23', '2020-11-19 08:58:23'),
(23, 10, 0, 2, 'Kecamatan', 'Kecamatan Belik', 0, '2020-11-19 08:58:23', '2020-11-19 08:58:23'),
(24, 10, 0, 2, 'Kecamatan', 'Kecamatan Watukumpul', 0, '2020-11-19 08:58:23', '2020-11-19 08:58:23'),
(25, 10, 0, 2, 'Kecamatan', 'Kecamatan Bodeh', 0, '2020-11-19 08:58:23', '2020-11-19 08:58:23'),
(26, 10, 0, 2, 'Kecamatan', 'Kecamatan Bantarbolang', 0, '2020-11-19 08:58:23', '2020-11-19 08:58:23'),
(27, 10, 0, 2, 'Kecamatan', 'Kecamatan Randudongkal', 0, '2020-11-19 08:58:23', '2020-11-19 08:58:23'),
(28, 10, 0, 2, 'Kecamatan', 'Kecamatan Pemalang', 0, '2020-11-19 08:58:24', '2020-11-19 08:58:24'),
(29, 10, 0, 2, 'Kecamatan', 'Kecamatan Taman', 0, '2020-11-19 08:58:24', '2020-11-19 08:58:24'),
(30, 10, 0, 2, 'Kecamatan', 'Kecamatan Petarukan', 0, '2020-11-19 08:58:24', '2020-11-19 08:58:24'),
(31, 10, 0, 2, 'Kecamatan', 'Kecamatan Ampelgading', 0, '2020-11-19 08:58:24', '2020-11-19 08:58:24'),
(32, 10, 0, 2, 'Kecamatan', 'Kecamatan Comal', 0, '2020-11-19 08:58:24', '2020-11-19 08:58:24'),
(33, 10, 0, 2, 'Kecamatan', 'Kecamatan Ulujami', 0, '2020-11-19 08:58:24', '2020-11-19 08:58:24'),
(34, 10, 0, 2, 'Kecamatan', 'Kecamatan Warungpring', 0, '2020-11-19 08:58:24', '2020-11-19 08:58:24'),
(35, 10, 0, 3, 'Kecamatan', 'Kecamatan Moga', 0, '2020-11-19 09:00:05', '2020-11-19 09:00:05'),
(36, 10, 0, 3, 'Kecamatan', 'Kecamatan Pulosari', 0, '2020-11-19 09:00:06', '2020-11-19 09:00:06'),
(37, 10, 0, 3, 'Kecamatan', 'Kecamatan Belik', 0, '2020-11-19 09:00:06', '2020-11-19 09:00:06'),
(38, 10, 0, 3, 'Kecamatan', 'Kecamatan Watukumpul', 0, '2020-11-19 09:00:06', '2020-11-19 09:00:06'),
(39, 10, 0, 3, 'Kecamatan', 'Kecamatan Bodeh', 0, '2020-11-19 09:00:06', '2020-11-19 09:00:06'),
(40, 10, 0, 3, 'Kecamatan', 'Kecamatan Bantarbolang', 0, '2020-11-19 09:00:06', '2020-11-19 09:00:06'),
(41, 10, 0, 3, 'Kecamatan', 'Kecamatan Randudongkal', 0, '2020-11-19 09:00:06', '2020-11-19 09:00:06'),
(42, 10, 0, 3, 'Kecamatan', 'Kecamatan Pemalang', 0, '2020-11-19 09:00:07', '2020-11-19 09:00:07'),
(43, 10, 0, 3, 'Kecamatan', 'Kecamatan Taman', 0, '2020-11-19 09:00:07', '2020-11-19 09:00:07'),
(44, 10, 0, 3, 'Kecamatan', 'Kecamatan Petarukan', 0, '2020-11-19 09:00:07', '2020-11-19 09:00:07'),
(45, 10, 0, 3, 'Kecamatan', 'Kecamatan Ampelgading', 0, '2020-11-19 09:00:08', '2020-11-19 09:00:08'),
(46, 10, 0, 3, 'Kecamatan', 'Kecamatan Comal', 0, '2020-11-19 09:00:08', '2020-11-19 09:00:08'),
(47, 10, 0, 3, 'Kecamatan', 'Kecamatan Ulujami', 0, '2020-11-19 09:00:08', '2020-11-19 09:00:08'),
(48, 10, 0, 3, 'Kecamatan', 'Kecamatan Warungpring', 0, '2020-11-19 09:00:08', '2020-11-19 09:00:08'),
(49, 10, 0, 4, 'Kecamatan', 'Kecamatan Moga', 0, '2020-11-19 09:03:25', '2020-11-19 09:03:25'),
(50, 10, 0, 4, 'Kecamatan', 'Kecamatan Pulosari', 0, '2020-11-19 09:03:25', '2020-11-19 09:03:25'),
(51, 10, 0, 4, 'Kecamatan', 'Kecamatan Belik', 0, '2020-11-19 09:03:25', '2020-11-19 09:03:25'),
(52, 10, 0, 4, 'Kecamatan', 'Kecamatan Watukumpul', 0, '2020-11-19 09:03:25', '2020-11-19 09:03:25'),
(53, 10, 0, 4, 'Kecamatan', 'Kecamatan Bodeh', 0, '2020-11-19 09:03:26', '2020-11-19 09:03:26'),
(54, 10, 0, 4, 'Kecamatan', 'Kecamatan Bantarbolang', 0, '2020-11-19 09:03:26', '2020-11-19 09:03:26'),
(55, 10, 0, 4, 'Kecamatan', 'Kecamatan Randudongkal', 0, '2020-11-19 09:03:26', '2020-11-19 09:03:26'),
(56, 10, 0, 4, 'Kecamatan', 'Kecamatan Pemalang', 0, '2020-11-19 09:03:26', '2020-11-19 09:03:26'),
(57, 10, 0, 4, 'Kecamatan', 'Kecamatan Taman', 0, '2020-11-19 09:03:26', '2020-11-19 09:03:26'),
(58, 10, 0, 4, 'Kecamatan', 'Kecamatan Petarukan', 0, '2020-11-19 09:03:26', '2020-11-19 09:03:26'),
(59, 10, 0, 4, 'Kecamatan', 'Kecamatan Ampelgading', 0, '2020-11-19 09:03:26', '2020-11-19 09:03:26'),
(60, 10, 0, 4, 'Kecamatan', 'Kecamatan Comal', 0, '2020-11-19 09:03:26', '2020-11-19 09:03:26'),
(61, 10, 0, 4, 'Kecamatan', 'Kecamatan Ulujami', 0, '2020-11-19 09:03:26', '2020-11-19 09:03:26'),
(62, 10, 0, 4, 'Kecamatan', 'Kecamatan Warungpring', 0, '2020-11-19 09:03:27', '2020-11-19 09:03:27'),
(63, 1, 0, 2, 'Kecamatan', 'Bidang pendidikan 2', 0, '2020-11-23 08:32:26', '2020-11-23 08:32:26'),
(64, 1, 0, 2, 'Kecamatan', 'Bidang pendidikan 2', 0, '2020-11-23 08:34:27', '2020-11-23 08:34:27'),
(65, 1, 0, 2, 'Kelurahan', 'Bidang Kelurahan', 0, '2020-11-23 08:43:53', '2020-11-23 08:43:53'),
(66, 1, 0, 2, 'Kelurahan', 'Bidang Kelurahan', 0, '2020-11-23 08:46:27', '2020-11-23 08:46:27'),
(67, 1, 0, 2, 'Kelurahan', 'Bidang Kelurahan', 0, '2020-11-23 08:46:56', '2020-11-23 08:46:56'),
(68, 12, 0, 2, 'Kelurahan', 'Kecamatan Moga', 0, '2020-11-23 08:48:15', '2020-11-23 08:48:15'),
(69, 12, 0, 2, 'Kelurahan', 'Kecamatan Pulosari', 0, '2020-11-23 08:48:15', '2020-11-23 08:48:15'),
(70, 12, 0, 2, 'Kelurahan', 'Kecamatan Belik', 0, '2020-11-23 08:48:15', '2020-11-23 08:48:15'),
(71, 12, 0, 2, 'Kelurahan', 'Kecamatan Watukumpul', 0, '2020-11-23 08:48:15', '2020-11-23 08:48:15'),
(72, 12, 0, 2, 'Kelurahan', 'Kecamatan Bodeh', 0, '2020-11-23 08:48:15', '2020-11-23 08:48:15'),
(73, 12, 0, 2, 'Kelurahan', 'Kecamatan Bantarbolang', 0, '2020-11-23 08:48:15', '2020-11-23 08:48:15'),
(74, 12, 0, 2, 'Kelurahan', 'Kecamatan Randudongkal', 0, '2020-11-23 08:48:15', '2020-11-23 08:48:15'),
(75, 12, 0, 2, 'Kelurahan', 'Kecamatan Pemalang', 0, '2020-11-23 08:48:15', '2020-11-23 08:48:15'),
(76, 12, 0, 2, 'Kelurahan', 'Kecamatan Taman', 0, '2020-11-23 08:48:15', '2020-11-23 08:48:15'),
(77, 12, 0, 2, 'Kelurahan', 'Kecamatan Petarukan', 0, '2020-11-23 08:48:16', '2020-11-23 08:48:16'),
(78, 12, 0, 2, 'Kelurahan', 'Kecamatan Ampelgading', 0, '2020-11-23 08:48:16', '2020-11-23 08:48:16'),
(79, 12, 0, 2, 'Kelurahan', 'Kecamatan Comal', 0, '2020-11-23 08:48:16', '2020-11-23 08:48:16'),
(80, 12, 0, 2, 'Kelurahan', 'Kecamatan Ulujami', 0, '2020-11-23 08:48:16', '2020-11-23 08:48:16'),
(81, 12, 0, 2, 'Kelurahan', 'Kecamatan Warungpring', 0, '2020-11-23 08:48:16', '2020-11-23 08:48:16'),
(82, 13, 0, 2, 'Kelurahan', 'Kecamatan Moga', 0, '2020-11-23 08:50:42', '2020-11-23 08:50:42'),
(83, 13, 0, 2, 'Kelurahan', 'Kecamatan Pulosari', 0, '2020-11-23 08:50:42', '2020-11-23 08:50:42'),
(84, 13, 0, 2, 'Kelurahan', 'Kecamatan Belik', 0, '2020-11-23 08:50:42', '2020-11-23 08:50:42'),
(85, 13, 0, 2, 'Kelurahan', 'Kecamatan Watukumpul', 0, '2020-11-23 08:50:42', '2020-11-23 08:50:42'),
(86, 13, 0, 2, 'Kelurahan', 'Kecamatan Bodeh', 0, '2020-11-23 08:50:42', '2020-11-23 08:50:42'),
(87, 13, 0, 2, 'Kelurahan', 'Kecamatan Bantarbolang', 0, '2020-11-23 08:50:42', '2020-11-23 08:50:42'),
(88, 13, 0, 2, 'Kelurahan', 'Kecamatan Randudongkal', 0, '2020-11-23 08:50:42', '2020-11-23 08:50:42'),
(89, 13, 0, 2, 'Kelurahan', 'Kecamatan Pemalang', 0, '2020-11-23 08:50:42', '2020-11-23 08:50:42'),
(90, 13, 0, 2, 'Kelurahan', 'Kecamatan Taman', 0, '2020-11-23 08:50:42', '2020-11-23 08:50:42'),
(91, 13, 0, 2, 'Kelurahan', 'Kecamatan Petarukan', 0, '2020-11-23 08:50:42', '2020-11-23 08:50:42'),
(92, 13, 0, 2, 'Kelurahan', 'Kecamatan Ampelgading', 0, '2020-11-23 08:50:42', '2020-11-23 08:50:42'),
(93, 13, 0, 2, 'Kelurahan', 'Kecamatan Comal', 0, '2020-11-23 08:50:42', '2020-11-23 08:50:42'),
(94, 13, 0, 2, 'Kelurahan', 'Kecamatan Ulujami', 0, '2020-11-23 08:50:42', '2020-11-23 08:50:42'),
(95, 13, 0, 2, 'Kelurahan', 'Kecamatan Warungpring', 0, '2020-11-23 08:50:42', '2020-11-23 08:50:42'),
(96, 14, 0, 2, 'Kelurahan', 'Kecamatan Moga', 0, '2020-11-23 08:51:31', '2020-11-23 08:51:31'),
(97, 14, 0, 2, 'Kelurahan', 'Kecamatan Pulosari', 0, '2020-11-23 08:51:31', '2020-11-23 08:51:31'),
(98, 14, 0, 2, 'Kelurahan', 'Kecamatan Belik', 0, '2020-11-23 08:51:31', '2020-11-23 08:51:31'),
(99, 14, 0, 2, 'Kelurahan', 'Kecamatan Watukumpul', 0, '2020-11-23 08:51:31', '2020-11-23 08:51:31'),
(100, 14, 0, 2, 'Kelurahan', 'Kecamatan Bodeh', 0, '2020-11-23 08:51:31', '2020-11-23 08:51:31'),
(101, 14, 0, 2, 'Kelurahan', 'Kecamatan Bantarbolang', 0, '2020-11-23 08:51:32', '2020-11-23 08:51:32'),
(102, 14, 0, 2, 'Kelurahan', 'Kecamatan Randudongkal', 0, '2020-11-23 08:51:32', '2020-11-23 08:51:32'),
(103, 14, 0, 2, 'Kelurahan', 'Kecamatan Pemalang', 0, '2020-11-23 08:51:32', '2020-11-23 08:51:32'),
(104, 14, 0, 2, 'Kelurahan', 'Kecamatan Taman', 0, '2020-11-23 08:51:32', '2020-11-23 08:51:32'),
(105, 14, 0, 2, 'Kelurahan', 'Kecamatan Petarukan', 0, '2020-11-23 08:51:32', '2020-11-23 08:51:32'),
(106, 14, 0, 2, 'Kelurahan', 'Kecamatan Ampelgading', 0, '2020-11-23 08:51:32', '2020-11-23 08:51:32'),
(107, 14, 0, 2, 'Kelurahan', 'Kecamatan Comal', 0, '2020-11-23 08:51:32', '2020-11-23 08:51:32'),
(108, 14, 0, 2, 'Kelurahan', 'Kecamatan Ulujami', 0, '2020-11-23 08:51:32', '2020-11-23 08:51:32'),
(109, 14, 0, 2, 'Kelurahan', 'Kecamatan Warungpring', 0, '2020-11-23 08:51:32', '2020-11-23 08:51:32'),
(110, 14, 0, 0, '', 'Kecamatan Moga', 0, '2020-11-23 08:51:32', '2020-11-23 08:51:32'),
(111, 14, 0, 2, 'Kelurahan', 'Desa Banyumudal', 0, '2020-11-23 08:51:32', '2020-11-23 08:51:32'),
(112, 14, 0, 2, 'Kelurahan', 'Desa Walangsanga', 0, '2020-11-23 08:51:32', '2020-11-23 08:51:32'),
(113, 14, 0, 2, 'Kelurahan', 'Desa Wangkelang', 0, '2020-11-23 08:51:32', '2020-11-23 08:51:32'),
(114, 14, 0, 2, 'Kelurahan', 'Desa Sima', 0, '2020-11-23 08:51:32', '2020-11-23 08:51:32'),
(115, 14, 0, 2, 'Kelurahan', 'Desa Plakaran', 0, '2020-11-23 08:51:32', '2020-11-23 08:51:32'),
(116, 14, 0, 2, 'Kelurahan', 'Desa Pepedan', 0, '2020-11-23 08:51:32', '2020-11-23 08:51:32'),
(117, 14, 0, 2, 'Kelurahan', 'Desa Moga', 0, '2020-11-23 08:51:32', '2020-11-23 08:51:32'),
(118, 14, 0, 2, 'Kelurahan', 'Desa Mandiraja', 0, '2020-11-23 08:51:32', '2020-11-23 08:51:32'),
(119, 14, 0, 2, 'Kelurahan', 'Desa Kebanggan', 0, '2020-11-23 08:51:32', '2020-11-23 08:51:32'),
(120, 14, 0, 2, 'Kelurahan', 'Desa Gendowang', 0, '2020-11-23 08:51:32', '2020-11-23 08:51:32'),
(121, 14, 0, 0, '', 'Kecamatan Pulosari', 0, '2020-11-23 08:51:32', '2020-11-23 08:51:32'),
(122, 14, 0, 2, 'Kelurahan', 'Desa Siremeng', 0, '2020-11-23 08:51:32', '2020-11-23 08:51:32'),
(123, 14, 0, 2, 'Kelurahan', 'Desa Pulosari', 0, '2020-11-23 08:51:32', '2020-11-23 08:51:32'),
(124, 14, 0, 2, 'Kelurahan', 'Desa Penakir', 0, '2020-11-23 08:51:32', '2020-11-23 08:51:32'),
(125, 14, 0, 2, 'Kelurahan', 'Desa Pagenteran', 0, '2020-11-23 08:51:32', '2020-11-23 08:51:32'),
(126, 14, 0, 2, 'Kelurahan', 'Desa Nyalembeng', 0, '2020-11-23 08:51:32', '2020-11-23 08:51:32'),
(127, 14, 0, 2, 'Kelurahan', 'Desa Karangsari', 0, '2020-11-23 08:51:32', '2020-11-23 08:51:32'),
(128, 14, 0, 2, 'Kelurahan', 'Desa Jurangmangu', 0, '2020-11-23 08:51:32', '2020-11-23 08:51:32'),
(129, 14, 0, 2, 'Kelurahan', 'Desa Gunungsari', 0, '2020-11-23 08:51:32', '2020-11-23 08:51:32'),
(130, 14, 0, 2, 'Kelurahan', 'Desa Gambuhan', 0, '2020-11-23 08:51:32', '2020-11-23 08:51:32'),
(131, 14, 0, 2, 'Kelurahan', 'Desa Clekatakan', 0, '2020-11-23 08:51:32', '2020-11-23 08:51:32'),
(132, 14, 0, 2, 'Kelurahan', 'Desa Cikendung', 0, '2020-11-23 08:51:32', '2020-11-23 08:51:32'),
(133, 14, 0, 2, 'Kelurahan', 'Desa Batursari', 0, '2020-11-23 08:51:32', '2020-11-23 08:51:32'),
(134, 14, 0, 0, '', 'Kecamatan Belik', 0, '2020-11-23 08:51:32', '2020-11-23 08:51:32'),
(135, 14, 0, 2, 'Kelurahan', 'Desa Simpur', 0, '2020-11-23 08:51:32', '2020-11-23 08:51:32'),
(136, 14, 0, 2, 'Kelurahan', 'Desa Sikasur', 0, '2020-11-23 08:51:32', '2020-11-23 08:51:32'),
(137, 14, 0, 2, 'Kelurahan', 'Desa Mendelem', 0, '2020-11-23 08:51:32', '2020-11-23 08:51:32'),
(138, 14, 0, 2, 'Kelurahan', 'Desa Kuta', 0, '2020-11-23 08:51:32', '2020-11-23 08:51:32'),
(139, 14, 0, 2, 'Kelurahan', 'Desa Kalisaleh', 0, '2020-11-23 08:51:32', '2020-11-23 08:51:32'),
(140, 14, 0, 2, 'Kelurahan', 'Desa Gunungtiga', 0, '2020-11-23 08:51:32', '2020-11-23 08:51:32'),
(141, 14, 0, 2, 'Kelurahan', 'Desa Gunungjaya', 0, '2020-11-23 08:51:32', '2020-11-23 08:51:32'),
(142, 14, 0, 2, 'Kelurahan', 'Desa Gombong', 0, '2020-11-23 08:51:32', '2020-11-23 08:51:32'),
(143, 14, 0, 2, 'Kelurahan', 'Desa Bulakan', 0, '2020-11-23 08:51:32', '2020-11-23 08:51:32'),
(144, 14, 0, 2, 'Kelurahan', 'Desa Beluk', 0, '2020-11-23 08:51:32', '2020-11-23 08:51:32'),
(145, 14, 0, 2, 'Kelurahan', 'Desa Belik', 0, '2020-11-23 08:51:32', '2020-11-23 08:51:32'),
(146, 14, 0, 2, 'Kelurahan', 'Desa Badak', 0, '2020-11-23 08:51:32', '2020-11-23 08:51:32'),
(147, 14, 0, 0, '', 'Kecamatan Watukumpul', 0, '2020-11-23 08:51:32', '2020-11-23 08:51:32'),
(148, 14, 0, 2, 'Kelurahan', 'Desa Bodas', 0, '2020-11-23 08:51:32', '2020-11-23 08:51:32'),
(149, 14, 0, 2, 'Kelurahan', 'Desa Wisnu', 0, '2020-11-23 08:51:32', '2020-11-23 08:51:32'),
(150, 14, 0, 2, 'Kelurahan', 'Desa Watukumpul', 0, '2020-11-23 08:51:32', '2020-11-23 08:51:32'),
(151, 14, 0, 2, 'Kelurahan', 'Desa Tundagan', 0, '2020-11-23 08:51:32', '2020-11-23 08:51:32'),
(152, 14, 0, 2, 'Kelurahan', 'Desa Tlagasana', 0, '2020-11-23 08:51:32', '2020-11-23 08:51:32'),
(153, 14, 0, 2, 'Kelurahan', 'Desa Tambi', 0, '2020-11-23 08:51:32', '2020-11-23 08:51:32'),
(154, 14, 0, 2, 'Kelurahan', 'Desa Pagelaran', 0, '2020-11-23 08:51:32', '2020-11-23 08:51:32'),
(155, 14, 0, 2, 'Kelurahan', 'Desa Medayu', 0, '2020-11-23 08:51:32', '2020-11-23 08:51:32'),
(156, 14, 0, 2, 'Kelurahan', 'Desa Majalangu', 0, '2020-11-23 08:51:32', '2020-11-23 08:51:32'),
(157, 14, 0, 2, 'Kelurahan', 'Desa Majakerta', 0, '2020-11-23 08:51:32', '2020-11-23 08:51:32'),
(158, 14, 0, 2, 'Kelurahan', 'Desa Jojogan', 0, '2020-11-23 08:51:32', '2020-11-23 08:51:32'),
(159, 14, 0, 2, 'Kelurahan', 'Desa Gapura', 0, '2020-11-23 08:51:32', '2020-11-23 08:51:32'),
(160, 14, 0, 2, 'Kelurahan', 'Desa Cikadu', 0, '2020-11-23 08:51:32', '2020-11-23 08:51:32'),
(161, 14, 0, 2, 'Kelurahan', 'Desa Cawet', 0, '2020-11-23 08:51:32', '2020-11-23 08:51:32'),
(162, 14, 0, 2, 'Kelurahan', 'Desa Bongas', 0, '2020-11-23 08:51:32', '2020-11-23 08:51:32'),
(163, 14, 0, 0, '', 'Kecamatan Bodeh', 0, '2020-11-23 08:51:32', '2020-11-23 08:51:32'),
(164, 14, 0, 2, 'Kelurahan', 'Desa Babakan', 0, '2020-11-23 08:51:32', '2020-11-23 08:51:32'),
(165, 14, 0, 2, 'Kelurahan', 'Desa Bodeh', 0, '2020-11-23 08:51:32', '2020-11-23 08:51:32'),
(166, 14, 0, 2, 'Kelurahan', 'Desa Cangak', 0, '2020-11-23 08:51:32', '2020-11-23 08:51:32'),
(167, 14, 0, 2, 'Kelurahan', 'Desa Gunungbatu', 0, '2020-11-23 08:51:32', '2020-11-23 08:51:32'),
(168, 14, 0, 2, 'Kelurahan', 'Desa Jatingarang', 0, '2020-11-23 08:51:33', '2020-11-23 08:51:33'),
(169, 14, 0, 2, 'Kelurahan', 'Desa Jatiroyom', 0, '2020-11-23 08:51:33', '2020-11-23 08:51:33'),
(170, 14, 0, 2, 'Kelurahan', 'Desa Jraganan', 0, '2020-11-23 08:51:33', '2020-11-23 08:51:33'),
(171, 14, 0, 2, 'Kelurahan', 'Desa Karangbrai', 0, '2020-11-23 08:51:33', '2020-11-23 08:51:33'),
(172, 14, 0, 2, 'Kelurahan', 'Desa Kebandaran', 0, '2020-11-23 08:51:33', '2020-11-23 08:51:33'),
(173, 14, 0, 2, 'Kelurahan', 'Desa Kebandungan', 0, '2020-11-23 08:51:33', '2020-11-23 08:51:33'),
(174, 14, 0, 2, 'Kelurahan', 'Desa Kelangdepok', 0, '2020-11-23 08:51:33', '2020-11-23 08:51:33'),
(175, 14, 0, 2, 'Kelurahan', 'Desa Kesesirejo', 0, '2020-11-23 08:51:33', '2020-11-23 08:51:33'),
(176, 14, 0, 2, 'Kelurahan', 'Desa Kwasen', 0, '2020-11-23 08:51:33', '2020-11-23 08:51:33'),
(177, 14, 0, 2, 'Kelurahan', 'Desa Longkeyang', 0, '2020-11-23 08:51:33', '2020-11-23 08:51:33'),
(178, 14, 0, 2, 'Kelurahan', 'Desa Muncang', 0, '2020-11-23 08:51:33', '2020-11-23 08:51:33'),
(179, 14, 0, 2, 'Kelurahan', 'Desa Parunggalih', 0, '2020-11-23 08:51:33', '2020-11-23 08:51:33'),
(180, 14, 0, 2, 'Kelurahan', 'Desa Pasir', 0, '2020-11-23 08:51:33', '2020-11-23 08:51:33'),
(181, 14, 0, 2, 'Kelurahan', 'Desa Payung', 0, '2020-11-23 08:51:33', '2020-11-23 08:51:33'),
(182, 14, 0, 2, 'Kelurahan', 'Desa Pendowo', 0, '2020-11-23 08:51:33', '2020-11-23 08:51:33'),
(183, 14, 0, 0, '', 'Kecamatan Bantarbolang', 0, '2020-11-23 08:51:33', '2020-11-23 08:51:33'),
(184, 14, 0, 2, 'Kelurahan', 'Desa Banjarsari', 0, '2020-11-23 08:51:33', '2020-11-23 08:51:33'),
(185, 14, 0, 2, 'Kelurahan', 'Desa Bantarbolang', 0, '2020-11-23 08:51:33', '2020-11-23 08:51:33'),
(186, 14, 0, 2, 'Kelurahan', 'Desa Glandang', 0, '2020-11-23 08:51:33', '2020-11-23 08:51:33'),
(187, 14, 0, 2, 'Kelurahan', 'Desa Karanganyar', 0, '2020-11-23 08:51:33', '2020-11-23 08:51:33'),
(188, 14, 0, 2, 'Kelurahan', 'Desa Kebon Gede', 0, '2020-11-23 08:51:33', '2020-11-23 08:51:33'),
(189, 14, 0, 2, 'Kelurahan', 'Desa Kuta', 0, '2020-11-23 08:51:33', '2020-11-23 08:51:33'),
(190, 14, 0, 2, 'Kelurahan', 'Desa Lenggerong', 0, '2020-11-23 08:51:33', '2020-11-23 08:51:33'),
(191, 14, 0, 2, 'Kelurahan', 'Desa Pabuaran', 0, '2020-11-23 08:51:33', '2020-11-23 08:51:33'),
(192, 14, 0, 2, 'Kelurahan', 'Desa Paguyangan', 0, '2020-11-23 08:51:33', '2020-11-23 08:51:33'),
(193, 14, 0, 2, 'Kelurahan', 'Desa Pedagung', 0, '2020-11-23 08:51:33', '2020-11-23 08:51:33'),
(194, 14, 0, 2, 'Kelurahan', 'Desa Pegiringan', 0, '2020-11-23 08:51:33', '2020-11-23 08:51:33'),
(195, 14, 0, 2, 'Kelurahan', 'Desa Purana', 0, '2020-11-23 08:51:33', '2020-11-23 08:51:33'),
(196, 14, 0, 2, 'Kelurahan', 'Desa Sambeng', 0, '2020-11-23 08:51:33', '2020-11-23 08:51:33'),
(197, 14, 0, 2, 'Kelurahan', 'Desa Sarwodadi', 0, '2020-11-23 08:51:33', '2020-11-23 08:51:33'),
(198, 14, 0, 2, 'Kelurahan', 'Desa Sumurkidang', 0, '2020-11-23 08:51:33', '2020-11-23 08:51:33'),
(199, 14, 0, 2, 'Kelurahan', 'Desa Suru', 0, '2020-11-23 08:51:33', '2020-11-23 08:51:33'),
(200, 14, 0, 2, 'Kelurahan', 'Desa Wanarata', 0, '2020-11-23 08:51:33', '2020-11-23 08:51:33'),
(201, 14, 0, 0, '', 'Kecamatan Randudongkal', 0, '2020-11-23 08:51:33', '2020-11-23 08:51:33'),
(202, 14, 0, 2, 'Kelurahan', 'Desa Banjaranyar', 0, '2020-11-23 08:51:33', '2020-11-23 08:51:33'),
(203, 14, 0, 2, 'Kelurahan', 'Desa Gembyang', 0, '2020-11-23 08:51:33', '2020-11-23 08:51:33'),
(204, 14, 0, 2, 'Kelurahan', 'Desa Gongseng', 0, '2020-11-23 08:51:33', '2020-11-23 08:51:33'),
(205, 14, 0, 2, 'Kelurahan', 'Desa Kalimas', 0, '2020-11-23 08:51:33', '2020-11-23 08:51:33'),
(206, 14, 0, 2, 'Kelurahan', 'Desa Kalitorong', 0, '2020-11-23 08:51:33', '2020-11-23 08:51:33'),
(207, 14, 0, 2, 'Kelurahan', 'Desa Karangmoncol', 0, '2020-11-23 08:51:33', '2020-11-23 08:51:33'),
(208, 14, 0, 2, 'Kelurahan', 'Desa Kecepit', 0, '2020-11-23 08:51:33', '2020-11-23 08:51:33'),
(209, 14, 0, 2, 'Kelurahan', 'Desa Kejene', 0, '2020-11-23 08:51:33', '2020-11-23 08:51:33'),
(210, 14, 0, 2, 'Kelurahan', 'Desa Kreyo', 0, '2020-11-23 08:51:33', '2020-11-23 08:51:33'),
(211, 14, 0, 2, 'Kelurahan', 'Desa Lodaya', 0, '2020-11-23 08:51:33', '2020-11-23 08:51:33'),
(212, 14, 0, 2, 'Kelurahan', 'Desa Mangli', 0, '2020-11-23 08:51:33', '2020-11-23 08:51:33'),
(213, 14, 0, 2, 'Kelurahan', 'Desa Mejagong', 0, '2020-11-23 08:51:33', '2020-11-23 08:51:33'),
(214, 14, 0, 2, 'Kelurahan', 'Desa Penusupan', 0, '2020-11-23 08:51:33', '2020-11-23 08:51:33'),
(215, 14, 0, 2, 'Kelurahan', 'Desa Randudongkal', 0, '2020-11-23 08:51:33', '2020-11-23 08:51:33'),
(216, 14, 0, 2, 'Kelurahan', 'Desa Rembul', 0, '2020-11-23 08:51:33', '2020-11-23 08:51:33'),
(217, 14, 0, 2, 'Kelurahan', 'Desa Semaya', 0, '2020-11-23 08:51:33', '2020-11-23 08:51:33'),
(218, 14, 0, 2, 'Kelurahan', 'Desa Semingkir', 0, '2020-11-23 08:51:33', '2020-11-23 08:51:33'),
(219, 14, 0, 2, 'Kelurahan', 'Desa Tanahbaya', 0, '2020-11-23 08:51:33', '2020-11-23 08:51:33'),
(220, 14, 0, 0, '', 'Kecamatan Pemalang', 0, '2020-11-23 08:51:33', '2020-11-23 08:51:33'),
(221, 14, 0, 2, 'Kelurahan', 'Kelurahan Bojongbata', 0, '2020-11-23 08:51:33', '2020-11-23 08:51:33'),
(222, 14, 0, 2, 'Kelurahan', 'Kelurahan Kebondalem', 0, '2020-11-23 08:51:33', '2020-11-23 08:51:33'),
(223, 14, 0, 2, 'Kelurahan', 'Kelurahan Mulyoharjo', 0, '2020-11-23 08:51:33', '2020-11-23 08:51:33'),
(224, 14, 0, 2, 'Kelurahan', 'Kelurahan Paduraksa', 0, '2020-11-23 08:51:33', '2020-11-23 08:51:33'),
(225, 14, 0, 2, 'Kelurahan', 'Kelurahan Pelutan', 0, '2020-11-23 08:51:33', '2020-11-23 08:51:33'),
(226, 14, 0, 2, 'Kelurahan', 'Kelurahan Sugihwaras', 0, '2020-11-23 08:51:33', '2020-11-23 08:51:33'),
(227, 14, 0, 2, 'Kelurahan', 'Kelurahan Widuri', 0, '2020-11-23 08:51:34', '2020-11-23 08:51:34'),
(228, 14, 0, 2, 'Kelurahan', 'Desa Banjarmulya', 0, '2020-11-23 08:51:34', '2020-11-23 08:51:34'),
(229, 14, 0, 2, 'Kelurahan', 'Desa Bojongnangka', 0, '2020-11-23 08:51:34', '2020-11-23 08:51:34'),
(230, 14, 0, 2, 'Kelurahan', 'Desa Danasari', 0, '2020-11-23 08:51:34', '2020-11-23 08:51:34'),
(231, 14, 0, 2, 'Kelurahan', 'Desa Kramat', 0, '2020-11-23 08:51:34', '2020-11-23 08:51:34'),
(232, 14, 0, 2, 'Kelurahan', 'Desa Lawangrejo', 0, '2020-11-23 08:51:34', '2020-11-23 08:51:34'),
(233, 14, 0, 2, 'Kelurahan', 'Desa Mengori', 0, '2020-11-23 08:51:34', '2020-11-23 08:51:34'),
(234, 14, 0, 2, 'Kelurahan', 'Desa Pagongsoran', 0, '2020-11-23 08:51:34', '2020-11-23 08:51:34'),
(235, 14, 0, 2, 'Kelurahan', 'Desa Saradan', 0, '2020-11-23 08:51:34', '2020-11-23 08:51:34'),
(236, 14, 0, 2, 'Kelurahan', 'Desa Sewaka', 0, '2020-11-23 08:51:34', '2020-11-23 08:51:34'),
(237, 14, 0, 2, 'Kelurahan', 'Desa Sungapan', 0, '2020-11-23 08:51:34', '2020-11-23 08:51:34'),
(238, 14, 0, 2, 'Kelurahan', 'Desa Surajaya', 0, '2020-11-23 08:51:34', '2020-11-23 08:51:34'),
(239, 14, 0, 2, 'Kelurahan', 'Desa Tambakrejo', 0, '2020-11-23 08:51:34', '2020-11-23 08:51:34'),
(240, 14, 0, 2, 'Kelurahan', 'Desa Wanamulya', 0, '2020-11-23 08:51:34', '2020-11-23 08:51:34'),
(241, 14, 0, 0, '', 'Kecamatan Taman', 0, '2020-11-23 08:51:34', '2020-11-23 08:51:34'),
(242, 14, 0, 2, 'Kelurahan', 'Kelurahan Beji', 0, '2020-11-23 08:51:34', '2020-11-23 08:51:34'),
(243, 14, 0, 2, 'Kelurahan', 'Kelurahan Wanarejan Selatan', 0, '2020-11-23 08:51:34', '2020-11-23 08:51:34'),
(244, 14, 0, 2, 'Kelurahan', 'Desa Asemdoyong', 0, '2020-11-23 08:51:34', '2020-11-23 08:51:34'),
(245, 14, 0, 2, 'Kelurahan', 'Desa Banjaran', 0, '2020-11-23 08:51:34', '2020-11-23 08:51:34'),
(246, 14, 0, 2, 'Kelurahan', 'Desa Banjardawa', 0, '2020-11-23 08:51:34', '2020-11-23 08:51:34'),
(247, 14, 0, 2, 'Kelurahan', 'Desa Cibelok', 0, '2020-11-23 08:51:34', '2020-11-23 08:51:34'),
(248, 14, 0, 2, 'Kelurahan', 'Desa Gondang', 0, '2020-11-23 08:51:34', '2020-11-23 08:51:34'),
(249, 14, 0, 2, 'Kelurahan', 'Desa Jebed Selatan', 0, '2020-11-23 08:51:34', '2020-11-23 08:51:34'),
(250, 14, 0, 2, 'Kelurahan', 'Desa Jebed Utara', 0, '2020-11-23 08:51:34', '2020-11-23 08:51:34'),
(251, 14, 0, 2, 'Kelurahan', 'Desa Jrakah', 0, '2020-11-23 08:51:34', '2020-11-23 08:51:34'),
(252, 14, 0, 2, 'Kelurahan', 'Desa Kabunan', 0, '2020-11-23 08:51:34', '2020-11-23 08:51:34'),
(253, 14, 0, 2, 'Kelurahan', 'Desa Kaligelang', 0, '2020-11-23 08:51:34', '2020-11-23 08:51:34'),
(254, 14, 0, 2, 'Kelurahan', 'Desa Kedungbanjar', 0, '2020-11-23 08:51:34', '2020-11-23 08:51:34'),
(255, 14, 0, 2, 'Kelurahan', 'Desa Kejambon', 0, '2020-11-23 08:51:34', '2020-11-23 08:51:34'),
(256, 14, 0, 2, 'Kelurahan', 'Desa Pedurungan', 0, '2020-11-23 08:51:34', '2020-11-23 08:51:34'),
(257, 14, 0, 2, 'Kelurahan', 'Desa Pener', 0, '2020-11-23 08:51:34', '2020-11-23 08:51:34'),
(258, 14, 0, 2, 'Kelurahan', 'Desa Penggarit', 0, '2020-11-23 08:51:34', '2020-11-23 08:51:34'),
(259, 14, 0, 2, 'Kelurahan', 'Desa Sitemu', 0, '2020-11-23 08:51:34', '2020-11-23 08:51:34'),
(260, 14, 0, 2, 'Kelurahan', 'Desa Sokawangi', 0, '2020-11-23 08:51:34', '2020-11-23 08:51:34'),
(261, 14, 0, 2, 'Kelurahan', 'Desa Taman', 0, '2020-11-23 08:51:34', '2020-11-23 08:51:34'),
(262, 14, 0, 2, 'Kelurahan', 'Desa Wanarejan Utara', 0, '2020-11-23 08:51:34', '2020-11-23 08:51:34'),
(263, 14, 0, 0, '', 'Kecamatan Petarukan', 0, '2020-11-23 08:51:34', '2020-11-23 08:51:34'),
(264, 14, 0, 2, 'Kelurahan', 'Kelurahan Petarukan', 0, '2020-11-23 08:51:34', '2020-11-23 08:51:34'),
(265, 14, 0, 2, 'Kelurahan', 'Desa Bulu', 0, '2020-11-23 08:51:34', '2020-11-23 08:51:34'),
(266, 14, 0, 2, 'Kelurahan', 'Desa Iser', 0, '2020-11-23 08:51:34', '2020-11-23 08:51:34'),
(267, 14, 0, 2, 'Kelurahan', 'Desa Kalirandu', 0, '2020-11-23 08:51:34', '2020-11-23 08:51:34'),
(268, 14, 0, 2, 'Kelurahan', 'Desa Karangasem', 0, '2020-11-23 08:51:34', '2020-11-23 08:51:34'),
(269, 14, 0, 2, 'Kelurahan', 'Desa Kendaldoyong', 0, '2020-11-23 08:51:34', '2020-11-23 08:51:34'),
(270, 14, 0, 2, 'Kelurahan', 'Desa Kendalrejo', 0, '2020-11-23 08:51:34', '2020-11-23 08:51:34'),
(271, 14, 0, 2, 'Kelurahan', 'Desa Kendalsari', 0, '2020-11-23 08:51:34', '2020-11-23 08:51:34'),
(272, 14, 0, 2, 'Kelurahan', 'Desa Klareyan', 0, '2020-11-23 08:51:34', '2020-11-23 08:51:34'),
(273, 14, 0, 2, 'Kelurahan', 'Desa Loning', 0, '2020-11-23 08:51:34', '2020-11-23 08:51:34'),
(274, 14, 0, 2, 'Kelurahan', 'Desa Nyamplung Sari', 0, '2020-11-23 08:51:34', '2020-11-23 08:51:34'),
(275, 14, 0, 2, 'Kelurahan', 'Desa Panjunan', 0, '2020-11-23 08:51:34', '2020-11-23 08:51:34'),
(276, 14, 0, 2, 'Kelurahan', 'Desa Pegundan', 0, '2020-11-23 08:51:34', '2020-11-23 08:51:34'),
(277, 14, 0, 2, 'Kelurahan', 'Desa Pesucen', 0, '2020-11-23 08:51:34', '2020-11-23 08:51:34'),
(278, 14, 0, 2, 'Kelurahan', 'Desa Petanjungan', 0, '2020-11-23 08:51:34', '2020-11-23 08:51:34'),
(279, 14, 0, 2, 'Kelurahan', 'Desa Serang', 0, '2020-11-23 08:51:34', '2020-11-23 08:51:34'),
(280, 14, 0, 2, 'Kelurahan', 'Desa Sirangkang', 0, '2020-11-23 08:51:34', '2020-11-23 08:51:34'),
(281, 14, 0, 2, 'Kelurahan', 'Desa Tegalmlati', 0, '2020-11-23 08:51:34', '2020-11-23 08:51:34'),
(282, 14, 0, 2, 'Kelurahan', 'Desa Temuireng', 0, '2020-11-23 08:51:34', '2020-11-23 08:51:34'),
(283, 14, 0, 2, 'Kelurahan', 'Desa Widodaren', 0, '2020-11-23 08:51:34', '2020-11-23 08:51:34'),
(284, 14, 0, 0, '', 'Kecamatan Ampelgading', 0, '2020-11-23 08:51:34', '2020-11-23 08:51:34'),
(285, 14, 0, 2, 'Kelurahan', 'Desa Ampelgading', 0, '2020-11-23 08:51:34', '2020-11-23 08:51:34'),
(286, 14, 0, 2, 'Kelurahan', 'Desa Banglarangan', 0, '2020-11-23 08:51:34', '2020-11-23 08:51:34'),
(287, 14, 0, 2, 'Kelurahan', 'Desa Blimbing', 0, '2020-11-23 08:51:35', '2020-11-23 08:51:35'),
(288, 14, 0, 2, 'Kelurahan', 'Desa Cibiyuk', 0, '2020-11-23 08:51:35', '2020-11-23 08:51:35'),
(289, 14, 0, 2, 'Kelurahan', 'Desa Jatirejo', 0, '2020-11-23 08:51:35', '2020-11-23 08:51:35'),
(290, 14, 0, 2, 'Kelurahan', 'Desa Karangtalok', 0, '2020-11-23 08:51:35', '2020-11-23 08:51:35'),
(291, 14, 0, 2, 'Kelurahan', 'Desa Karangtengah', 0, '2020-11-23 08:51:35', '2020-11-23 08:51:35'),
(292, 14, 0, 2, 'Kelurahan', 'Desa Kebagusan', 0, '2020-11-23 08:51:35', '2020-11-23 08:51:35'),
(293, 14, 0, 2, 'Kelurahan', 'Desa Kemuning', 0, '2020-11-23 08:51:35', '2020-11-23 08:51:35'),
(294, 14, 0, 2, 'Kelurahan', 'Desa Losari', 0, '2020-11-23 08:51:35', '2020-11-23 08:51:35'),
(295, 14, 0, 2, 'Kelurahan', 'Desa Sidokare', 0, '2020-11-23 08:51:35', '2020-11-23 08:51:35'),
(296, 14, 0, 2, 'Kelurahan', 'Desa Sokawati', 0, '2020-11-23 08:51:35', '2020-11-23 08:51:35'),
(297, 14, 0, 2, 'Kelurahan', 'Desa Tegalsari Barat', 0, '2020-11-23 08:51:35', '2020-11-23 08:51:35'),
(298, 14, 0, 2, 'Kelurahan', 'Desa Tegalsari Timur', 0, '2020-11-23 08:51:35', '2020-11-23 08:51:35'),
(299, 14, 0, 2, 'Kelurahan', 'Desa Ujunggede', 0, '2020-11-23 08:51:35', '2020-11-23 08:51:35'),
(300, 14, 0, 2, 'Kelurahan', 'Desa Wonogiri', 0, '2020-11-23 08:51:35', '2020-11-23 08:51:35'),
(301, 14, 0, 0, '', 'Kecamatan Comal', 0, '2020-11-23 08:51:35', '2020-11-23 08:51:35'),
(302, 14, 0, 2, 'Kelurahan', 'Kelurahan Purwoharjo', 0, '2020-11-23 08:51:35', '2020-11-23 08:51:35'),
(303, 14, 0, 2, 'Kelurahan', 'Desa Ambokulon', 0, '2020-11-23 08:51:35', '2020-11-23 08:51:35'),
(304, 14, 0, 2, 'Kelurahan', 'Desa Gandu', 0, '2020-11-23 08:51:35', '2020-11-23 08:51:35'),
(305, 14, 0, 2, 'Kelurahan', 'Desa Gedeg', 0, '2020-11-23 08:51:35', '2020-11-23 08:51:35'),
(306, 14, 0, 2, 'Kelurahan', 'Desa Gintung', 0, '2020-11-23 08:51:35', '2020-11-23 08:51:35'),
(307, 14, 0, 2, 'Kelurahan', 'Desa Kandang', 0, '2020-11-23 08:51:35', '2020-11-23 08:51:35'),
(308, 14, 0, 2, 'Kelurahan', 'Desa Kauman', 0, '2020-11-23 08:51:35', '2020-11-23 08:51:35'),
(309, 14, 0, 2, 'Kelurahan', 'Desa Kebojongan', 0, '2020-11-23 08:51:35', '2020-11-23 08:51:35'),
(310, 14, 0, 2, 'Kelurahan', 'Desa Klegen', 0, '2020-11-23 08:51:35', '2020-11-23 08:51:35'),
(311, 14, 0, 2, 'Kelurahan', 'Desa Lowa', 0, '2020-11-23 08:51:35', '2020-11-23 08:51:35'),
(312, 14, 0, 2, 'Kelurahan', 'Desa Pecangakan', 0, '2020-11-23 08:51:35', '2020-11-23 08:51:35'),
(313, 14, 0, 2, 'Kelurahan', 'Desa Purwosari', 0, '2020-11-23 08:51:35', '2020-11-23 08:51:35'),
(314, 14, 0, 2, 'Kelurahan', 'Desa Sarwodadi', 0, '2020-11-23 08:51:35', '2020-11-23 08:51:35'),
(315, 14, 0, 2, 'Kelurahan', 'Desa Sidorejo', 0, '2020-11-23 08:51:35', '2020-11-23 08:51:35'),
(316, 14, 0, 2, 'Kelurahan', 'Desa Sikayu', 0, '2020-11-23 08:51:35', '2020-11-23 08:51:35'),
(317, 14, 0, 2, 'Kelurahan', 'Desa Susukan', 0, '2020-11-23 08:51:35', '2020-11-23 08:51:35'),
(318, 14, 0, 2, 'Kelurahan', 'Desa Tumbal', 0, '2020-11-23 08:51:35', '2020-11-23 08:51:35'),
(319, 14, 0, 2, 'Kelurahan', 'Desa Wonokromo', 0, '2020-11-23 08:51:35', '2020-11-23 08:51:35'),
(320, 14, 0, 0, '', 'Kecamatan Ulujami', 0, '2020-11-23 08:51:35', '2020-11-23 08:51:35'),
(321, 14, 0, 2, 'Kelurahan', 'Desa Ambowetan', 0, '2020-11-23 08:51:35', '2020-11-23 08:51:35'),
(322, 14, 0, 2, 'Kelurahan', 'Desa Blendung', 0, '2020-11-23 08:51:35', '2020-11-23 08:51:35'),
(323, 14, 0, 2, 'Kelurahan', 'Desa Botekan', 0, '2020-11-23 08:51:35', '2020-11-23 08:51:35'),
(324, 14, 0, 2, 'Kelurahan', 'Desa Bumirejo', 0, '2020-11-23 08:51:35', '2020-11-23 08:51:35'),
(325, 14, 0, 2, 'Kelurahan', 'Desa Kaliprau', 0, '2020-11-23 08:51:35', '2020-11-23 08:51:35'),
(326, 14, 0, 2, 'Kelurahan', 'Desa Kertosari', 0, '2020-11-23 08:51:35', '2020-11-23 08:51:35'),
(327, 14, 0, 2, 'Kelurahan', 'Desa Ketapang', 0, '2020-11-23 08:51:35', '2020-11-23 08:51:35'),
(328, 14, 0, 2, 'Kelurahan', 'Desa Limbangan', 0, '2020-11-23 08:51:35', '2020-11-23 08:51:35'),
(329, 14, 0, 2, 'Kelurahan', 'Desa Mojo', 0, '2020-11-23 08:51:35', '2020-11-23 08:51:35'),
(330, 14, 0, 2, 'Kelurahan', 'Desa Padek', 0, '2020-11-23 08:51:35', '2020-11-23 08:51:35'),
(331, 14, 0, 2, 'Kelurahan', 'Desa Pagergunung', 0, '2020-11-23 08:51:35', '2020-11-23 08:51:35'),
(332, 14, 0, 2, 'Kelurahan', 'Desa Pamutih', 0, '2020-11-23 08:51:35', '2020-11-23 08:51:35'),
(333, 14, 0, 2, 'Kelurahan', 'Desa Pesantren', 0, '2020-11-23 08:51:35', '2020-11-23 08:51:35'),
(334, 14, 0, 2, 'Kelurahan', 'Desa Rowosari', 0, '2020-11-23 08:51:35', '2020-11-23 08:51:35'),
(335, 14, 0, 2, 'Kelurahan', 'Desa Samong', 0, '2020-11-23 08:51:35', '2020-11-23 08:51:35'),
(336, 14, 0, 2, 'Kelurahan', 'Desa Sukorejo', 0, '2020-11-23 08:51:35', '2020-11-23 08:51:35'),
(337, 14, 0, 2, 'Kelurahan', 'Desa Tasikrejo', 0, '2020-11-23 08:51:35', '2020-11-23 08:51:35'),
(338, 14, 0, 2, 'Kelurahan', 'Desa Wiyorowetan', 0, '2020-11-23 08:51:35', '2020-11-23 08:51:35'),
(339, 14, 0, 0, '', 'Kecamatan Warungpring', 0, '2020-11-23 08:51:35', '2020-11-23 08:51:35'),
(340, 14, 0, 2, 'Kelurahan', 'Desa Warungpring', 0, '2020-11-23 08:51:35', '2020-11-23 08:51:35'),
(341, 14, 0, 2, 'Kelurahan', 'Desa Pakembaran', 0, '2020-11-23 08:51:35', '2020-11-23 08:51:35'),
(342, 14, 0, 2, 'Kelurahan', 'Desa Mereng', 0, '2020-11-23 08:51:35', '2020-11-23 08:51:35'),
(343, 14, 0, 2, 'Kelurahan', 'Desa Karangdawa', 0, '2020-11-23 08:51:35', '2020-11-23 08:51:35'),
(344, 14, 0, 2, 'Kelurahan', 'Desa Datar', 0, '2020-11-23 08:51:35', '2020-11-23 08:51:35'),
(345, 14, 0, 2, 'Kelurahan', 'Desa Cibuyur', 0, '2020-11-23 08:51:36', '2020-11-23 08:51:36'),
(346, 3, 0, 3, 'Kecamatan', 'Kecamatan Moga', 0, '2020-11-23 10:58:19', '2020-11-23 10:58:19'),
(347, 3, 0, 3, 'Kecamatan', 'Kecamatan Pulosari', 0, '2020-11-23 10:58:19', '2020-11-23 10:58:19'),
(348, 3, 0, 3, 'Kecamatan', 'Kecamatan Belik', 0, '2020-11-23 10:58:19', '2020-11-23 10:58:19'),
(349, 3, 0, 3, 'Kecamatan', 'Kecamatan Watukumpul', 0, '2020-11-23 10:58:19', '2020-11-23 10:58:19'),
(350, 3, 0, 3, 'Kecamatan', 'Kecamatan Bodeh', 0, '2020-11-23 10:58:19', '2020-11-23 10:58:19'),
(351, 3, 0, 3, 'Kecamatan', 'Kecamatan Bantarbolang', 0, '2020-11-23 10:58:19', '2020-11-23 10:58:19'),
(352, 3, 0, 3, 'Kecamatan', 'Kecamatan Randudongkal', 0, '2020-11-23 10:58:19', '2020-11-23 10:58:19'),
(353, 3, 0, 3, 'Kecamatan', 'Kecamatan Pemalang', 0, '2020-11-23 10:58:19', '2020-11-23 10:58:19'),
(354, 3, 0, 3, 'Kecamatan', 'Kecamatan Taman', 0, '2020-11-23 10:58:19', '2020-11-23 10:58:19'),
(355, 3, 0, 3, 'Kecamatan', 'Kecamatan Petarukan', 0, '2020-11-23 10:58:19', '2020-11-23 10:58:19'),
(356, 3, 0, 3, 'Kecamatan', 'Kecamatan Ampelgading', 0, '2020-11-23 10:58:19', '2020-11-23 10:58:19'),
(357, 3, 0, 3, 'Kecamatan', 'Kecamatan Comal', 0, '2020-11-23 10:58:19', '2020-11-23 10:58:19'),
(358, 3, 0, 3, 'Kecamatan', 'Kecamatan Ulujami', 0, '2020-11-23 10:58:19', '2020-11-23 10:58:19'),
(359, 3, 0, 3, 'Kecamatan', 'Kecamatan Warungpring', 0, '2020-11-23 10:58:19', '2020-11-23 10:58:19'),
(360, 2, 1, 0, 'Kecamatan', 'Daftar Pusat Kesehatan Masyarakat', 0, '2020-12-03 04:23:48', '2020-12-03 04:23:48'),
(361, 1, 1, 0, 'Dinas Kesehatan', 'Daftar Sekolah', 0, '2020-12-04 07:11:33', '2020-12-04 07:11:33');

-- --------------------------------------------------------

--
-- Struktur dari tabel `bmd`
--

CREATE TABLE `bmd` (
  `id` int(11) NOT NULL,
  `bmd_description` varchar(100) DEFAULT NULL,
  `satuan_id` int(11) NOT NULL,
  `value` varchar(100) DEFAULT NULL,
  `type_user` int(11) NOT NULL,
  `validate` tinyint(4) NOT NULL DEFAULT '0',
  `validate_final` tinyint(4) NOT NULL DEFAULT '0',
  `created_at` timestamp NULL DEFAULT NULL,
  `updated_at` timestamp NULL DEFAULT NULL
) ENGINE=InnoDB DEFAULT CHARSET=utf8mb4 ROW_FORMAT=DYNAMIC;

--
-- Dumping data untuk tabel `bmd`
--

INSERT INTO `bmd` (`id`, `bmd_description`, `satuan_id`, `value`, `type_user`, `validate`, `validate_final`, `created_at`, `updated_at`) VALUES
(1, 'Barang Habis Pakai', 2, '0', 0, 0, 0, '2020-09-18 14:21:09', '2020-12-16 23:32:40'),
(5, 'Luas Daerah', 3, '0', 0, 0, 0, '2020-10-14 16:42:55', '2020-10-14 16:42:55'),
(6, 'Jumlah Pulau', 4, '0', 0, 0, 0, '2020-10-14 16:42:55', '2020-10-14 16:42:55'),
(7, 'Tinggi Wilayah', 5, '0', 0, 0, 0, '2020-10-14 16:42:55', '2020-10-14 16:42:55'),
(8, 'Jarak ke Ibukota', 1, '0', 0, 0, 0, '2020-10-14 16:42:55', '2020-10-14 16:42:55'),
(9, 'Pengamatan Unsur Iklim di Stasiun Pengamatan Badan Meteorologi Klimatologi dan Geofisika (BMKG)', 6, '0', 0, 0, 0, '2020-10-14 16:42:55', '2020-10-14 16:42:55'),
(10, 'Prakiraan Cuaca harian', 6, '0', 0, 0, 0, '2020-10-14 16:42:55', '2020-10-14 16:42:55'),
(11, 'Prakiraan Cuaca mingguan', 6, '0', 0, 0, 0, '2020-10-14 16:42:55', '2020-10-14 16:42:55'),
(12, 'Cuaca penerbangan', 6, '0', 0, 0, 0, '2020-10-14 16:42:55', '2020-10-14 16:42:55'),
(13, 'Cuaca maritim', 6, '0', 0, 0, 0, '2020-10-14 16:42:55', '2020-10-14 16:42:55'),
(14, 'Peringatan dini', 6, '0', 0, 0, 0, '2020-10-14 16:42:55', '2020-10-14 16:42:55'),
(15, 'Perubahan Iklim', 6, '0', 0, 0, 0, '2020-10-14 16:42:55', '2020-10-14 16:42:55'),
(16, 'Prakiraan Iklim', 6, '0', 0, 0, 0, '2020-10-14 16:42:55', '2020-10-14 16:42:55'),
(17, 'Kualitas udara', 6, '0', 0, 0, 0, '2020-10-14 16:42:55', '2020-10-14 16:42:55'),
(18, 'Gempa bumi', 6, '0', 0, 0, 0, '2020-10-14 16:42:55', '2020-10-14 16:42:55'),
(19, 'Tsunami', 6, '0', 0, 0, 0, '2020-10-14 16:42:55', '2020-10-14 16:42:55'),
(20, 'Jumlah Pegawai Negeri Sipil', 7, '0', 0, 0, 0, '2020-10-14 16:42:55', '2020-10-14 16:42:55'),
(21, 'Jumlah Pegawai Negeri Sipil Menurut Jenis Kelamin', 7, '0', 0, 0, 0, '2020-10-14 16:42:55', '2020-10-14 16:42:55'),
(22, 'Jumlah Pegawai Negeri Sipil berjenis kelamin Laki-laki', 7, '0', 0, 0, 0, '2020-10-14 16:42:56', '2020-10-14 16:42:56'),
(23, 'Jumlah Pegawai Negeri Sipil berjenis kelamin Perempuan', 7, '0', 0, 0, 0, '2020-10-14 16:42:56', '2020-10-14 16:42:56'),
(24, 'Jumlah Pegawai Negeri Sipil Menurut Jabatan ', 7, '0', 0, 0, 0, '2020-10-14 16:42:56', '2020-10-14 16:42:56'),
(25, 'Jumlah Pegawai Negeri Sipil dengan Jabatan sebagai Fungsional Umum ', 7, '0', 0, 0, 0, '2020-10-14 16:42:56', '2020-10-14 16:42:56'),
(26, 'Jumlah Pegawai Negeri Sipil dengan Jabatan sebagai Fungsional Tertentu', 7, '0', 0, 0, 0, '2020-10-14 16:42:56', '2020-10-14 16:42:56'),
(27, 'Jumlah Pegawai Negeri Sipil dengan Jabatan Struktural Eselon IV', 7, '0', 0, 0, 0, '2020-10-14 16:42:56', '2020-10-14 16:42:56'),
(28, 'Jumlah Pegawai Negeri Sipil dengan Jabatan Struktural Eselon III', 7, '0', 0, 0, 0, '2020-10-14 16:42:56', '2020-10-14 16:42:56'),
(29, 'Jumlah Pegawai Negeri Sipil dengan Jabatan Struktural Eselon II', 7, '0', 0, 0, 0, '2020-10-14 16:42:56', '2020-10-14 16:42:56'),
(30, 'Jumlah Pegawai Negeri Sipil dengan Jabatan Struktural Eselon I', 7, '0', 0, 0, 0, '2020-10-14 16:42:56', '2020-10-14 16:42:56'),
(31, 'Jumlah Pegawai Negeri Sipil Menurut Tingkat Pendidikan ', 7, '0', 0, 0, 0, '2020-10-14 16:42:56', '2020-10-14 16:42:56'),
(32, 'Jumlah Pegawai Negeri Sipil berpendidikan terakhir SD/MI/Sederajat', 7, '0', 0, 0, 0, '2020-10-14 16:42:56', '2020-10-14 16:42:56'),
(33, 'Jumlah Pegawai Negeri Sipil berpendidikan terakhir SMP/MTs/Sederajat', 7, '0', 0, 0, 0, '2020-10-14 16:42:56', '2020-10-14 16:42:56'),
(34, 'Jumlah Pegawai Negeri Sipil berpendidikan terakhir SMA/SMK/MA/Sederajat', 7, '0', 0, 0, 0, '2020-10-14 16:42:56', '2020-10-14 16:42:56'),
(35, 'Jumlah Pegawai Negeri Sipil berpendidikan terakhir D.III', 7, '0', 0, 0, 0, '2020-10-14 16:42:56', '2020-10-14 16:42:56'),
(36, 'Jumlah Pegawai Negeri Sipil berpendidikan terakhir Strata-1/D.IV', 7, '0', 0, 0, 0, '2020-10-14 16:42:56', '2020-10-14 16:42:56'),
(37, 'Jumlah Pegawai Negeri Sipil berpendidikan terakhir Strata-2', 7, '0', 0, 0, 0, '2020-10-14 16:42:56', '2020-10-14 16:42:56'),
(38, 'Jumlah Pegawai Negeri Sipil berpendidikan terakhir Strata-3', 7, '0', 0, 0, 0, '2020-10-14 16:42:56', '2020-10-14 16:42:56'),
(39, 'Jumlah Pegawai Negeri Sipil Menurut Tingkat Kepangkatan', 7, '0', 0, 0, 0, '2020-10-14 16:42:56', '2020-10-14 16:42:56'),
(40, 'Jumlah Pegawai Negeri Sipil dengan Tingkat Kepangkatan Juru Muda', 7, '0', 0, 0, 0, '2020-10-14 16:42:56', '2020-10-14 16:42:56'),
(41, 'Jumlah Pegawai Negeri Sipil dengan Tingkat Kepangkatan Juru Muda Tingkat I', 7, '0', 0, 0, 0, '2020-10-14 16:42:56', '2020-10-14 16:42:56'),
(42, 'Jumlah Pegawai Negeri Sipil dengan Tingkat Kepangkatan Juru ', 7, '0', 0, 0, 0, '2020-10-14 16:42:56', '2020-10-14 16:42:56'),
(43, 'Jumlah Pegawai Negeri Sipil dengan Tingkat Kepangkatan Juru Tingkat I', 7, '0', 0, 0, 0, '2020-10-14 16:42:56', '2020-10-14 16:42:56'),
(44, 'Jumlah Pegawai Negeri Sipil dengan Tingkat Kepangkatan Pengatur Muda', 7, '0', 0, 0, 0, '2020-10-14 16:42:56', '2020-10-14 16:42:56'),
(45, 'Jumlah Pegawai Negeri Sipil dengan Tingkat Kepangkatan Pengatur Muda Tingkat I', 7, '0', 0, 0, 0, '2020-10-14 16:42:56', '2020-10-14 16:42:56'),
(46, 'Jumlah Pegawai Negeri Sipil dengan Tingkat Kepangkatan Pengatur ', 7, '0', 0, 0, 0, '2020-10-14 16:42:56', '2020-10-14 16:42:56'),
(47, 'Jumlah Pegawai Negeri Sipil dengan Tingkat Kepangkatan Pengatur Tingkat I', 7, '0', 0, 0, 0, '2020-10-14 16:42:56', '2020-10-14 16:42:56'),
(48, 'Jumlah Pegawai Negeri Sipil dengan Tingkat Kepangkatan Penata Muda', 7, '0', 0, 0, 0, '2020-10-14 16:42:56', '2020-10-14 16:42:56'),
(49, 'Jumlah Pegawai Negeri Sipil dengan Tingkat Kepangkatan Penata Muda Tingkat I', 7, '0', 0, 0, 0, '2020-10-14 16:42:56', '2020-10-14 16:42:56'),
(50, 'Jumlah Pegawai Negeri Sipil dengan Tingkat Kepangkatan Penata', 7, '0', 0, 0, 0, '2020-10-14 16:42:56', '2020-10-14 16:42:56'),
(51, 'Jumlah Pegawai Negeri Sipil dengan Tingkat Kepangkatan Penata Tingkat I', 7, '0', 0, 0, 0, '2020-10-14 16:42:56', '2020-10-14 16:42:56'),
(52, 'Jumlah Pegawai Negeri Sipil dengan Tingkat Kepangkatan Pembina', 7, '0', 0, 0, 0, '2020-10-14 16:42:56', '2020-10-14 16:42:56'),
(53, 'Jumlah Pegawai Negeri Sipil dengan Tingkat Kepangkatan Pembina Tingkat I', 7, '0', 0, 0, 0, '2020-10-14 16:42:56', '2020-10-14 16:42:56'),
(54, 'Jumlah Pegawai Negeri Sipil dengan Tingkat Kepangkatan Pembina Utama Muda', 7, '0', 0, 0, 0, '2020-10-14 16:42:56', '2020-10-14 16:42:56'),
(55, 'Jumlah Pegawai Negeri Sipil dengan Tingkat Kepangkatan Pembina Utama', 7, '0', 0, 0, 0, '2020-10-14 16:42:56', '2020-10-14 16:42:56'),
(56, 'Jumlah Pencari Kerja Terdaftar', 7, '0', 0, 0, 0, '2020-10-14 16:42:56', '2020-10-14 16:42:56'),
(57, 'Jumlah Lowongan Kerja Terdaftar', 8, '0', 0, 0, 0, '2020-10-14 16:42:56', '2020-10-14 16:42:56'),
(58, 'Jumlah Penempatan/Pemenuhan Tenaga Kerja', 9, '0', 0, 0, 0, '2020-10-14 16:42:56', '2020-10-14 16:42:56'),
(59, 'Jumlah Sekolah Taman Kanak-kanak (TK) di bawah Kementerian Pendidikan dan Kebudayaan', 2, '0', 0, 0, 0, '2020-10-14 16:42:56', '2020-10-14 16:42:56'),
(60, 'Jumlah Guru Taman Kanak-kanak (TK) di bawah Kementerian Pendidikan dan Kebudayaan', 7, '0', 0, 0, 0, '2020-10-14 16:42:56', '2020-10-14 16:42:56'),
(61, 'Jumlah Murid Taman Kanak-kanak (TK) di bawah Kementerian Pendidikan dan Kebudayaan', 7, '0', 0, 0, 0, '2020-10-14 16:42:56', '2020-10-14 16:42:56'),
(62, 'Jumlah Sekolah Dasar (SD) di bawah Kementerian Pendidikan dan Kebudayaan', 2, '0', 0, 0, 0, '2020-10-14 16:42:56', '2020-10-14 16:42:56'),
(63, 'Jumlah Guru Sekolah Dasar (SD) di bawah Kementerian Pendidikan dan Kebudayaan', 7, '0', 0, 0, 0, '2020-10-14 16:42:56', '2020-10-14 16:42:56'),
(64, 'Jumlah Murid Sekolah Dasar (SD) di bawah Kementerian Pendidikan dan Kebudayaan', 7, '0', 0, 0, 0, '2020-10-14 16:42:56', '2020-10-14 16:42:56'),
(65, 'Jumlah Sekolah Menengah Pertama (SMP) di bawah Kementerian Pendidikan dan Kebudayaan', 2, '0', 0, 0, 0, '2020-10-14 16:42:56', '2020-10-14 16:42:56'),
(66, 'Jumlah Guru Sekolah Menengah Pertama (SMP) di bawah Kementerian Pendidikan dan Kebudayaan', 7, '0', 0, 0, 0, '2020-10-14 16:42:57', '2020-10-14 16:42:57'),
(67, 'Jumlah Murid Sekolah Menengah Pertama (SMP) di bawah Kementerian Pendidikan dan Kebudayaan', 7, '0', 0, 0, 0, '2020-10-14 16:42:57', '2020-10-14 16:42:57'),
(68, 'Jumlah Sekolah Menengah Atas (SMA) di bawah Kementerian Pendidikan dan Kebudayaan', 2, '0', 0, 0, 0, '2020-10-14 16:42:57', '2020-10-14 16:42:57'),
(69, 'Jumlah Guru Sekolah Menengah Atas (SMA) di bawah Kementerian Pendidikan dan Kebudayaan', 7, '0', 0, 0, 0, '2020-10-14 16:42:57', '2020-10-14 16:42:57'),
(70, 'Jumlah Murid Sekolah Menengah Atas (SMA) di bawah Kementerian Pendidikan dan Kebudayaan', 7, '0', 0, 0, 0, '2020-10-14 16:42:57', '2020-10-14 16:42:57'),
(71, 'Jumlah Sekolah Raudatul Athfal (RA) di bawah Kementerian Agama ', 2, '0', 0, 0, 0, '2020-10-14 16:42:57', '2020-10-14 16:42:57'),
(72, 'Jumlah Guru Raudatul Athfal (RA) di bawah Kementerian Agama', 7, '0', 0, 0, 0, '2020-10-14 16:42:57', '2020-10-14 16:42:57'),
(73, 'Jumlah Murid Raudatul Athfal (RA) di bawah Kementerian Agama', 7, '0', 0, 0, 0, '2020-10-14 16:42:57', '2020-10-14 16:42:57'),
(74, 'Jumlah Sekolah Madrasah Ibtidaiyah (MI) di bawah Kementerian Agama', 2, '0', 0, 0, 0, '2020-10-14 16:42:57', '2020-10-14 16:42:57'),
(75, 'Jumlah Guru Madrasah Ibtidaiyah (MI) di bawah Kementerian Agama', 7, '0', 0, 0, 0, '2020-10-14 16:42:57', '2020-10-14 16:42:57'),
(76, 'Jumlah Murid Madrasah Ibtidaiyah (MI) di bawah Kementerian Agama', 7, '0', 0, 0, 0, '2020-10-14 16:42:57', '2020-10-14 16:42:57'),
(77, 'Jumlah Sekolah Madrasah Tsanawiyah (MTs) di bawah Kementerian Agama', 2, '0', 0, 0, 0, '2020-10-14 16:42:57', '2020-10-14 16:42:57'),
(78, 'Jumlah Guru Madrasah Tsanawiyah (MTs) di bawah Kementerian Agama', 7, '0', 0, 0, 0, '2020-10-14 16:42:57', '2020-10-14 16:42:57'),
(79, 'Jumlah Murid Madrasah Tsanawiyah (MTs) di bawah Kementerian Agama', 7, '0', 0, 0, 0, '2020-10-14 16:42:57', '2020-10-14 16:42:57'),
(80, 'Jumlah Sekolah Madrasah Aliyah (MA) di bawah Kementerian Agama', 2, '0', 0, 0, 0, '2020-10-14 16:42:57', '2020-10-14 16:42:57'),
(81, 'Jumlah Guru Madrasah Aliyah (MA) di bawah Kementerian Agama', 7, '0', 0, 0, 0, '2020-10-14 16:42:57', '2020-10-14 16:42:57'),
(82, 'Jumlah Murid Madrasah Aliyah (MA) di bawah Kementerian Agama', 7, '0', 0, 0, 0, '2020-10-14 16:42:57', '2020-10-14 16:42:57'),
(83, 'Jumlah Perguruan Tinggi Negeri di bawah Kementerian Agama', 10, '0', 0, 0, 0, '2020-10-14 16:42:57', '2020-10-14 16:42:57'),
(84, 'Jumlah Perguruan Tinggi Swasta di bawah Kementerian Agama', 10, '0', 0, 0, 0, '2020-10-14 16:42:57', '2020-10-14 16:42:57'),
(85, 'Jumlah Mahasiswa di bawah Kementerian Agama', 7, '0', 0, 0, 0, '2020-10-14 16:42:57', '2020-10-14 16:42:57'),
(86, 'Jumlah Tenaga Edukatif Negeri di bawah Kementerian Agama', 7, '0', 0, 0, 0, '2020-10-14 16:42:57', '2020-10-14 16:42:57'),
(87, 'Jumlah Tenaga Edukatif Swasta di bawah Kementerian Agama', 7, '0', 0, 0, 0, '2020-10-14 16:42:57', '2020-10-14 16:42:57'),
(88, 'Jumlah Jemaah Haji yang diberangkatkan ke Tanah Suci Mekah', 7, '0', 0, 0, 0, '2020-10-14 16:42:57', '2020-10-14 16:42:57'),
(89, 'Jumlah Nikah', 11, '0', 0, 0, 0, '2020-10-14 16:42:57', '2020-10-14 16:42:57'),
(90, 'Jumlah Talak', 12, '0', 0, 0, 0, '2020-10-14 16:42:57', '2020-10-14 16:42:57'),
(91, 'Jumlah Cerai', 13, '0', 0, 0, 0, '2020-10-14 16:42:57', '2020-10-14 16:42:57'),
(92, 'Jumlah Rujuk', 14, '0', 0, 0, 0, '2020-10-14 16:42:57', '2020-10-14 16:42:57'),
(93, 'Jumlah Perguruan Tinggi Negeri di bawah Kementerian Riset, Teknologi dan Pendidikan Tinggi', 10, '0', 0, 0, 0, '2020-10-14 16:42:57', '2020-10-14 16:42:57'),
(94, 'Jumlah Perguruan Tinggi Swasta di bawah Kementerian Riset, Teknologi dan Pendidikan Tinggi', 10, '0', 0, 0, 0, '2020-10-14 16:42:57', '2020-10-14 16:42:57'),
(95, 'Jumlah Mahasiswa di bawah Kementerian Riset, Teknologi dan Pendidikan Tinggi', 7, '0', 0, 0, 0, '2020-10-14 16:42:57', '2020-10-14 16:42:57'),
(96, 'Jumlah Tenaga Edukatif Negeri di bawah Kementerian Riset, Teknologi dan Pendidikan Tinggi', 7, '0', 0, 0, 0, '2020-10-14 16:42:57', '2020-10-14 16:42:57'),
(97, 'Jumlah Tenaga Edukatif Swasta di bawah Kementerian Riset, Teknologi dan Pendidikan Tinggi', 7, '0', 0, 0, 0, '2020-10-14 16:42:57', '2020-10-14 16:42:57'),
(98, 'Jumlah Tenaga Kesehatan', 7, '0', 0, 0, 0, '2020-10-14 16:42:57', '2020-10-14 16:42:57'),
(99, 'Jumlah Kasus Penyakit ', 15, '0', 0, 0, 0, '2020-10-14 16:42:57', '2020-10-14 16:42:57'),
(100, 'Jumlah Rumah Sakit Umum', 2, '0', 0, 0, 0, '2020-10-14 16:42:58', '2020-10-14 16:42:58'),
(101, 'Jumlah Rumah Sakit Khusus', 2, '0', 0, 0, 0, '2020-10-14 16:42:58', '2020-10-14 16:42:58'),
(102, 'Jumlah Rumah Sakit/Rumah Bersalin', 2, '0', 0, 0, 0, '2020-10-14 16:42:58', '2020-10-14 16:42:58'),
(103, 'Jumlah Puskesmas', 2, '0', 0, 0, 0, '2020-10-14 16:42:58', '2020-10-14 16:42:58'),
(104, 'Jumlah Klinik/Balai Kesehatan', 2, '0', 0, 0, 0, '2020-10-14 16:42:58', '2020-10-14 16:42:58'),
(105, 'Jumlah Posyandu', 2, '0', 0, 0, 0, '2020-10-14 16:42:58', '2020-10-14 16:42:58'),
(106, 'Jumlah Polindes', 2, '0', 0, 0, 0, '2020-10-14 16:42:58', '2020-10-14 16:42:58'),
(107, 'Jumlah Kendaraan Bermotor', 2, '0', 0, 0, 0, '2020-10-14 16:42:58', '2020-10-14 16:42:58'),
(108, 'Jumlah Tindak Pidana', 15, '0', 0, 0, 0, '2020-10-14 16:42:58', '2020-10-14 16:42:58'),
(109, 'Jumlah Resiko Penduduk Terjadi Tindak Pidana per 100.000 Penduduk', 9, '0', 0, 0, 0, '2020-10-14 16:42:58', '2020-10-14 16:42:58'),
(110, 'Jumlah Persentase Penyelesaian Tindak Pidana', 9, '0', 0, 0, 0, '2020-10-14 16:42:58', '2020-10-14 16:42:58'),
(111, 'Jumlah Selang Waktu Terjadinya Tindak Pidana', 16, '0', 0, 0, 0, '2020-10-14 16:42:58', '2020-10-14 16:42:58'),
(112, 'Jumlah Perceraian Menurut Faktor', 13, '0', 0, 0, 0, '2020-10-14 16:42:58', '2020-10-14 16:42:58'),
(113, 'Jumlah Kejadiaan Bencana Alam', 17, '0', 0, 0, 0, '2020-10-14 16:42:58', '2020-10-14 16:42:58'),
(114, 'Jumlah Korban Manusia yang diakibatkan Bencana Alam', 18, '0', 0, 0, 0, '2020-10-14 16:42:58', '2020-10-14 16:42:58'),
(115, 'Jumlah Kerusakan Rumah yang diakibatkan Bencana Alam', 2, '0', 0, 0, 0, '2020-10-14 16:42:58', '2020-10-14 16:42:58'),
(116, 'Jumlah Penerima Bantuan (Kepala Keluarga)', 19, '0', 0, 0, 0, '2020-10-14 16:42:58', '2020-10-14 16:42:58'),
(117, 'Jumlah Anggaran Bantuan Sosial Pangan', 20, '0', 0, 0, 0, '2020-10-14 16:42:58', '2020-10-14 16:42:58'),
(118, 'Luas Kawasan Hutan', 21, '0', 0, 0, 0, '2020-10-14 16:42:58', '2020-10-14 16:42:58'),
(119, 'Luas Kawasan Perairan', 22, '0', 0, 0, 0, '2020-10-14 16:42:58', '2020-10-14 16:42:58'),
(120, 'Jumlah Produksi Kayu Hutan Menurut Jenis Produksi', 23, '0', 0, 0, 0, '2020-10-14 16:42:58', '2020-10-14 16:42:58'),
(121, 'Jumlah Populasi Ternak', 24, '0', 0, 0, 0, '2020-10-14 16:42:58', '2020-10-14 16:42:58'),
(122, 'Jumlah Populasi Unggas', 24, '0', 0, 0, 0, '2020-10-14 16:42:58', '2020-10-14 16:42:58'),
(123, 'Jumlah Produksi Daging Ternak', 25, '0', 0, 0, 0, '2020-10-14 16:42:58', '2020-10-14 16:42:58'),
(124, 'Jumlah Produksi Daging Unggas', 25, '0', 0, 0, 0, '2020-10-14 16:42:58', '2020-10-14 16:42:58'),
(125, 'Jumlah Produksi Telur Unggas', 25, '0', 0, 0, 0, '2020-10-14 16:42:58', '2020-10-14 16:42:58'),
(126, 'Jumlah Produksi Susu Sapi', 26, '0', 0, 0, 0, '2020-10-14 16:42:58', '2020-10-14 16:42:58'),
(127, 'Jumlah Produksi Perikanan Tangkap', 25, '0', 0, 0, 0, '2020-10-14 16:42:58', '2020-10-14 16:42:58'),
(128, 'Jumlah Nilai Produksi Perikanan Tangkap', 20, '0', 0, 0, 0, '2020-10-14 16:42:58', '2020-10-14 16:42:58'),
(129, 'Jumlah Jenis Penangkapan', 17, '0', 0, 0, 0, '2020-10-14 16:42:58', '2020-10-14 16:42:58'),
(130, 'Jumlah Produksi Perikanan Tangkap di Perairan Umum', 25, '0', 0, 0, 0, '2020-10-14 16:42:58', '2020-10-14 16:42:58'),
(131, 'Jumlah Nilai Produksi Perikanan Tangkap di Perairan Umum', 20, '0', 0, 0, 0, '2020-10-14 16:42:58', '2020-10-14 16:42:58'),
(132, 'Jumlah Produksi Perikanan Budidaya ', 25, '0', 0, 0, 0, '2020-10-14 16:42:58', '2020-10-14 16:42:58'),
(133, 'Jumlah Nilai Produksi Perikanan Budidaya', 20, '0', 0, 0, 0, '2020-10-14 16:42:58', '2020-10-14 16:42:58'),
(134, 'Jumlah Jenis Budidaya', 17, '0', 0, 0, 0, '2020-10-14 16:42:59', '2020-10-14 16:42:59'),
(135, 'Panjang Jalan ', 27, '0', 0, 0, 0, '2020-10-14 16:42:59', '2020-10-14 16:42:59');

-- --------------------------------------------------------

--
-- Struktur dari tabel `bmd_child`
--

CREATE TABLE `bmd_child` (
  `id` int(11) NOT NULL,
  `id_bmd` int(11) NOT NULL,
  `bmd_description` varchar(255) NOT NULL,
  `satuan_id` int(11) NOT NULL,
  `value` varchar(255) NOT NULL,
  `type_user` int(11) NOT NULL,
  `validate` tinyint(4) NOT NULL,
  `validate_final` tinyint(4) NOT NULL,
  `created_at` timestamp NULL DEFAULT NULL,
  `updated_at` timestamp NULL DEFAULT NULL
) ENGINE=InnoDB DEFAULT CHARSET=latin1 ROW_FORMAT=DYNAMIC;

--
-- Dumping data untuk tabel `bmd_child`
--

INSERT INTO `bmd_child` (`id`, `id_bmd`, `bmd_description`, `satuan_id`, `value`, `type_user`, `validate`, `validate_final`, `created_at`, `updated_at`) VALUES
(2, 1, 'Barang A', 2, '0', 0, 0, 0, '2020-12-16 23:34:18', '2020-12-16 23:34:18');

-- --------------------------------------------------------

--
-- Struktur dari tabel `bmd_trans`
--

CREATE TABLE `bmd_trans` (
  `id` int(11) NOT NULL,
  `user_id` int(11) NOT NULL,
  `id_bmd` int(11) NOT NULL,
  `id_bmd_child` int(11) NOT NULL,
  `id_kec` int(11) DEFAULT NULL,
  `id_kel` int(11) DEFAULT NULL,
  `id_tahun` int(11) NOT NULL,
  `tgl_pengisian` timestamp NULL DEFAULT NULL,
  `value` varchar(255) NOT NULL,
  `check_active` tinyint(4) NOT NULL,
  `status` varchar(255) NOT NULL,
  `created_at` timestamp NULL DEFAULT NULL,
  `updated_at` timestamp NULL DEFAULT NULL
) ENGINE=InnoDB DEFAULT CHARSET=latin1 ROW_FORMAT=DYNAMIC;

--
-- Dumping data untuk tabel `bmd_trans`
--

INSERT INTO `bmd_trans` (`id`, `user_id`, `id_bmd`, `id_bmd_child`, `id_kec`, `id_kel`, `id_tahun`, `tgl_pengisian`, `value`, `check_active`, `status`, `created_at`, `updated_at`) VALUES
(1, 4, 1, 1, NULL, NULL, 3, '2020-11-19 03:43:45', '', 1, 'aktif', '2020-11-19 03:43:45', '2020-11-19 03:43:45'),
(2, 4, 1, 0, NULL, NULL, 3, '2020-12-16 23:32:40', '', 1, 'aktif', '2020-12-16 23:32:40', '2020-12-16 23:32:40'),
(3, 4, 1, 0, NULL, NULL, 9, '2020-12-16 23:32:40', '', 1, 'aktif', '2020-12-16 23:32:40', '2020-12-16 23:32:40'),
(4, 4, 1, 2, NULL, NULL, 9, '2020-12-16 23:34:18', '', 1, 'aktif', '2020-12-16 23:34:18', '2020-12-16 23:34:18');

-- --------------------------------------------------------

--
-- Struktur dari tabel `bps`
--

CREATE TABLE `bps` (
  `id` int(11) NOT NULL,
  `bps_category_id` int(11) NOT NULL,
  `bps_subject_id` int(11) NOT NULL,
  `variable` varchar(100) DEFAULT NULL,
  `note` varchar(100) DEFAULT NULL,
  `variable_detail` varchar(100) DEFAULT NULL,
  `value` varchar(100) DEFAULT NULL
) ENGINE=InnoDB DEFAULT CHARSET=utf8mb4 ROW_FORMAT=DYNAMIC;

-- --------------------------------------------------------

--
-- Struktur dari tabel `bps_categories`
--

CREATE TABLE `bps_categories` (
  `id` int(11) NOT NULL,
  `category` varchar(100) DEFAULT NULL
) ENGINE=InnoDB DEFAULT CHARSET=utf8mb4 ROW_FORMAT=DYNAMIC;

-- --------------------------------------------------------

--
-- Struktur dari tabel `bps_subjects`
--

CREATE TABLE `bps_subjects` (
  `id` int(11) NOT NULL,
  `category_id` int(11) NOT NULL,
  `subject` varchar(100) DEFAULT NULL
) ENGINE=InnoDB DEFAULT CHARSET=utf8mb4 ROW_FORMAT=DYNAMIC;

-- --------------------------------------------------------

--
-- Struktur dari tabel `business`
--

CREATE TABLE `business` (
  `id` int(11) NOT NULL,
  `check_sub` tinyint(4) NOT NULL,
  `unit_id` int(11) DEFAULT NULL,
  `role` varchar(255) NOT NULL,
  `business_name` varchar(100) DEFAULT NULL,
  `active` tinyint(4) NOT NULL DEFAULT '0',
  `created_at` timestamp NULL DEFAULT NULL,
  `updated_at` timestamp NULL DEFAULT NULL
) ENGINE=InnoDB DEFAULT CHARSET=utf8mb4 ROW_FORMAT=DYNAMIC;

--
-- Dumping data untuk tabel `business`
--

INSERT INTO `business` (`id`, `check_sub`, `unit_id`, `role`, `business_name`, `active`, `created_at`, `updated_at`) VALUES
(1, 1, NULL, '', 'Pendidikan', 0, NULL, '2020-08-27 20:42:06'),
(2, 1, NULL, '', 'Kesehatan', 0, NULL, '2020-08-27 20:42:22'),
(3, 0, 3, 'Kecamatan', 'Pekerjaan Umum dan Penataan Ruang', 0, '2020-08-27 20:37:03', '2020-11-23 10:58:19'),
(4, 0, NULL, '', 'Perumahan Rakyat dan Kawasan Pemukiman', 0, '2020-08-27 20:37:36', '2020-08-27 20:37:36'),
(5, 0, NULL, '', 'Ketentraman dan Ketertiban Umum serta Perlindungan Masyarakat', 0, '2020-08-27 20:37:36', '2020-08-27 20:44:57'),
(6, 0, NULL, '', 'Sosial', 0, '2020-09-08 14:09:56', '2020-09-08 14:09:56'),
(7, 0, NULL, '', 'Tenaga Kerja', 0, '2020-09-08 14:09:56', '2020-09-08 14:09:56'),
(8, 0, NULL, '', 'Pemberdayaan Perempuan dan Perlindungan Anak', 0, '2020-09-08 17:31:36', '2020-09-08 17:31:36'),
(9, 0, NULL, '', 'Pangan', 0, '2020-09-08 17:31:36', '2020-09-08 17:31:36'),
(10, 0, 4, 'Kecamatan', 'SDS', 0, '2020-11-19 07:15:20', '2020-11-19 09:03:25'),
(11, 0, 0, '', 'Sekolah', 0, '2020-11-19 08:06:13', '2020-11-19 08:06:13'),
(12, 0, 2, 'Kelurahan', 'Urusan Kelurahan', 0, '2020-11-23 08:48:15', '2020-11-23 08:48:15'),
(13, 0, 2, 'Kelurahan', 'Urusan Kelurahan', 0, '2020-11-23 08:50:42', '2020-11-23 08:50:42'),
(14, 0, 2, 'Kelurahan', 'Urusan Kelurahan', 0, '2020-11-23 08:51:31', '2020-11-23 08:51:31'),
(15, 1, 0, 'Kelurahan', 'Urusan Kelurahan 3444', 0, '2020-11-25 01:34:30', '2020-11-25 01:34:30');

-- --------------------------------------------------------

--
-- Struktur dari tabel `data_supports`
--

CREATE TABLE `data_supports` (
  `id` int(11) NOT NULL,
  `data_description` varchar(100) DEFAULT NULL,
  `unit_id` int(11) NOT NULL,
  `value` varchar(100) DEFAULT NULL,
  `type_user` int(11) NOT NULL,
  `validate` tinyint(4) NOT NULL DEFAULT '0',
  `validate_final` tinyint(4) NOT NULL DEFAULT '0',
  `created_at` timestamp NULL DEFAULT NULL,
  `updated_at` timestamp NULL DEFAULT NULL
) ENGINE=InnoDB DEFAULT CHARSET=utf8mb4 ROW_FORMAT=DYNAMIC;

--
-- Dumping data untuk tabel `data_supports`
--

INSERT INTO `data_supports` (`id`, `data_description`, `unit_id`, `value`, `type_user`, `validate`, `validate_final`, `created_at`, `updated_at`) VALUES
(1, 'Jumlah kebutuhan alat kesehatan', 2, '0', 0, 0, 0, '2020-09-18 11:26:40', '2020-09-18 11:27:07'),
(4, 'Luas Daerah', 3, '0', 0, 0, 0, '2020-10-13 16:48:56', '2020-10-13 16:48:56'),
(5, 'Jumlah Pulau', 4, '0', 0, 0, 0, '2020-10-13 16:48:56', '2020-10-13 16:48:56'),
(6, 'Tinggi Wilayah', 5, '0', 0, 0, 0, '2020-10-13 16:48:56', '2020-10-13 16:48:56'),
(7, 'Jarak ke Ibukota', 1, '0', 0, 0, 0, '2020-10-13 16:48:56', '2020-10-13 16:48:56'),
(8, 'Pengamatan Unsur Iklim di Stasiun Pengamatan Badan Meteorologi Klimatologi dan Geofisika (BMKG)', 6, '0', 0, 0, 0, '2020-10-13 16:48:56', '2020-10-13 16:48:56'),
(9, 'Prakiraan Cuaca harian', 6, '0', 0, 0, 0, '2020-10-13 16:48:56', '2020-10-13 16:48:56'),
(10, 'Prakiraan Cuaca mingguan', 6, '0', 0, 0, 0, '2020-10-13 16:48:56', '2020-10-13 16:48:56'),
(11, 'Cuaca penerbangan', 6, '0', 0, 0, 0, '2020-10-13 16:48:56', '2020-10-13 16:48:56'),
(12, 'Cuaca maritim', 6, '0', 0, 0, 0, '2020-10-13 16:48:56', '2020-10-13 16:48:56'),
(13, 'Peringatan dini', 6, '0', 0, 0, 0, '2020-10-13 16:48:56', '2020-10-13 16:48:56'),
(14, 'Perubahan Iklim', 6, '0', 0, 0, 0, '2020-10-13 16:48:56', '2020-10-13 16:48:56'),
(15, 'Prakiraan Iklim', 6, '0', 0, 0, 0, '2020-10-13 16:48:56', '2020-10-13 16:48:56'),
(16, 'Kualitas udara', 6, '0', 0, 0, 0, '2020-10-13 16:48:56', '2020-10-13 16:48:56'),
(17, 'Gempa bumi', 6, '0', 0, 0, 0, '2020-10-13 16:48:56', '2020-10-13 16:48:56'),
(18, 'Tsunami', 6, '0', 0, 0, 0, '2020-10-13 16:48:56', '2020-10-13 16:48:56'),
(19, 'Jumlah Pegawai Negeri Sipil', 7, '0', 0, 0, 0, '2020-10-13 16:48:56', '2020-10-13 16:48:56'),
(20, 'Jumlah Pegawai Negeri Sipil Menurut Jenis Kelamin', 7, '0', 0, 0, 0, '2020-10-13 16:48:56', '2020-10-13 16:48:56'),
(21, 'Jumlah Pegawai Negeri Sipil berjenis kelamin Laki-laki', 7, '0', 0, 0, 0, '2020-10-13 16:48:56', '2020-10-13 16:48:56'),
(22, 'Jumlah Pegawai Negeri Sipil berjenis kelamin Perempuan', 7, '0', 0, 0, 0, '2020-10-13 16:48:56', '2020-10-13 16:48:56'),
(23, 'Jumlah Pegawai Negeri Sipil Menurut Jabatan ', 7, '0', 0, 0, 0, '2020-10-13 16:48:56', '2020-10-13 16:48:56'),
(24, 'Jumlah Pegawai Negeri Sipil dengan Jabatan sebagai Fungsional Umum ', 7, '0', 0, 0, 0, '2020-10-13 16:48:56', '2020-10-13 16:48:56'),
(25, 'Jumlah Pegawai Negeri Sipil dengan Jabatan sebagai Fungsional Tertentu', 7, '0', 0, 0, 0, '2020-10-13 16:48:56', '2020-10-13 16:48:56'),
(26, 'Jumlah Pegawai Negeri Sipil dengan Jabatan Struktural Eselon IV', 7, '0', 0, 0, 0, '2020-10-13 16:48:56', '2020-10-13 16:48:56'),
(27, 'Jumlah Pegawai Negeri Sipil dengan Jabatan Struktural Eselon III', 7, '0', 0, 0, 0, '2020-10-13 16:48:56', '2020-10-13 16:48:56'),
(28, 'Jumlah Pegawai Negeri Sipil dengan Jabatan Struktural Eselon II', 7, '0', 0, 0, 0, '2020-10-13 16:48:56', '2020-10-13 16:48:56'),
(29, 'Jumlah Pegawai Negeri Sipil dengan Jabatan Struktural Eselon I', 7, '0', 0, 0, 0, '2020-10-13 16:48:56', '2020-10-13 16:48:56'),
(30, 'Jumlah Pegawai Negeri Sipil Menurut Tingkat Pendidikan ', 7, '0', 0, 0, 0, '2020-10-13 16:48:56', '2020-10-13 16:48:56'),
(31, 'Jumlah Pegawai Negeri Sipil berpendidikan terakhir SD/MI/Sederajat', 7, '0', 0, 0, 0, '2020-10-13 16:48:56', '2020-10-13 16:48:56'),
(32, 'Jumlah Pegawai Negeri Sipil berpendidikan terakhir SMP/MTs/Sederajat', 7, '0', 0, 0, 0, '2020-10-13 16:48:56', '2020-10-13 16:48:56'),
(33, 'Jumlah Pegawai Negeri Sipil berpendidikan terakhir SMA/SMK/MA/Sederajat', 7, '0', 0, 0, 0, '2020-10-13 16:48:56', '2020-10-13 16:48:56'),
(34, 'Jumlah Pegawai Negeri Sipil berpendidikan terakhir D.III', 7, '0', 0, 0, 0, '2020-10-13 16:48:56', '2020-10-13 16:48:56'),
(35, 'Jumlah Pegawai Negeri Sipil berpendidikan terakhir Strata-1/D.IV', 7, '0', 0, 0, 0, '2020-10-13 16:48:56', '2020-10-13 16:48:56'),
(36, 'Jumlah Pegawai Negeri Sipil berpendidikan terakhir Strata-2', 7, '0', 0, 0, 0, '2020-10-13 16:48:56', '2020-10-13 16:48:56'),
(37, 'Jumlah Pegawai Negeri Sipil berpendidikan terakhir Strata-3', 7, '0', 0, 0, 0, '2020-10-13 16:48:56', '2020-10-13 16:48:56'),
(38, 'Jumlah Pegawai Negeri Sipil Menurut Tingkat Kepangkatan', 7, '0', 0, 0, 0, '2020-10-13 16:48:56', '2020-10-13 16:48:56'),
(39, 'Jumlah Pegawai Negeri Sipil dengan Tingkat Kepangkatan Juru Muda', 7, '0', 0, 0, 0, '2020-10-13 16:48:56', '2020-10-13 16:48:56'),
(40, 'Jumlah Pegawai Negeri Sipil dengan Tingkat Kepangkatan Juru Muda Tingkat I', 7, '0', 0, 0, 0, '2020-10-13 16:48:56', '2020-10-13 16:48:56'),
(41, 'Jumlah Pegawai Negeri Sipil dengan Tingkat Kepangkatan Juru ', 7, '0', 0, 0, 0, '2020-10-13 16:48:56', '2020-10-13 16:48:56'),
(42, 'Jumlah Pegawai Negeri Sipil dengan Tingkat Kepangkatan Juru Tingkat I', 7, '0', 0, 0, 0, '2020-10-13 16:48:56', '2020-10-13 16:48:56'),
(43, 'Jumlah Pegawai Negeri Sipil dengan Tingkat Kepangkatan Pengatur Muda', 7, '0', 0, 0, 0, '2020-10-13 16:48:56', '2020-10-13 16:48:56'),
(44, 'Jumlah Pegawai Negeri Sipil dengan Tingkat Kepangkatan Pengatur Muda Tingkat I', 7, '0', 0, 0, 0, '2020-10-13 16:48:57', '2020-10-13 16:48:57'),
(45, 'Jumlah Pegawai Negeri Sipil dengan Tingkat Kepangkatan Pengatur ', 7, '0', 0, 0, 0, '2020-10-13 16:48:57', '2020-10-13 16:48:57'),
(46, 'Jumlah Pegawai Negeri Sipil dengan Tingkat Kepangkatan Pengatur Tingkat I', 7, '0', 0, 0, 0, '2020-10-13 16:48:57', '2020-10-13 16:48:57'),
(47, 'Jumlah Pegawai Negeri Sipil dengan Tingkat Kepangkatan Penata Muda', 7, '0', 0, 0, 0, '2020-10-13 16:48:57', '2020-10-13 16:48:57'),
(48, 'Jumlah Pegawai Negeri Sipil dengan Tingkat Kepangkatan Penata Muda Tingkat I', 7, '0', 0, 0, 0, '2020-10-13 16:48:57', '2020-10-13 16:48:57'),
(49, 'Jumlah Pegawai Negeri Sipil dengan Tingkat Kepangkatan Penata', 7, '0', 0, 0, 0, '2020-10-13 16:48:57', '2020-10-13 16:48:57'),
(50, 'Jumlah Pegawai Negeri Sipil dengan Tingkat Kepangkatan Penata Tingkat I', 7, '0', 0, 0, 0, '2020-10-13 16:48:57', '2020-10-13 16:48:57'),
(51, 'Jumlah Pegawai Negeri Sipil dengan Tingkat Kepangkatan Pembina', 7, '0', 0, 0, 0, '2020-10-13 16:48:57', '2020-10-13 16:48:57'),
(52, 'Jumlah Pegawai Negeri Sipil dengan Tingkat Kepangkatan Pembina Tingkat I', 7, '0', 0, 0, 0, '2020-10-13 16:48:57', '2020-10-13 16:48:57'),
(53, 'Jumlah Pegawai Negeri Sipil dengan Tingkat Kepangkatan Pembina Utama Muda', 7, '0', 0, 0, 0, '2020-10-13 16:48:57', '2020-10-13 16:48:57'),
(54, 'Jumlah Pegawai Negeri Sipil dengan Tingkat Kepangkatan Pembina Utama', 7, '0', 0, 0, 0, '2020-10-13 16:48:57', '2020-10-13 16:48:57'),
(55, 'Jumlah Pencari Kerja Terdaftar', 7, '0', 0, 0, 0, '2020-10-13 16:48:57', '2020-10-13 16:48:57'),
(56, 'Jumlah Lowongan Kerja Terdaftar', 8, '0', 0, 0, 0, '2020-10-13 16:48:57', '2020-10-13 16:48:57'),
(57, 'Jumlah Penempatan/Pemenuhan Tenaga Kerja', 9, '0', 0, 0, 0, '2020-10-13 16:48:57', '2020-10-13 16:48:57'),
(58, 'Jumlah Sekolah Taman Kanak-kanak (TK) di bawah Kementerian Pendidikan dan Kebudayaan', 2, '0', 0, 0, 0, '2020-10-13 16:48:57', '2020-10-13 16:48:57'),
(59, 'Jumlah Guru Taman Kanak-kanak (TK) di bawah Kementerian Pendidikan dan Kebudayaan', 7, '0', 0, 0, 0, '2020-10-13 16:48:57', '2020-10-13 16:48:57'),
(60, 'Jumlah Murid Taman Kanak-kanak (TK) di bawah Kementerian Pendidikan dan Kebudayaan', 7, '0', 0, 0, 0, '2020-10-13 16:48:57', '2020-10-13 16:48:57'),
(61, 'Jumlah Sekolah Dasar (SD) di bawah Kementerian Pendidikan dan Kebudayaan', 2, '0', 0, 0, 0, '2020-10-13 16:48:57', '2020-10-13 16:48:57'),
(62, 'Jumlah Guru Sekolah Dasar (SD) di bawah Kementerian Pendidikan dan Kebudayaan', 7, '0', 0, 0, 0, '2020-10-13 16:48:57', '2020-10-13 16:48:57'),
(63, 'Jumlah Murid Sekolah Dasar (SD) di bawah Kementerian Pendidikan dan Kebudayaan', 7, '0', 0, 0, 0, '2020-10-13 16:48:57', '2020-10-13 16:48:57'),
(64, 'Jumlah Sekolah Menengah Pertama (SMP) di bawah Kementerian Pendidikan dan Kebudayaan', 2, '0', 0, 0, 0, '2020-10-13 16:48:57', '2020-10-13 16:48:57'),
(65, 'Jumlah Guru Sekolah Menengah Pertama (SMP) di bawah Kementerian Pendidikan dan Kebudayaan', 7, '0', 0, 0, 0, '2020-10-13 16:48:57', '2020-10-13 16:48:57'),
(66, 'Jumlah Murid Sekolah Menengah Pertama (SMP) di bawah Kementerian Pendidikan dan Kebudayaan', 7, '0', 0, 0, 0, '2020-10-13 16:48:57', '2020-10-13 16:48:57'),
(67, 'Jumlah Sekolah Menengah Atas (SMA) di bawah Kementerian Pendidikan dan Kebudayaan', 2, '0', 0, 0, 0, '2020-10-13 16:48:57', '2020-10-13 16:48:57'),
(68, 'Jumlah Guru Sekolah Menengah Atas (SMA) di bawah Kementerian Pendidikan dan Kebudayaan', 7, '0', 0, 0, 0, '2020-10-13 16:48:57', '2020-10-13 16:48:57'),
(69, 'Jumlah Murid Sekolah Menengah Atas (SMA) di bawah Kementerian Pendidikan dan Kebudayaan', 7, '0', 0, 0, 0, '2020-10-13 16:48:57', '2020-10-13 16:48:57'),
(70, 'Jumlah Sekolah Raudatul Athfal (RA) di bawah Kementerian Agama ', 2, '0', 0, 0, 0, '2020-10-13 16:48:57', '2020-10-13 16:48:57'),
(71, 'Jumlah Guru Raudatul Athfal (RA) di bawah Kementerian Agama', 7, '0', 0, 0, 0, '2020-10-13 16:48:57', '2020-10-13 16:48:57'),
(72, 'Jumlah Murid Raudatul Athfal (RA) di bawah Kementerian Agama', 7, '0', 0, 0, 0, '2020-10-13 16:48:57', '2020-10-13 16:48:57'),
(73, 'Jumlah Sekolah Madrasah Ibtidaiyah (MI) di bawah Kementerian Agama', 2, '0', 0, 0, 0, '2020-10-13 16:48:57', '2020-10-13 16:48:57'),
(74, 'Jumlah Guru Madrasah Ibtidaiyah (MI) di bawah Kementerian Agama', 7, '0', 0, 0, 0, '2020-10-13 16:48:57', '2020-10-13 16:48:57'),
(75, 'Jumlah Murid Madrasah Ibtidaiyah (MI) di bawah Kementerian Agama', 7, '0', 0, 0, 0, '2020-10-13 16:48:57', '2020-10-13 16:48:57'),
(76, 'Jumlah Sekolah Madrasah Tsanawiyah (MTs) di bawah Kementerian Agama', 2, '0', 0, 0, 0, '2020-10-13 16:48:57', '2020-10-13 16:48:57'),
(77, 'Jumlah Guru Madrasah Tsanawiyah (MTs) di bawah Kementerian Agama', 7, '0', 0, 0, 0, '2020-10-13 16:48:57', '2020-10-13 16:48:57'),
(78, 'Jumlah Murid Madrasah Tsanawiyah (MTs) di bawah Kementerian Agama', 7, '0', 0, 0, 0, '2020-10-13 16:48:57', '2020-10-13 16:48:57'),
(79, 'Jumlah Sekolah Madrasah Aliyah (MA) di bawah Kementerian Agama', 2, '0', 0, 0, 0, '2020-10-13 16:48:58', '2020-10-13 16:48:58'),
(80, 'Jumlah Guru Madrasah Aliyah (MA) di bawah Kementerian Agama', 7, '0', 0, 0, 0, '2020-10-13 16:48:58', '2020-10-13 16:48:58'),
(81, 'Jumlah Murid Madrasah Aliyah (MA) di bawah Kementerian Agama', 7, '0', 0, 0, 0, '2020-10-13 16:48:58', '2020-10-13 16:48:58'),
(82, 'Jumlah Perguruan Tinggi Negeri di bawah Kementerian Agama', 10, '0', 0, 0, 0, '2020-10-13 16:48:58', '2020-10-13 16:48:58'),
(83, 'Jumlah Perguruan Tinggi Swasta di bawah Kementerian Agama', 10, '0', 0, 0, 0, '2020-10-13 16:48:58', '2020-10-13 16:48:58'),
(84, 'Jumlah Mahasiswa di bawah Kementerian Agama', 7, '0', 0, 0, 0, '2020-10-13 16:48:58', '2020-10-13 16:48:58'),
(85, 'Jumlah Tenaga Edukatif Negeri di bawah Kementerian Agama', 7, '0', 0, 0, 0, '2020-10-13 16:48:58', '2020-10-13 16:48:58'),
(86, 'Jumlah Tenaga Edukatif Swasta di bawah Kementerian Agama', 7, '0', 0, 0, 0, '2020-10-13 16:48:58', '2020-10-13 16:48:58'),
(87, 'Jumlah Jemaah Haji yang diberangkatkan ke Tanah Suci Mekah', 7, '0', 0, 0, 0, '2020-10-13 16:48:58', '2020-10-13 16:48:58'),
(88, 'Jumlah Nikah', 11, '0', 0, 0, 0, '2020-10-13 16:48:58', '2020-10-13 16:48:58'),
(89, 'Jumlah Talak', 12, '0', 0, 0, 0, '2020-10-13 16:48:58', '2020-10-13 16:48:58'),
(90, 'Jumlah Cerai', 13, '0', 0, 0, 0, '2020-10-13 16:48:58', '2020-10-13 16:48:58'),
(91, 'Jumlah Rujuk', 14, '0', 0, 0, 0, '2020-10-13 16:48:58', '2020-10-13 16:48:58'),
(92, 'Jumlah Perguruan Tinggi Negeri di bawah Kementerian Riset, Teknologi dan Pendidikan Tinggi', 10, '0', 0, 0, 0, '2020-10-13 16:48:58', '2020-10-13 16:48:58'),
(93, 'Jumlah Perguruan Tinggi Swasta di bawah Kementerian Riset, Teknologi dan Pendidikan Tinggi', 10, '0', 0, 0, 0, '2020-10-13 16:48:58', '2020-10-13 16:48:58'),
(94, 'Jumlah Mahasiswa di bawah Kementerian Riset, Teknologi dan Pendidikan Tinggi', 7, '0', 0, 0, 0, '2020-10-13 16:48:58', '2020-10-13 16:48:58'),
(95, 'Jumlah Tenaga Edukatif Negeri di bawah Kementerian Riset, Teknologi dan Pendidikan Tinggi', 7, '0', 0, 0, 0, '2020-10-13 16:48:58', '2020-10-13 16:48:58'),
(96, 'Jumlah Tenaga Edukatif Swasta di bawah Kementerian Riset, Teknologi dan Pendidikan Tinggi', 7, '0', 0, 0, 0, '2020-10-13 16:48:58', '2020-10-13 16:48:58'),
(97, 'Jumlah Tenaga Kesehatan', 7, '0', 0, 0, 0, '2020-10-13 16:48:58', '2020-10-13 16:48:58'),
(98, 'Jumlah Kasus Penyakit ', 15, '0', 0, 0, 0, '2020-10-13 16:48:58', '2020-10-13 16:48:58'),
(99, 'Jumlah Rumah Sakit Umum', 2, '0', 0, 0, 0, '2020-10-13 16:48:58', '2020-10-13 16:48:58'),
(100, 'Jumlah Rumah Sakit Khusus', 2, '0', 0, 0, 0, '2020-10-13 16:48:58', '2020-10-13 16:48:58'),
(101, 'Jumlah Rumah Sakit/Rumah Bersalin', 2, '0', 0, 0, 0, '2020-10-13 16:48:58', '2020-10-13 16:48:58'),
(102, 'Jumlah Puskesmas', 2, '0', 0, 0, 0, '2020-10-13 16:48:58', '2020-10-13 16:48:58'),
(103, 'Jumlah Klinik/Balai Kesehatan', 2, '0', 0, 0, 0, '2020-10-13 16:48:58', '2020-10-13 16:48:58'),
(104, 'Jumlah Posyandu', 2, '0', 0, 0, 0, '2020-10-13 16:48:58', '2020-10-13 16:48:58'),
(105, 'Jumlah Polindes', 2, '0', 0, 0, 0, '2020-10-13 16:48:58', '2020-10-13 16:48:58'),
(106, 'Jumlah Kendaraan Bermotor', 2, '0', 0, 0, 0, '2020-10-13 16:48:58', '2020-10-13 16:48:58'),
(107, 'Jumlah Tindak Pidana', 15, '0', 0, 0, 0, '2020-10-13 16:48:58', '2020-10-13 16:48:58'),
(108, 'Jumlah Resiko Penduduk Terjadi Tindak Pidana per 100.000 Penduduk', 9, '0', 0, 0, 0, '2020-10-13 16:48:58', '2020-10-13 16:48:58'),
(109, 'Jumlah Persentase Penyelesaian Tindak Pidana', 9, '0', 0, 0, 0, '2020-10-13 16:48:58', '2020-10-13 16:48:58'),
(110, 'Jumlah Selang Waktu Terjadinya Tindak Pidana', 16, '0', 0, 0, 0, '2020-10-13 16:48:58', '2020-10-13 16:48:58'),
(111, 'Jumlah Perceraian Menurut Faktor', 13, '0', 0, 0, 0, '2020-10-13 16:48:59', '2020-10-13 16:48:59'),
(112, 'Jumlah Kejadiaan Bencana Alam', 17, '0', 0, 0, 0, '2020-10-13 16:48:59', '2020-10-13 16:48:59'),
(113, 'Jumlah Korban Manusia yang diakibatkan Bencana Alam', 18, '0', 0, 0, 0, '2020-10-13 16:48:59', '2020-10-13 16:48:59'),
(114, 'Jumlah Kerusakan Rumah yang diakibatkan Bencana Alam', 2, '0', 0, 0, 0, '2020-10-13 16:48:59', '2020-10-13 16:48:59'),
(115, 'Jumlah Penerima Bantuan (Kepala Keluarga)', 19, '0', 0, 0, 0, '2020-10-13 16:48:59', '2020-10-13 16:48:59'),
(116, 'Jumlah Anggaran Bantuan Sosial Pangan', 20, '0', 0, 0, 0, '2020-10-13 16:48:59', '2020-10-13 16:48:59'),
(117, 'Luas Kawasan Hutan', 21, '0', 0, 0, 0, '2020-10-13 16:48:59', '2020-10-13 16:48:59'),
(118, 'Luas Kawasan Perairan', 22, '0', 0, 0, 0, '2020-10-13 16:48:59', '2020-10-13 16:48:59'),
(119, 'Jumlah Produksi Kayu Hutan Menurut Jenis Produksi', 23, '0', 0, 0, 0, '2020-10-13 16:48:59', '2020-10-13 16:48:59'),
(120, 'Jumlah Populasi Ternak', 24, '0', 0, 0, 0, '2020-10-13 16:48:59', '2020-10-13 16:48:59'),
(121, 'Jumlah Populasi Unggas', 24, '0', 0, 0, 0, '2020-10-13 16:48:59', '2020-10-13 16:48:59'),
(122, 'Jumlah Produksi Daging Ternak', 25, '0', 0, 0, 0, '2020-10-13 16:48:59', '2020-10-13 16:48:59'),
(123, 'Jumlah Produksi Daging Unggas', 25, '0', 0, 0, 0, '2020-10-13 16:48:59', '2020-10-13 16:48:59'),
(124, 'Jumlah Produksi Telur Unggas', 25, '0', 0, 0, 0, '2020-10-13 16:48:59', '2020-10-13 16:48:59'),
(125, 'Jumlah Produksi Susu Sapi', 26, '0', 0, 0, 0, '2020-10-13 16:48:59', '2020-10-13 16:48:59'),
(126, 'Jumlah Produksi Perikanan Tangkap', 25, '0', 0, 0, 0, '2020-10-13 16:48:59', '2020-10-13 16:48:59'),
(127, 'Jumlah Nilai Produksi Perikanan Tangkap', 20, '0', 0, 0, 0, '2020-10-13 16:48:59', '2020-10-13 16:48:59'),
(128, 'Jumlah Jenis Penangkapan', 17, '0', 0, 0, 0, '2020-10-13 16:48:59', '2020-10-13 16:48:59'),
(129, 'Jumlah Produksi Perikanan Tangkap di Perairan Umum', 25, '0', 0, 0, 0, '2020-10-13 16:48:59', '2020-10-13 16:48:59'),
(130, 'Jumlah Nilai Produksi Perikanan Tangkap di Perairan Umum', 20, '0', 0, 0, 0, '2020-10-13 16:48:59', '2020-10-13 16:48:59'),
(131, 'Jumlah Produksi Perikanan Budidaya ', 25, '0', 0, 0, 0, '2020-10-13 16:48:59', '2020-10-13 16:48:59'),
(132, 'Jumlah Nilai Produksi Perikanan Budidaya', 20, '0', 0, 0, 0, '2020-10-13 16:48:59', '2020-10-13 16:48:59'),
(133, 'Jumlah Jenis Budidaya', 17, '0', 0, 0, 0, '2020-10-13 16:48:59', '2020-10-13 16:48:59'),
(134, 'Panjang Jalan ', 27, '0', 0, 0, 1, '2020-10-13 16:48:59', '2020-10-20 11:11:13');

-- --------------------------------------------------------

--
-- Struktur dari tabel `data_supports_trans`
--

CREATE TABLE `data_supports_trans` (
  `id` int(11) NOT NULL,
  `user_id` int(11) NOT NULL,
  `id_data` int(11) NOT NULL,
  `id_data_child` int(11) NOT NULL,
  `id_kec` int(11) DEFAULT NULL,
  `id_kel` int(11) DEFAULT NULL,
  `id_tahun` int(11) NOT NULL,
  `tgl_pengisian` timestamp NULL DEFAULT NULL,
  `value` varchar(255) NOT NULL,
  `check_active` tinyint(4) NOT NULL,
  `status` varchar(255) NOT NULL,
  `created_at` timestamp NULL DEFAULT NULL,
  `updated_at` timestamp NULL DEFAULT NULL
) ENGINE=InnoDB DEFAULT CHARSET=latin1 ROW_FORMAT=DYNAMIC;

--
-- Dumping data untuk tabel `data_supports_trans`
--

INSERT INTO `data_supports_trans` (`id`, `user_id`, `id_data`, `id_data_child`, `id_kec`, `id_kel`, `id_tahun`, `tgl_pengisian`, `value`, `check_active`, `status`, `created_at`, `updated_at`) VALUES
(1, 4, 1, 1, NULL, NULL, 8, '2020-12-10 03:24:29', '', 0, 'aktif', '2020-12-10 03:24:29', '2020-12-17 03:55:53'),
(2, 4, 1, 1, NULL, NULL, 9, '2020-12-17 03:55:53', '', 1, 'aktif', '2020-12-17 03:55:53', '2020-12-17 03:55:53');

-- --------------------------------------------------------

--
-- Struktur dari tabel `data_support_child`
--

CREATE TABLE `data_support_child` (
  `id` int(11) NOT NULL,
  `id_data` int(11) NOT NULL,
  `data_description` varchar(255) NOT NULL,
  `unit_id` int(11) NOT NULL,
  `value` varchar(255) NOT NULL,
  `type_user` int(11) NOT NULL,
  `validate` tinyint(4) NOT NULL,
  `validate_final` tinyint(4) NOT NULL,
  `created_at` timestamp NULL DEFAULT NULL,
  `updated_at` timestamp NULL DEFAULT NULL
) ENGINE=InnoDB DEFAULT CHARSET=latin1 ROW_FORMAT=DYNAMIC;

--
-- Dumping data untuk tabel `data_support_child`
--

INSERT INTO `data_support_child` (`id`, `id_data`, `data_description`, `unit_id`, `value`, `type_user`, `validate`, `validate_final`, `created_at`, `updated_at`) VALUES
(1, 1, 'APD', 2, '0', 0, 0, 0, '2020-12-10 03:24:29', '2020-12-17 03:55:53');

-- --------------------------------------------------------

--
-- Struktur dari tabel `edatabase`
--

CREATE TABLE `edatabase` (
  `id` int(11) NOT NULL,
  `business_id` int(11) NOT NULL,
  `area_id` int(11) NOT NULL,
  `sub_area_id` int(11) NOT NULL,
  `indicator_id` int(11) NOT NULL,
  `sub_indicator_id` int(11) NOT NULL,
  `unit_id` int(11) NOT NULL,
  `value` varchar(100) DEFAULT NULL,
  `validate` tinyint(4) NOT NULL DEFAULT '0',
  `validate_final` tinyint(4) NOT NULL DEFAULT '0',
  `created_at` timestamp NULL DEFAULT NULL,
  `updated_at` timestamp NULL DEFAULT NULL
) ENGINE=InnoDB DEFAULT CHARSET=utf8mb4 ROW_FORMAT=DYNAMIC;

--
-- Dumping data untuk tabel `edatabase`
--

INSERT INTO `edatabase` (`id`, `business_id`, `area_id`, `sub_area_id`, `indicator_id`, `sub_indicator_id`, `unit_id`, `value`, `validate`, `validate_final`, `created_at`, `updated_at`) VALUES
(1, 2, 3, 2, 1, 2, 1, '1200', 0, 0, NULL, '2020-11-23 07:47:59'),
(5, 2, 3, 2, 1, 4, 1, '100', 0, 0, NULL, NULL),
(8, 1, 2, 3, 4, 3, 1, '10000', 0, 0, '2020-11-23 07:23:32', '2020-11-23 07:23:32'),
(13, 1, 2, 3, 5, 7, 4, '2000', 0, 0, '2020-11-24 05:40:20', '2020-11-24 05:40:20'),
(15, 1, 2, 3, 5, 341, 2, '11000', 0, 0, '2020-11-25 05:46:47', '2020-11-25 05:46:47'),
(16, 2, 3, 2, 1, 343, 2, '20000', 0, 0, '2020-11-29 14:02:09', '2020-11-29 14:02:09'),
(17, 2, 3, 2, 1, 365, 4, '9000', 1, 1, '2020-11-29 14:04:52', '2020-12-07 02:14:25'),
(18, 2, 3, 2, 1, 598, 2, '1200', 0, 0, '2020-11-30 07:03:35', '2020-11-30 07:03:35'),
(19, 2, 3, 2, 1, 596, 2, '10000000', 0, 0, '2020-11-30 07:04:29', '2020-11-30 07:04:29'),
(20, 2, 3, 2, 1, 611, 3, '1200000', 0, 0, '2020-11-30 07:09:20', '2020-11-30 07:09:20'),
(21, 2, 3, 2, 1, 595, 2, '123', 0, 0, '2020-12-03 03:43:12', '2020-12-03 03:43:12'),
(22, 2, 3, 2, 1, 344, 2, '123', 0, 0, '2020-12-03 03:49:19', '2020-12-03 03:49:19'),
(23, 2, 3, 2, 1, 625, 3, '1000000', 0, 0, '2020-12-03 03:54:34', '2020-12-03 03:54:34'),
(24, 2, 360, 357, 6, 656, 2, '123000', 0, 0, '2020-12-03 04:29:18', '2020-12-03 04:29:18'),
(27, 1, 361, 358, 7, 926, 4, '1000', 0, 0, '2020-12-04 07:16:50', '2020-12-04 07:16:50');

-- --------------------------------------------------------

--
-- Struktur dari tabel `iku`
--

CREATE TABLE `iku` (
  `id` int(11) NOT NULL,
  `iku_description` varchar(100) DEFAULT NULL,
  `unit_id` int(11) NOT NULL,
  `value` varchar(100) DEFAULT NULL,
  `target` varchar(100) DEFAULT NULL,
  `validate` tinyint(4) NOT NULL DEFAULT '0',
  `validate_final` int(11) NOT NULL DEFAULT '0',
  `created_at` timestamp NULL DEFAULT NULL,
  `updated_at` timestamp NULL DEFAULT NULL
) ENGINE=InnoDB DEFAULT CHARSET=utf8mb4 ROW_FORMAT=DYNAMIC;

--
-- Dumping data untuk tabel `iku`
--

INSERT INTO `iku` (`id`, `iku_description`, `unit_id`, `value`, `target`, `validate`, `validate_final`, `created_at`, `updated_at`) VALUES
(1, 'Rata-rata Lama Sekolah Penduduk Usia 15 Tahun ke Atas', 7, '0', '12345', 0, 0, '2020-09-26 14:59:44', '2020-09-26 15:02:28');

-- --------------------------------------------------------

--
-- Struktur dari tabel `iku_detail`
--

CREATE TABLE `iku_detail` (
  `id` int(11) NOT NULL,
  `iku_id` int(11) NOT NULL,
  `business_id` int(11) NOT NULL,
  `created_at` timestamp NULL DEFAULT NULL,
  `updated_at` timestamp NULL DEFAULT NULL
) ENGINE=InnoDB DEFAULT CHARSET=utf8mb4 ROW_FORMAT=DYNAMIC;

--
-- Dumping data untuk tabel `iku_detail`
--

INSERT INTO `iku_detail` (`id`, `iku_id`, `business_id`, `created_at`, `updated_at`) VALUES
(1, 1, 1, '2020-09-26 14:59:44', '2020-09-26 14:59:44'),
(2, 1, 2, '2020-09-26 15:01:42', '2020-09-26 15:01:42'),
(3, 1, 3, '2020-09-26 15:01:42', '2020-09-26 15:01:42');

-- --------------------------------------------------------

--
-- Struktur dari tabel `indicators`
--

CREATE TABLE `indicators` (
  `id` int(11) NOT NULL,
  `business_id` int(11) NOT NULL,
  `area_id` int(11) NOT NULL,
  `sub_area_id` int(11) NOT NULL,
  `indicator_name` text,
  `unit_id` int(11) NOT NULL,
  `check_sub` tinyint(4) NOT NULL,
  `role` varchar(255) NOT NULL,
  `active` tinyint(4) DEFAULT '0',
  `created_at` timestamp NULL DEFAULT NULL,
  `updated_at` timestamp NULL DEFAULT NULL
) ENGINE=InnoDB DEFAULT CHARSET=utf8mb4 ROW_FORMAT=DYNAMIC;

--
-- Dumping data untuk tabel `indicators`
--

INSERT INTO `indicators` (`id`, `business_id`, `area_id`, `sub_area_id`, `indicator_name`, `unit_id`, `check_sub`, `role`, `active`, `created_at`, `updated_at`) VALUES
(1, 2, 3, 2, 'anannahhshsh', 0, 1, '', 0, '2020-08-28 02:08:45', '2020-08-28 02:45:18'),
(2, 2, 3, 2, 'ggggggggggggggfsss', 0, 0, '', 1, '2020-08-28 02:12:17', '2020-08-28 02:17:10'),
(3, 1, 2, 3, 'nn', 0, 0, '', 1, '2020-08-28 02:55:08', '2020-12-17 00:01:15'),
(4, 1, 2, 3, 'indikator 1', 0, 1, 'Dinas Kesehatan', 1, '2020-10-27 17:47:45', '2020-12-17 00:01:15'),
(5, 1, 2, 3, 'Indikator 123', 0, 1, 'Administrator', 1, '2020-11-23 06:38:25', '2020-12-17 00:01:15'),
(6, 2, 360, 357, 'Data Kesehatan 1', 0, 1, 'Kecamatan', 0, '2020-12-03 04:25:19', '2020-12-03 04:25:19'),
(7, 1, 361, 358, 'SMK', 0, 1, 'Badan Kesatuan Bangsa dan Politik', 0, '2020-12-04 07:13:01', '2020-12-04 07:13:01');

-- --------------------------------------------------------

--
-- Struktur dari tabel `kecamatan`
--

CREATE TABLE `kecamatan` (
  `id` int(11) NOT NULL,
  `nama` varchar(255) NOT NULL,
  `status` tinyint(4) NOT NULL,
  `created_at` timestamp NULL DEFAULT NULL,
  `updated_at` timestamp NULL DEFAULT NULL
) ENGINE=InnoDB DEFAULT CHARSET=latin1 ROW_FORMAT=DYNAMIC;

--
-- Dumping data untuk tabel `kecamatan`
--

INSERT INTO `kecamatan` (`id`, `nama`, `status`, `created_at`, `updated_at`) VALUES
(1, 'Kecamatan Moga', 1, NULL, NULL),
(2, 'Kecamatan Pulosari', 1, NULL, NULL),
(3, 'Kecamatan Belik', 1, NULL, NULL),
(4, 'Kecamatan Watukumpul', 1, NULL, NULL),
(5, 'Kecamatan Bodeh', 1, NULL, NULL),
(6, 'Kecamatan Bantarbolang', 1, NULL, NULL),
(7, 'Kecamatan Randudongkal', 1, NULL, NULL),
(8, 'Kecamatan Pemalang', 1, NULL, NULL),
(9, 'Kecamatan Taman', 1, NULL, NULL),
(10, 'Kecamatan Petarukan', 1, NULL, NULL),
(11, 'Kecamatan Ampelgading', 1, NULL, NULL),
(12, 'Kecamatan Comal', 1, NULL, NULL),
(13, 'Kecamatan Ulujami', 1, NULL, NULL),
(14, 'Kecamatan Warungpring', 1, NULL, NULL);

-- --------------------------------------------------------

--
-- Struktur dari tabel `kelurahan`
--

CREATE TABLE `kelurahan` (
  `id` int(11) NOT NULL,
  `id_kec` int(11) NOT NULL,
  `nama` varchar(255) NOT NULL,
  `status` tinyint(4) NOT NULL,
  `created_at` timestamp NULL DEFAULT NULL,
  `updated_at` timestamp NULL DEFAULT NULL
) ENGINE=InnoDB DEFAULT CHARSET=latin1 ROW_FORMAT=DYNAMIC;

--
-- Dumping data untuk tabel `kelurahan`
--

INSERT INTO `kelurahan` (`id`, `id_kec`, `nama`, `status`, `created_at`, `updated_at`) VALUES
(1, 1, 'Desa Banyumudal', 1, NULL, NULL),
(2, 1, 'Desa Walangsanga', 1, NULL, NULL),
(3, 1, 'Desa Wangkelang', 1, NULL, NULL),
(4, 1, 'Desa Sima', 1, NULL, NULL),
(5, 1, 'Desa Plakaran', 1, NULL, NULL),
(6, 1, 'Desa Pepedan', 1, NULL, NULL),
(7, 1, 'Desa Moga', 1, NULL, NULL),
(8, 1, 'Desa Mandiraja', 1, NULL, NULL),
(9, 1, 'Desa Kebanggan', 1, NULL, NULL),
(10, 1, 'Desa Gendowang', 1, NULL, NULL),
(11, 2, 'Desa Siremeng', 1, NULL, NULL),
(12, 2, 'Desa Pulosari', 1, NULL, NULL),
(13, 2, 'Desa Penakir', 1, NULL, NULL),
(14, 2, 'Desa Pagenteran', 1, NULL, NULL),
(15, 2, 'Desa Nyalembeng', 1, NULL, NULL),
(16, 2, 'Desa Karangsari', 1, NULL, NULL),
(17, 2, 'Desa Jurangmangu', 1, NULL, NULL),
(18, 2, 'Desa Gunungsari', 1, NULL, NULL),
(19, 2, 'Desa Gambuhan', 1, NULL, NULL),
(20, 2, 'Desa Clekatakan', 1, NULL, NULL),
(21, 2, 'Desa Cikendung', 1, NULL, NULL),
(22, 2, 'Desa Batursari', 1, NULL, NULL),
(23, 3, 'Desa Simpur', 1, NULL, NULL),
(24, 3, 'Desa Sikasur', 1, NULL, NULL),
(25, 3, 'Desa Mendelem', 1, NULL, NULL),
(26, 3, 'Desa Kuta', 1, NULL, NULL),
(27, 3, 'Desa Kalisaleh', 1, NULL, NULL),
(28, 3, 'Desa Gunungtiga', 1, NULL, NULL),
(29, 3, 'Desa Gunungjaya', 1, NULL, NULL),
(30, 3, 'Desa Gombong', 1, NULL, NULL),
(31, 3, 'Desa Bulakan', 1, NULL, NULL),
(32, 3, 'Desa Beluk', 1, NULL, NULL),
(33, 3, 'Desa Belik', 1, NULL, NULL),
(34, 3, 'Desa Badak', 1, NULL, NULL),
(35, 4, 'Desa Bodas', 1, NULL, NULL),
(36, 4, 'Desa Wisnu', 1, NULL, NULL),
(37, 4, 'Desa Watukumpul', 1, NULL, NULL),
(38, 4, 'Desa Tundagan', 1, NULL, NULL),
(39, 4, 'Desa Tlagasana', 1, NULL, NULL),
(40, 4, 'Desa Tambi', 1, NULL, NULL),
(41, 4, 'Desa Pagelaran', 1, NULL, NULL),
(42, 4, 'Desa Medayu', 1, NULL, NULL),
(43, 4, 'Desa Majalangu', 1, NULL, NULL),
(44, 4, 'Desa Majakerta', 1, NULL, NULL),
(45, 4, 'Desa Jojogan', 1, NULL, NULL),
(46, 4, 'Desa Gapura', 1, NULL, NULL),
(47, 4, 'Desa Cikadu', 1, NULL, NULL),
(48, 4, 'Desa Cawet', 1, NULL, NULL),
(49, 4, 'Desa Bongas', 1, NULL, NULL),
(50, 5, 'Desa Babakan', 1, NULL, NULL),
(51, 5, 'Desa Bodeh', 1, NULL, NULL),
(52, 5, 'Desa Cangak', 1, NULL, NULL),
(53, 5, 'Desa Gunungbatu', 1, NULL, NULL),
(54, 5, 'Desa Jatingarang', 1, NULL, NULL),
(55, 5, 'Desa Jatiroyom', 1, NULL, NULL),
(56, 5, 'Desa Jraganan', 1, NULL, NULL),
(57, 5, 'Desa Karangbrai', 1, NULL, NULL),
(58, 5, 'Desa Kebandaran', 1, NULL, NULL),
(59, 5, 'Desa Kebandungan', 1, NULL, NULL),
(60, 5, 'Desa Kelangdepok', 1, NULL, NULL),
(61, 5, 'Desa Kesesirejo', 1, NULL, NULL),
(62, 5, 'Desa Kwasen', 1, NULL, NULL),
(63, 5, 'Desa Longkeyang', 1, NULL, NULL),
(64, 5, 'Desa Muncang', 1, NULL, NULL),
(65, 5, 'Desa Parunggalih', 1, NULL, NULL),
(66, 5, 'Desa Pasir', 1, NULL, NULL),
(67, 5, 'Desa Payung', 1, NULL, NULL),
(68, 5, 'Desa Pendowo', 1, NULL, NULL),
(69, 6, 'Desa Banjarsari', 1, NULL, NULL),
(70, 6, 'Desa Bantarbolang', 1, NULL, NULL),
(71, 6, 'Desa Glandang', 1, NULL, NULL),
(72, 6, 'Desa Karanganyar', 1, NULL, NULL),
(73, 6, 'Desa Kebon Gede', 1, NULL, NULL),
(74, 6, 'Desa Kuta', 1, NULL, NULL),
(75, 6, 'Desa Lenggerong', 1, NULL, NULL),
(76, 6, 'Desa Pabuaran', 1, NULL, NULL),
(77, 6, 'Desa Paguyangan', 1, NULL, NULL),
(78, 6, 'Desa Pedagung', 1, NULL, NULL),
(79, 6, 'Desa Pegiringan', 1, NULL, NULL),
(80, 6, 'Desa Purana', 1, NULL, NULL),
(81, 6, 'Desa Sambeng', 1, NULL, NULL),
(82, 6, 'Desa Sarwodadi', 1, NULL, NULL),
(83, 6, 'Desa Sumurkidang', 1, NULL, NULL),
(84, 6, 'Desa Suru', 1, NULL, NULL),
(85, 6, 'Desa Wanarata', 1, NULL, NULL),
(86, 7, 'Desa Banjaranyar', 1, NULL, NULL),
(87, 7, 'Desa Gembyang', 1, NULL, NULL),
(88, 7, 'Desa Gongseng', 1, NULL, NULL),
(89, 7, 'Desa Kalimas', 1, NULL, NULL),
(90, 7, 'Desa Kalitorong', 1, NULL, NULL),
(91, 7, 'Desa Karangmoncol', 1, NULL, NULL),
(92, 7, 'Desa Kecepit', 1, NULL, NULL),
(93, 7, 'Desa Kejene', 1, NULL, NULL),
(94, 7, 'Desa Kreyo', 1, NULL, NULL),
(95, 7, 'Desa Lodaya', 1, NULL, NULL),
(96, 7, 'Desa Mangli', 1, NULL, NULL),
(97, 7, 'Desa Mejagong', 1, NULL, NULL),
(98, 7, 'Desa Penusupan', 1, NULL, NULL),
(99, 7, 'Desa Randudongkal', 1, NULL, NULL),
(100, 7, 'Desa Rembul', 1, NULL, NULL),
(101, 7, 'Desa Semaya', 1, NULL, NULL),
(102, 7, 'Desa Semingkir', 1, NULL, NULL),
(103, 7, 'Desa Tanahbaya', 1, NULL, NULL),
(104, 8, 'Kelurahan Bojongbata', 1, NULL, NULL),
(105, 8, 'Kelurahan Kebondalem', 1, NULL, NULL),
(106, 8, 'Kelurahan Mulyoharjo', 1, NULL, NULL),
(107, 8, 'Kelurahan Paduraksa', 1, NULL, NULL),
(108, 8, 'Kelurahan Pelutan', 1, NULL, NULL),
(109, 8, 'Kelurahan Sugihwaras', 1, NULL, NULL),
(110, 8, 'Kelurahan Widuri', 1, NULL, NULL),
(111, 8, 'Desa Banjarmulya', 1, NULL, NULL),
(112, 8, 'Desa Bojongnangka', 1, NULL, NULL),
(113, 8, 'Desa Danasari', 1, NULL, NULL),
(114, 8, 'Desa Kramat', 1, NULL, NULL),
(115, 8, 'Desa Lawangrejo', 1, NULL, NULL),
(116, 8, 'Desa Mengori', 1, NULL, NULL),
(117, 8, 'Desa Pagongsoran', 1, NULL, NULL),
(118, 8, 'Desa Saradan', 1, NULL, NULL),
(119, 8, 'Desa Sewaka', 1, NULL, NULL),
(120, 8, 'Desa Sungapan', 1, NULL, NULL),
(121, 8, 'Desa Surajaya', 1, NULL, NULL),
(122, 8, 'Desa Tambakrejo', 1, NULL, NULL),
(123, 8, 'Desa Wanamulya', 1, NULL, NULL),
(124, 9, 'Kelurahan Beji', 1, NULL, NULL),
(125, 9, 'Kelurahan Wanarejan Selatan', 1, NULL, NULL),
(126, 9, 'Desa Asemdoyong', 1, NULL, NULL),
(127, 9, 'Desa Banjaran', 1, NULL, NULL),
(128, 9, 'Desa Banjardawa', 1, NULL, NULL),
(129, 9, 'Desa Cibelok', 1, NULL, NULL),
(130, 9, 'Desa Gondang', 1, NULL, NULL),
(131, 9, 'Desa Jebed Selatan', 1, NULL, NULL),
(132, 9, 'Desa Jebed Utara', 1, NULL, NULL),
(133, 9, 'Desa Jrakah', 1, NULL, NULL),
(134, 9, 'Desa Kabunan', 1, NULL, NULL),
(135, 9, 'Desa Kaligelang', 1, NULL, NULL),
(136, 9, 'Desa Kedungbanjar', 1, NULL, NULL),
(137, 9, 'Desa Kejambon', 1, NULL, NULL),
(138, 9, 'Desa Pedurungan', 1, NULL, NULL),
(139, 9, 'Desa Pener', 1, NULL, NULL),
(140, 9, 'Desa Penggarit', 1, NULL, NULL),
(141, 9, 'Desa Sitemu', 1, NULL, NULL),
(142, 9, 'Desa Sokawangi', 1, NULL, NULL),
(143, 9, 'Desa Taman', 1, NULL, NULL),
(144, 9, 'Desa Wanarejan Utara', 1, NULL, NULL),
(145, 10, 'Kelurahan Petarukan', 1, NULL, NULL),
(146, 10, 'Desa Bulu', 1, NULL, NULL),
(147, 10, 'Desa Iser', 1, NULL, NULL),
(148, 10, 'Desa Kalirandu', 1, NULL, NULL),
(149, 10, 'Desa Karangasem', 1, NULL, NULL),
(150, 10, 'Desa Kendaldoyong', 1, NULL, NULL),
(151, 10, 'Desa Kendalrejo', 1, NULL, NULL),
(152, 10, 'Desa Kendalsari', 1, NULL, NULL),
(153, 10, 'Desa Klareyan', 1, NULL, NULL),
(154, 10, 'Desa Loning', 1, NULL, NULL),
(155, 10, 'Desa Nyamplung Sari', 1, NULL, NULL),
(156, 10, 'Desa Panjunan', 1, NULL, NULL),
(157, 10, 'Desa Pegundan', 1, NULL, NULL),
(158, 10, 'Desa Pesucen', 1, NULL, NULL),
(159, 10, 'Desa Petanjungan', 1, NULL, NULL),
(160, 10, 'Desa Serang', 1, NULL, NULL),
(161, 10, 'Desa Sirangkang', 1, NULL, NULL),
(162, 10, 'Desa Tegalmlati', 1, NULL, NULL),
(163, 10, 'Desa Temuireng', 1, NULL, NULL),
(164, 10, 'Desa Widodaren', 1, NULL, NULL),
(165, 11, 'Desa Ampelgading', 1, NULL, NULL),
(166, 11, 'Desa Banglarangan', 1, NULL, NULL),
(167, 11, 'Desa Blimbing', 1, NULL, NULL),
(168, 11, 'Desa Cibiyuk', 1, NULL, NULL),
(169, 11, 'Desa Jatirejo', 1, NULL, NULL),
(170, 11, 'Desa Karangtalok', 1, NULL, NULL),
(171, 11, 'Desa Karangtengah', 1, NULL, NULL),
(172, 11, 'Desa Kebagusan', 1, NULL, NULL),
(173, 11, 'Desa Kemuning', 1, NULL, NULL),
(174, 11, 'Desa Losari', 1, NULL, NULL),
(175, 11, 'Desa Sidokare', 1, NULL, NULL),
(176, 11, 'Desa Sokawati', 1, NULL, NULL),
(177, 11, 'Desa Tegalsari Barat', 1, NULL, NULL),
(178, 11, 'Desa Tegalsari Timur', 1, NULL, NULL),
(179, 11, 'Desa Ujunggede', 1, NULL, NULL),
(180, 11, 'Desa Wonogiri', 1, NULL, NULL),
(181, 12, 'Kelurahan Purwoharjo', 1, NULL, NULL),
(182, 12, 'Desa Ambokulon', 1, NULL, NULL),
(183, 12, 'Desa Gandu', 1, NULL, NULL),
(184, 12, 'Desa Gedeg', 1, NULL, NULL),
(185, 12, 'Desa Gintung', 1, NULL, NULL),
(186, 12, 'Desa Kandang', 1, NULL, NULL),
(187, 12, 'Desa Kauman', 1, NULL, NULL),
(188, 12, 'Desa Kebojongan', 1, NULL, NULL),
(189, 12, 'Desa Klegen', 1, NULL, NULL),
(190, 12, 'Desa Lowa', 1, NULL, NULL),
(191, 12, 'Desa Pecangakan', 1, NULL, NULL),
(192, 12, 'Desa Purwosari', 1, NULL, NULL),
(193, 12, 'Desa Sarwodadi', 1, NULL, NULL),
(194, 12, 'Desa Sidorejo', 1, NULL, NULL),
(195, 12, 'Desa Sikayu', 1, NULL, NULL),
(196, 12, 'Desa Susukan', 1, NULL, NULL),
(197, 12, 'Desa Tumbal', 1, NULL, NULL),
(198, 12, 'Desa Wonokromo', 1, NULL, NULL),
(199, 13, 'Desa Ambowetan', 1, NULL, NULL),
(200, 13, 'Desa Blendung', 1, NULL, NULL),
(201, 13, 'Desa Botekan', 1, NULL, NULL),
(202, 13, 'Desa Bumirejo', 1, NULL, NULL),
(203, 13, 'Desa Kaliprau', 1, NULL, NULL),
(204, 13, 'Desa Kertosari', 1, NULL, NULL),
(205, 13, 'Desa Ketapang', 1, NULL, NULL),
(206, 13, 'Desa Limbangan', 1, NULL, NULL),
(207, 13, 'Desa Mojo', 1, NULL, NULL),
(208, 13, 'Desa Padek', 1, NULL, NULL),
(209, 13, 'Desa Pagergunung', 1, NULL, NULL),
(210, 13, 'Desa Pamutih', 1, NULL, NULL),
(211, 13, 'Desa Pesantren', 1, NULL, NULL),
(212, 13, 'Desa Rowosari', 1, NULL, NULL),
(213, 13, 'Desa Samong', 1, NULL, NULL),
(214, 13, 'Desa Sukorejo', 1, NULL, NULL),
(215, 13, 'Desa Tasikrejo', 1, NULL, NULL),
(216, 13, 'Desa Wiyorowetan', 1, NULL, NULL),
(217, 14, 'Desa Warungpring', 1, NULL, NULL),
(218, 14, 'Desa Pakembaran', 1, NULL, NULL),
(219, 14, 'Desa Mereng', 1, NULL, NULL),
(220, 14, 'Desa Karangdawa', 1, NULL, NULL),
(221, 14, 'Desa Datar', 1, NULL, NULL),
(222, 14, 'Desa Cibuyur', 1, NULL, NULL);

-- --------------------------------------------------------

--
-- Struktur dari tabel `kor`
--

CREATE TABLE `kor` (
  `id` int(11) NOT NULL,
  `kor_name` varchar(100) DEFAULT NULL,
  `unit_id` int(11) NOT NULL,
  `value` varchar(100) DEFAULT NULL,
  `type_user` int(11) NOT NULL,
  `validate` tinyint(4) NOT NULL DEFAULT '0',
  `validate_final` tinyint(4) NOT NULL DEFAULT '0',
  `created_at` timestamp NULL DEFAULT NULL,
  `updated_at` timestamp NULL DEFAULT NULL
) ENGINE=InnoDB DEFAULT CHARSET=utf8mb4 ROW_FORMAT=DYNAMIC;

--
-- Dumping data untuk tabel `kor`
--

INSERT INTO `kor` (`id`, `kor_name`, `unit_id`, `value`, `type_user`, `validate`, `validate_final`, `created_at`, `updated_at`) VALUES
(1, 'Luas Daerah', 3, '0', 1, 0, 0, '2020-10-06 10:04:35', '2020-11-22 03:17:34'),
(2, 'Jumlah Pulau', 4, '0', 0, 0, 0, '2020-10-06 10:04:35', '2020-10-06 10:04:35'),
(3, 'Tinggi Wilayah', 5, '0', 0, 0, 0, '2020-10-06 10:04:35', '2020-10-06 10:04:35'),
(4, 'Jarak ke Ibukota', 1, '0', 0, 0, 0, '2020-10-06 10:04:35', '2020-10-06 10:04:35'),
(5, 'Pengamatan Unsur Iklim di Stasiun Pengamatan Badan Meteorologi Klimatologi dan Geofisika (BMKG)', 6, '0', 0, 0, 0, '2020-10-06 10:04:35', '2020-10-06 10:04:35'),
(6, 'Prakiraan Cuaca harian', 6, '0', 0, 0, 0, '2020-10-06 10:04:35', '2020-10-06 10:04:35'),
(7, 'Prakiraan Cuaca mingguan', 6, '0', 0, 0, 0, '2020-10-06 10:04:35', '2020-10-06 10:04:35'),
(8, 'Cuaca penerbangan', 6, '0', 0, 0, 0, '2020-10-06 10:04:35', '2020-10-06 10:04:35'),
(9, 'Cuaca maritim', 6, '0', 0, 0, 0, '2020-10-06 10:04:35', '2020-10-06 10:04:35'),
(10, 'Peringatan dini', 6, '0', 0, 0, 0, '2020-10-06 10:04:35', '2020-10-06 10:04:35'),
(11, 'Perubahan Iklim', 6, '0', 0, 0, 0, '2020-10-06 10:04:35', '2020-10-06 10:04:35'),
(12, 'Prakiraan Iklim', 6, '0', 0, 0, 0, '2020-10-06 10:04:35', '2020-10-06 10:04:35'),
(13, 'Kualitas udara', 6, '0', 0, 0, 0, '2020-10-06 10:04:35', '2020-10-06 10:04:35'),
(14, 'Gempa bumi', 6, '0', 0, 0, 0, '2020-10-06 10:04:35', '2020-10-06 10:04:35'),
(15, 'Tsunami', 6, '0', 0, 0, 0, '2020-10-06 10:04:35', '2020-10-06 10:04:35'),
(16, 'Jumlah Pegawai Negeri Sipil', 7, '0', 0, 0, 0, '2020-10-06 10:04:35', '2020-10-06 10:04:35'),
(17, 'Jumlah Pegawai Negeri Sipil Menurut Jenis Kelamin', 7, '0', 0, 0, 0, '2020-10-06 10:04:35', '2020-10-06 10:04:35'),
(18, 'Jumlah Pegawai Negeri Sipil berjenis kelamin Laki-laki', 7, '0', 0, 0, 0, '2020-10-06 10:04:35', '2020-10-06 10:04:35'),
(19, 'Jumlah Pegawai Negeri Sipil berjenis kelamin Perempuan', 7, '0', 0, 0, 0, '2020-10-06 10:04:35', '2020-10-06 10:04:35'),
(20, 'Jumlah Pegawai Negeri Sipil Menurut Jabatan ', 7, '0', 0, 0, 0, '2020-10-06 10:04:35', '2020-10-06 10:04:35'),
(21, 'Jumlah Pegawai Negeri Sipil dengan Jabatan sebagai Fungsional Umum ', 7, '0', 0, 0, 0, '2020-10-06 10:04:35', '2020-10-06 10:04:35'),
(22, 'Jumlah Pegawai Negeri Sipil dengan Jabatan sebagai Fungsional Tertentu', 7, '0', 0, 0, 0, '2020-10-06 10:04:35', '2020-10-06 10:04:35'),
(23, 'Jumlah Pegawai Negeri Sipil dengan Jabatan Struktural Eselon IV', 7, '0', 0, 0, 0, '2020-10-06 10:04:35', '2020-10-06 10:04:35'),
(24, 'Jumlah Pegawai Negeri Sipil dengan Jabatan Struktural Eselon III', 7, '0', 0, 0, 0, '2020-10-06 10:04:35', '2020-10-06 10:04:35'),
(25, 'Jumlah Pegawai Negeri Sipil dengan Jabatan Struktural Eselon II', 7, '0', 0, 0, 0, '2020-10-06 10:04:35', '2020-10-06 10:04:35'),
(26, 'Jumlah Pegawai Negeri Sipil dengan Jabatan Struktural Eselon I', 7, '0', 0, 0, 0, '2020-10-06 10:04:35', '2020-10-06 10:04:35'),
(27, 'Jumlah Pegawai Negeri Sipil Menurut Tingkat Pendidikan ', 7, '0', 0, 0, 0, '2020-10-06 10:04:35', '2020-10-06 10:04:35'),
(28, 'Jumlah Pegawai Negeri Sipil berpendidikan terakhir SD/MI/Sederajat', 7, '0', 0, 0, 0, '2020-10-06 10:04:35', '2020-10-06 10:04:35'),
(29, 'Jumlah Pegawai Negeri Sipil berpendidikan terakhir SMP/MTs/Sederajat', 7, '0', 0, 0, 0, '2020-10-06 10:04:35', '2020-10-06 10:04:35'),
(30, 'Jumlah Pegawai Negeri Sipil berpendidikan terakhir SMA/SMK/MA/Sederajat', 7, '0', 0, 0, 0, '2020-10-06 10:04:35', '2020-10-06 10:04:35'),
(31, 'Jumlah Pegawai Negeri Sipil berpendidikan terakhir D.III', 7, '0', 0, 0, 0, '2020-10-06 10:04:35', '2020-10-06 10:04:35'),
(32, 'Jumlah Pegawai Negeri Sipil berpendidikan terakhir Strata-1/D.IV', 7, '0', 0, 0, 0, '2020-10-06 10:04:35', '2020-10-06 10:04:35'),
(33, 'Jumlah Pegawai Negeri Sipil berpendidikan terakhir Strata-2', 7, '0', 0, 0, 0, '2020-10-06 10:04:35', '2020-10-06 10:04:35'),
(34, 'Jumlah Pegawai Negeri Sipil berpendidikan terakhir Strata-3', 7, '0', 0, 0, 0, '2020-10-06 10:04:35', '2020-10-06 10:04:35'),
(35, 'Jumlah Pegawai Negeri Sipil Menurut Tingkat Kepangkatan', 7, '0', 0, 0, 0, '2020-10-06 10:04:35', '2020-10-06 10:04:35'),
(36, 'Jumlah Pegawai Negeri Sipil dengan Tingkat Kepangkatan Juru Muda', 7, '0', 0, 0, 0, '2020-10-06 10:04:35', '2020-10-06 10:04:35'),
(37, 'Jumlah Pegawai Negeri Sipil dengan Tingkat Kepangkatan Juru Muda Tingkat I', 7, '0', 0, 0, 0, '2020-10-06 10:04:35', '2020-10-06 10:04:35'),
(38, 'Jumlah Pegawai Negeri Sipil dengan Tingkat Kepangkatan Juru ', 7, '0', 0, 0, 0, '2020-10-06 10:04:35', '2020-10-06 10:04:35'),
(39, 'Jumlah Pegawai Negeri Sipil dengan Tingkat Kepangkatan Juru Tingkat I', 7, '0', 0, 0, 0, '2020-10-06 10:04:35', '2020-10-06 10:04:35'),
(40, 'Jumlah Pegawai Negeri Sipil dengan Tingkat Kepangkatan Pengatur Muda', 7, '0', 0, 0, 0, '2020-10-06 10:04:35', '2020-10-06 10:04:35'),
(41, 'Jumlah Pegawai Negeri Sipil dengan Tingkat Kepangkatan Pengatur Muda Tingkat I', 7, '0', 0, 0, 0, '2020-10-06 10:04:35', '2020-10-06 10:04:35'),
(42, 'Jumlah Pegawai Negeri Sipil dengan Tingkat Kepangkatan Pengatur ', 7, '0', 0, 0, 0, '2020-10-06 10:04:35', '2020-10-06 10:04:35'),
(43, 'Jumlah Pegawai Negeri Sipil dengan Tingkat Kepangkatan Pengatur Tingkat I', 7, '0', 0, 0, 0, '2020-10-06 10:04:35', '2020-10-06 10:04:35'),
(44, 'Jumlah Pegawai Negeri Sipil dengan Tingkat Kepangkatan Penata Muda', 7, '0', 0, 0, 0, '2020-10-06 10:04:35', '2020-10-06 10:04:35'),
(45, 'Jumlah Pegawai Negeri Sipil dengan Tingkat Kepangkatan Penata Muda Tingkat I', 7, '0', 0, 0, 0, '2020-10-06 10:04:35', '2020-10-06 10:04:35'),
(46, 'Jumlah Pegawai Negeri Sipil dengan Tingkat Kepangkatan Penata', 7, '0', 0, 0, 0, '2020-10-06 10:04:35', '2020-10-06 10:04:35'),
(47, 'Jumlah Pegawai Negeri Sipil dengan Tingkat Kepangkatan Penata Tingkat I', 7, '0', 0, 0, 0, '2020-10-06 10:04:35', '2020-10-06 10:04:35'),
(48, 'Jumlah Pegawai Negeri Sipil dengan Tingkat Kepangkatan Pembina', 7, '0', 0, 0, 0, '2020-10-06 10:04:35', '2020-10-06 10:04:35'),
(49, 'Jumlah Pegawai Negeri Sipil dengan Tingkat Kepangkatan Pembina Tingkat I', 7, '0', 0, 0, 0, '2020-10-06 10:04:35', '2020-10-06 10:04:35'),
(50, 'Jumlah Pegawai Negeri Sipil dengan Tingkat Kepangkatan Pembina Utama Muda', 7, '0', 0, 0, 0, '2020-10-06 10:04:35', '2020-10-06 10:04:35'),
(51, 'Jumlah Pegawai Negeri Sipil dengan Tingkat Kepangkatan Pembina Utama', 7, '0', 0, 0, 0, '2020-10-06 10:04:35', '2020-10-06 10:04:35'),
(52, 'Jumlah Pencari Kerja Terdaftar', 7, '0', 0, 0, 0, '2020-10-06 10:04:35', '2020-10-06 10:04:35'),
(53, 'Jumlah Lowongan Kerja Terdaftar', 8, '0', 0, 0, 0, '2020-10-06 10:04:35', '2020-10-06 10:04:35'),
(54, 'Jumlah Penempatan/Pemenuhan Tenaga Kerja', 9, '0', 0, 0, 0, '2020-10-06 10:04:35', '2020-10-06 10:04:35'),
(55, 'Jumlah Sekolah Taman Kanak-kanak (TK) di bawah Kementerian Pendidikan dan Kebudayaan', 2, '0', 0, 0, 0, '2020-10-06 10:04:35', '2020-10-06 10:04:35'),
(56, 'Jumlah Guru Taman Kanak-kanak (TK) di bawah Kementerian Pendidikan dan Kebudayaan', 7, '0', 0, 0, 0, '2020-10-06 10:04:35', '2020-10-06 10:04:35'),
(57, 'Jumlah Murid Taman Kanak-kanak (TK) di bawah Kementerian Pendidikan dan Kebudayaan', 7, '0', 0, 0, 0, '2020-10-06 10:04:35', '2020-10-06 10:04:35'),
(58, 'Jumlah Sekolah Dasar (SD) di bawah Kementerian Pendidikan dan Kebudayaan', 2, '0', 0, 0, 0, '2020-10-06 10:04:35', '2020-10-06 10:04:35'),
(59, 'Jumlah Guru Sekolah Dasar (SD) di bawah Kementerian Pendidikan dan Kebudayaan', 7, '0', 0, 0, 0, '2020-10-06 10:04:35', '2020-10-06 10:04:35'),
(60, 'Jumlah Murid Sekolah Dasar (SD) di bawah Kementerian Pendidikan dan Kebudayaan', 7, '0', 0, 0, 0, '2020-10-06 10:04:35', '2020-10-06 10:04:35'),
(61, 'Jumlah Sekolah Menengah Pertama (SMP) di bawah Kementerian Pendidikan dan Kebudayaan', 2, '0', 0, 0, 0, '2020-10-06 10:04:35', '2020-10-06 10:04:35'),
(62, 'Jumlah Guru Sekolah Menengah Pertama (SMP) di bawah Kementerian Pendidikan dan Kebudayaan', 7, '0', 0, 0, 0, '2020-10-06 10:04:35', '2020-10-06 10:04:35'),
(63, 'Jumlah Murid Sekolah Menengah Pertama (SMP) di bawah Kementerian Pendidikan dan Kebudayaan', 7, '0', 0, 0, 0, '2020-10-06 10:04:35', '2020-10-06 10:04:35'),
(64, 'Jumlah Sekolah Menengah Atas (SMA) di bawah Kementerian Pendidikan dan Kebudayaan', 2, '0', 0, 0, 0, '2020-10-06 10:04:35', '2020-10-06 10:04:35'),
(65, 'Jumlah Guru Sekolah Menengah Atas (SMA) di bawah Kementerian Pendidikan dan Kebudayaan', 7, '0', 0, 0, 0, '2020-10-06 10:04:35', '2020-10-06 10:04:35'),
(66, 'Jumlah Murid Sekolah Menengah Atas (SMA) di bawah Kementerian Pendidikan dan Kebudayaan', 7, '0', 0, 0, 0, '2020-10-06 10:04:35', '2020-10-06 10:04:35'),
(67, 'Jumlah Sekolah Raudatul Athfal (RA) di bawah Kementerian Agama ', 2, '0', 0, 0, 0, '2020-10-06 10:04:35', '2020-10-06 10:04:35'),
(68, 'Jumlah Guru Raudatul Athfal (RA) di bawah Kementerian Agama', 7, '0', 0, 0, 0, '2020-10-06 10:04:35', '2020-10-06 10:04:35'),
(69, 'Jumlah Murid Raudatul Athfal (RA) di bawah Kementerian Agama', 7, '0', 0, 0, 0, '2020-10-06 10:04:35', '2020-10-06 10:04:35'),
(70, 'Jumlah Sekolah Madrasah Ibtidaiyah (MI) di bawah Kementerian Agama', 2, '0', 0, 0, 0, '2020-10-06 10:04:35', '2020-10-06 10:04:35'),
(71, 'Jumlah Guru Madrasah Ibtidaiyah (MI) di bawah Kementerian Agama', 7, '0', 0, 0, 0, '2020-10-06 10:04:35', '2020-10-06 10:04:35'),
(72, 'Jumlah Murid Madrasah Ibtidaiyah (MI) di bawah Kementerian Agama', 7, '0', 0, 0, 0, '2020-10-06 10:04:35', '2020-10-06 10:04:35'),
(73, 'Jumlah Sekolah Madrasah Tsanawiyah (MTs) di bawah Kementerian Agama', 2, '0', 0, 0, 0, '2020-10-06 10:04:35', '2020-10-06 10:04:35'),
(74, 'Jumlah Guru Madrasah Tsanawiyah (MTs) di bawah Kementerian Agama', 7, '0', 0, 0, 0, '2020-10-06 10:04:35', '2020-10-06 10:04:35'),
(75, 'Jumlah Murid Madrasah Tsanawiyah (MTs) di bawah Kementerian Agama', 7, '0', 0, 0, 0, '2020-10-06 10:04:35', '2020-10-06 10:04:35'),
(76, 'Jumlah Sekolah Madrasah Aliyah (MA) di bawah Kementerian Agama', 2, '0', 0, 0, 0, '2020-10-06 10:04:36', '2020-12-16 23:30:48'),
(77, 'Jumlah Guru Madrasah Aliyah (MA) di bawah Kementerian Agama', 7, '0', 0, 0, 0, '2020-10-06 10:04:36', '2020-10-06 10:04:36'),
(78, 'Jumlah Murid Madrasah Aliyah (MA) di bawah Kementerian Agama', 7, '0', 0, 0, 0, '2020-10-06 10:04:36', '2020-10-06 10:04:36'),
(79, 'Jumlah Perguruan Tinggi Negeri di bawah Kementerian Agama', 10, '0', 0, 0, 0, '2020-10-06 10:04:36', '2020-10-06 10:04:36'),
(80, 'Jumlah Perguruan Tinggi Swasta di bawah Kementerian Agama', 10, '0', 0, 0, 0, '2020-10-06 10:04:36', '2020-10-06 10:04:36'),
(81, 'Jumlah Mahasiswa di bawah Kementerian Agama', 7, '0', 0, 0, 0, '2020-10-06 10:04:36', '2020-10-06 10:04:36'),
(82, 'Jumlah Tenaga Edukatif Negeri di bawah Kementerian Agama', 7, '0', 0, 0, 0, '2020-10-06 10:04:36', '2020-10-06 10:04:36'),
(83, 'Jumlah Tenaga Edukatif Swasta di bawah Kementerian Agama', 7, '0', 0, 0, 0, '2020-10-06 10:04:36', '2020-10-06 10:04:36'),
(84, 'Jumlah Jemaah Haji yang diberangkatkan ke Tanah Suci Mekah', 7, '0', 0, 0, 0, '2020-10-06 10:04:36', '2020-10-06 10:04:36'),
(85, 'Jumlah Nikah', 11, '0', 0, 0, 0, '2020-10-06 10:04:36', '2020-10-06 10:04:36'),
(86, 'Jumlah Talak', 12, '0', 0, 0, 0, '2020-10-06 10:04:36', '2020-10-06 10:04:36'),
(87, 'Jumlah Cerai', 13, '0', 0, 0, 0, '2020-10-06 10:04:36', '2020-10-06 10:04:36'),
(88, 'Jumlah Rujuk', 14, '0', 0, 0, 0, '2020-10-06 10:04:36', '2020-10-06 10:04:36'),
(89, 'Jumlah Perguruan Tinggi Negeri di bawah Kementerian Riset, Teknologi dan Pendidikan Tinggi', 10, '0', 0, 0, 0, '2020-10-06 10:04:36', '2020-10-06 10:04:36'),
(90, 'Jumlah Perguruan Tinggi Swasta di bawah Kementerian Riset, Teknologi dan Pendidikan Tinggi', 10, '0', 0, 0, 0, '2020-10-06 10:04:36', '2020-10-06 10:04:36'),
(91, 'Jumlah Mahasiswa di bawah Kementerian Riset, Teknologi dan Pendidikan Tinggi', 7, '0', 0, 0, 0, '2020-10-06 10:04:36', '2020-12-16 04:52:01'),
(92, 'Jumlah Tenaga Edukatif Negeri di bawah Kementerian Riset, Teknologi dan Pendidikan Tinggi', 7, '0', 0, 0, 0, '2020-10-06 10:04:36', '2020-10-06 10:04:36'),
(93, 'Jumlah Tenaga Edukatif Swasta di bawah Kementerian Riset, Teknologi dan Pendidikan Tinggi', 7, '0', 0, 0, 0, '2020-10-06 10:04:36', '2020-10-06 10:04:36'),
(94, 'Jumlah Tenaga Kesehatan', 7, '0', 0, 0, 0, '2020-10-06 10:04:36', '2020-10-06 10:04:36'),
(95, 'Jumlah Kasus Penyakit ', 15, '0', 0, 0, 0, '2020-10-06 10:04:36', '2020-10-06 10:04:36'),
(96, 'Jumlah Rumah Sakit Umum', 2, '0', 0, 0, 0, '2020-10-06 10:04:36', '2020-10-06 10:04:36'),
(97, 'Jumlah Rumah Sakit Khusus', 2, '0', 0, 0, 0, '2020-10-06 10:04:36', '2020-10-06 10:04:36'),
(98, 'Jumlah Rumah Sakit/Rumah Bersalin', 2, '0', 0, 0, 0, '2020-10-06 10:04:36', '2020-10-06 10:04:36'),
(99, 'Jumlah Puskesmas', 2, '0', 2, 0, 0, '2020-10-06 10:04:36', '2020-12-16 04:46:45'),
(100, 'Jumlah Klinik/Balai Kesehatan', 2, '0', 0, 0, 0, '2020-10-06 10:04:36', '2020-10-06 10:04:36'),
(101, 'Jumlah Posyandu', 2, '0', 2, 0, 0, '2020-10-06 10:04:36', '2020-12-16 23:31:11'),
(102, 'Jumlah Polindes', 2, '0', 0, 0, 0, '2020-10-06 10:04:36', '2020-10-06 10:04:36'),
(103, 'Jumlah Kendaraan Bermotor', 2, '0', 0, 0, 0, '2020-10-06 10:04:36', '2020-10-06 10:04:36'),
(104, 'Jumlah Tindak Pidana', 15, '0', 0, 0, 0, '2020-10-06 10:04:36', '2020-10-06 10:04:36'),
(105, 'Jumlah Resiko Penduduk Terjadi Tindak Pidana per 100.000 Penduduk', 9, '0', 0, 0, 0, '2020-10-06 10:04:36', '2020-10-06 10:04:36'),
(106, 'Jumlah Persentase Penyelesaian Tindak Pidana', 9, '0', 0, 0, 0, '2020-10-06 10:04:36', '2020-10-06 10:04:36'),
(107, 'Jumlah Selang Waktu Terjadinya Tindak Pidana', 16, '0', 0, 0, 0, '2020-10-06 10:04:36', '2020-10-06 10:04:36'),
(108, 'Jumlah Perceraian Menurut Faktor', 13, '0', 0, 0, 0, '2020-10-06 10:04:36', '2020-10-06 10:04:36'),
(109, 'Jumlah Kejadiaan Bencana Alam', 17, '0', 0, 0, 0, '2020-10-06 10:04:36', '2020-10-06 10:04:36'),
(110, 'Jumlah Korban Manusia yang diakibatkan Bencana Alam', 18, '0', 0, 0, 0, '2020-10-06 10:04:36', '2020-10-06 10:04:36'),
(111, 'Jumlah Kerusakan Rumah yang diakibatkan Bencana Alam', 2, '0', 0, 0, 0, '2020-10-06 10:04:36', '2020-10-06 10:04:36'),
(112, 'Jumlah Penerima Bantuan (Kepala Keluarga)', 19, '0', 0, 0, 0, '2020-10-06 10:04:36', '2020-10-06 10:04:36'),
(113, 'Jumlah Anggaran Bantuan Sosial Pangan', 20, '0', 0, 0, 0, '2020-10-06 10:04:36', '2020-10-06 10:04:36'),
(114, 'Luas Kawasan Hutan', 21, '0', 0, 0, 0, '2020-10-06 10:04:36', '2020-10-06 10:04:36'),
(115, 'Luas Kawasan Perairan', 22, '0', 0, 0, 0, '2020-10-06 10:04:36', '2020-10-06 10:04:36'),
(116, 'Jumlah Produksi Kayu Hutan Menurut Jenis Produksi', 23, '0', 0, 0, 0, '2020-10-06 10:04:36', '2020-10-06 10:04:36'),
(117, 'Jumlah Populasi Ternak', 24, '0', 0, 0, 0, '2020-10-06 10:04:36', '2020-10-06 10:04:36'),
(118, 'Jumlah Populasi Unggas', 24, '0', 0, 0, 0, '2020-10-06 10:04:36', '2020-10-06 10:04:36'),
(119, 'Jumlah Produksi Daging Ternak', 25, '0', 0, 0, 0, '2020-10-06 10:04:36', '2020-10-06 10:04:36'),
(120, 'Jumlah Produksi Daging Unggas', 25, '0', 0, 0, 0, '2020-10-06 10:04:36', '2020-10-06 10:04:36'),
(121, 'Jumlah Produksi Telur Unggas', 25, '0', 0, 0, 0, '2020-10-06 10:04:36', '2020-10-06 10:04:36'),
(122, 'Jumlah Produksi Susu Sapi', 26, '0', 0, 0, 0, '2020-10-06 10:04:36', '2020-10-06 10:04:36'),
(123, 'Jumlah Produksi Perikanan Tangkap', 25, '0', 0, 0, 0, '2020-10-06 10:04:36', '2020-10-06 10:04:36'),
(124, 'Jumlah Nilai Produksi Perikanan Tangkap', 20, '0', 0, 0, 0, '2020-10-06 10:04:36', '2020-10-06 10:04:36'),
(125, 'Jumlah Jenis Penangkapan', 17, '0', 0, 0, 0, '2020-10-06 10:04:36', '2020-10-06 10:04:36'),
(126, 'Jumlah Produksi Perikanan Tangkap di Perairan Umum', 25, '0', 0, 0, 0, '2020-10-06 10:04:36', '2020-10-06 10:04:36'),
(127, 'Jumlah Nilai Produksi Perikanan Tangkap di Perairan Umum', 20, '0', 0, 0, 0, '2020-10-06 10:04:36', '2020-10-06 10:04:36'),
(128, 'Jumlah Produksi Perikanan Budidaya ', 25, '0', 0, 0, 0, '2020-10-06 10:04:36', '2020-10-06 10:04:36'),
(129, 'Jumlah Nilai Produksi Perikanan Budidaya', 20, '0', 0, 0, 0, '2020-10-06 10:04:36', '2020-10-06 10:04:36'),
(130, 'Jumlah Jenis Budidaya', 17, '0', 0, 0, 0, '2020-10-06 10:04:36', '2020-10-06 10:04:36'),
(131, 'Panjang Jalan ', 27, '0', 0, 0, 1, '2020-10-06 10:04:36', '2020-10-19 18:19:30');

-- --------------------------------------------------------

--
-- Struktur dari tabel `kor_trans`
--

CREATE TABLE `kor_trans` (
  `id` int(11) NOT NULL,
  `user_id` int(11) NOT NULL,
  `id_kor` int(11) NOT NULL,
  `id_kec` int(11) DEFAULT NULL,
  `id_kel` int(11) DEFAULT NULL,
  `id_tahun` int(11) NOT NULL,
  `tgl_pengisian` timestamp NULL DEFAULT NULL,
  `value` varchar(255) NOT NULL,
  `check_active` tinyint(4) DEFAULT NULL,
  `status` varchar(255) NOT NULL,
  `created_at` timestamp NULL DEFAULT NULL,
  `updated_at` timestamp NULL DEFAULT NULL
) ENGINE=InnoDB DEFAULT CHARSET=latin1 ROW_FORMAT=DYNAMIC;

--
-- Dumping data untuk tabel `kor_trans`
--

INSERT INTO `kor_trans` (`id`, `user_id`, `id_kor`, `id_kec`, `id_kel`, `id_tahun`, `tgl_pengisian`, `value`, `check_active`, `status`, `created_at`, `updated_at`) VALUES
(18, 4, 76, NULL, NULL, 3, NULL, '', 1, 'aktif', '2020-12-16 04:42:51', '2020-12-16 04:42:51'),
(19, 4, 99, NULL, 0, 9, NULL, '', 1, 'non-aktif', '2020-12-16 04:45:04', '2020-12-16 04:48:30'),
(20, 4, 99, 1, NULL, 9, NULL, '', 1, 'non-aktif', '2020-12-16 04:45:04', '2020-12-16 04:48:30'),
(21, 4, 99, 2, NULL, 9, NULL, '', 1, 'aktif', '2020-12-16 04:45:04', '2020-12-16 04:45:04'),
(22, 4, 99, 3, NULL, 9, NULL, '', 1, 'aktif', '2020-12-16 04:45:04', '2020-12-16 04:45:04'),
(23, 4, 99, 4, NULL, 9, NULL, '', 1, 'aktif', '2020-12-16 04:45:04', '2020-12-16 04:45:04'),
(24, 4, 99, 5, NULL, 9, NULL, '', 1, 'aktif', '2020-12-16 04:45:04', '2020-12-16 04:45:04'),
(25, 4, 99, 6, NULL, 9, NULL, '', 1, 'aktif', '2020-12-16 04:45:04', '2020-12-16 04:45:04'),
(26, 4, 99, 7, NULL, 9, NULL, '', 1, 'aktif', '2020-12-16 04:45:04', '2020-12-16 04:45:04'),
(27, 4, 99, 8, NULL, 9, NULL, '', 1, 'aktif', '2020-12-16 04:45:04', '2020-12-16 04:45:04'),
(28, 4, 99, 9, NULL, 9, NULL, '', 1, 'aktif', '2020-12-16 04:45:04', '2020-12-16 04:45:04'),
(29, 4, 99, 10, NULL, 9, NULL, '', 1, 'aktif', '2020-12-16 04:45:04', '2020-12-16 04:45:04'),
(30, 4, 99, 11, NULL, 9, NULL, '', 1, 'aktif', '2020-12-16 04:45:04', '2020-12-16 04:45:04'),
(31, 4, 99, 12, NULL, 9, NULL, '', 1, 'aktif', '2020-12-16 04:45:04', '2020-12-16 04:45:04'),
(32, 4, 99, 13, NULL, 9, NULL, '', 1, 'aktif', '2020-12-16 04:45:04', '2020-12-16 04:45:04'),
(33, 4, 99, 14, NULL, 9, NULL, '', 1, 'aktif', '2020-12-16 04:45:04', '2020-12-16 04:45:04'),
(34, 21, 99, 1, 1, 9, NULL, '100', 1, 'non-aktif', '2020-12-16 04:48:30', '2020-12-17 03:06:21'),
(35, 21, 99, 1, NULL, 9, NULL, '100', 1, 'non-aktif', '2020-12-16 04:48:30', '2020-12-17 03:06:21'),
(36, 21, 99, NULL, 0, 9, NULL, '100', 1, 'non-aktif', '2020-12-16 04:48:30', '2020-12-17 03:06:21'),
(37, 4, 91, NULL, NULL, 9, NULL, '', 1, 'aktif', '2020-12-16 04:52:01', '2020-12-16 04:52:01'),
(38, 4, 76, NULL, NULL, 9, NULL, '', 1, 'aktif', '2020-12-16 23:30:48', '2020-12-16 23:30:48'),
(39, 4, 101, NULL, 0, 9, NULL, '', 1, 'aktif', '2020-12-16 23:31:11', '2020-12-16 23:31:11'),
(40, 4, 101, 1, NULL, 9, NULL, '', 1, 'aktif', '2020-12-16 23:31:11', '2020-12-16 23:31:11'),
(41, 4, 101, 2, NULL, 9, NULL, '', 1, 'aktif', '2020-12-16 23:31:11', '2020-12-16 23:31:11'),
(42, 4, 101, 3, NULL, 9, NULL, '', 1, 'aktif', '2020-12-16 23:31:11', '2020-12-16 23:31:11'),
(43, 4, 101, 4, NULL, 9, NULL, '', 1, 'aktif', '2020-12-16 23:31:11', '2020-12-16 23:31:11'),
(44, 4, 101, 5, NULL, 9, NULL, '', 1, 'aktif', '2020-12-16 23:31:11', '2020-12-16 23:31:11'),
(45, 4, 101, 6, NULL, 9, NULL, '', 1, 'aktif', '2020-12-16 23:31:11', '2020-12-16 23:31:11'),
(46, 4, 101, 7, NULL, 9, NULL, '', 1, 'aktif', '2020-12-16 23:31:11', '2020-12-16 23:31:11'),
(47, 4, 101, 8, NULL, 9, NULL, '', 1, 'aktif', '2020-12-16 23:31:11', '2020-12-16 23:31:11'),
(48, 4, 101, 9, NULL, 9, NULL, '', 1, 'aktif', '2020-12-16 23:31:11', '2020-12-16 23:31:11'),
(49, 4, 101, 10, NULL, 9, NULL, '', 1, 'aktif', '2020-12-16 23:31:11', '2020-12-16 23:31:11'),
(50, 4, 101, 11, NULL, 9, NULL, '', 1, 'aktif', '2020-12-16 23:31:11', '2020-12-16 23:31:11'),
(51, 4, 101, 12, NULL, 9, NULL, '', 1, 'aktif', '2020-12-16 23:31:11', '2020-12-16 23:31:11'),
(52, 4, 101, 13, NULL, 9, NULL, '', 1, 'aktif', '2020-12-16 23:31:11', '2020-12-16 23:31:11'),
(53, 4, 101, 14, NULL, 9, NULL, '', 1, 'aktif', '2020-12-16 23:31:11', '2020-12-16 23:31:11'),
(54, 21, 99, 1, 1, 9, NULL, '150', 1, 'aktif', '2020-12-17 03:06:21', '2020-12-17 03:06:21'),
(55, 21, 99, 1, NULL, 9, NULL, '150', 1, 'aktif', '2020-12-17 03:06:21', '2020-12-17 03:06:21'),
(56, 21, 99, 1, 1, 9, NULL, '150', 1, 'aktif', '2020-12-17 03:06:21', '2020-12-17 03:06:21'),
(57, 21, 99, NULL, 0, 9, NULL, '150', 1, 'aktif', '2020-12-17 03:06:21', '2020-12-17 03:06:21');

-- --------------------------------------------------------

--
-- Struktur dari tabel `sdgs`
--

CREATE TABLE `sdgs` (
  `id` int(11) NOT NULL,
  `sdgs_description` varchar(100) DEFAULT NULL,
  `unit_id` int(11) NOT NULL,
  `value` varchar(100) DEFAULT NULL,
  `type_user` int(11) NOT NULL,
  `validate` tinyint(4) NOT NULL DEFAULT '0',
  `validate_final` tinyint(4) NOT NULL DEFAULT '0',
  `created_at` timestamp NULL DEFAULT NULL,
  `updated_at` timestamp NULL DEFAULT NULL
) ENGINE=InnoDB DEFAULT CHARSET=utf8mb4 ROW_FORMAT=DYNAMIC;

--
-- Dumping data untuk tabel `sdgs`
--

INSERT INTO `sdgs` (`id`, `sdgs_description`, `unit_id`, `value`, `type_user`, `validate`, `validate_final`, `created_at`, `updated_at`) VALUES
(1, 'Luas Wilayah', 1, '0', 0, 0, 0, '2020-09-17 16:46:18', '2020-09-17 16:46:18'),
(2, 'Luas Daerah', 3, '0', 0, 0, 0, '2020-10-12 16:30:39', '2020-10-12 16:30:39'),
(3, 'Jumlah Pulau', 4, '0', 0, 0, 0, '2020-10-12 16:30:39', '2020-10-12 16:30:39'),
(4, 'Tinggi Wilayah', 5, '0', 0, 0, 0, '2020-10-12 16:30:39', '2020-10-12 16:30:39'),
(5, 'Jarak ke Ibukota', 1, '0', 0, 0, 0, '2020-10-12 16:30:39', '2020-10-12 16:30:39'),
(6, 'Pengamatan Unsur Iklim di Stasiun Pengamatan Badan Meteorologi Klimatologi dan Geofisika (BMKG)', 6, '0', 0, 0, 0, '2020-10-12 16:30:39', '2020-10-12 16:30:39'),
(7, 'Prakiraan Cuaca harian', 6, '0', 0, 0, 0, '2020-10-12 16:30:39', '2020-10-12 16:30:39'),
(8, 'Prakiraan Cuaca mingguan', 6, '0', 0, 0, 0, '2020-10-12 16:30:39', '2020-10-12 16:30:39'),
(9, 'Cuaca penerbangan', 6, '0', 0, 0, 0, '2020-10-12 16:30:39', '2020-10-12 16:30:39'),
(10, 'Cuaca maritim', 6, '0', 0, 0, 0, '2020-10-12 16:30:39', '2020-10-12 16:30:39'),
(11, 'Peringatan dini', 6, '0', 0, 0, 0, '2020-10-12 16:30:39', '2020-10-12 16:30:39'),
(12, 'Perubahan Iklim', 6, '0', 0, 0, 0, '2020-10-12 16:30:39', '2020-10-12 16:30:39'),
(13, 'Prakiraan Iklim', 6, '0', 0, 0, 0, '2020-10-12 16:30:39', '2020-10-12 16:30:39'),
(14, 'Kualitas udara', 6, '0', 0, 0, 0, '2020-10-12 16:30:39', '2020-10-12 16:30:39'),
(15, 'Gempa bumi', 6, '0', 0, 0, 0, '2020-10-12 16:30:39', '2020-10-12 16:30:39'),
(16, 'Tsunami', 6, '0', 0, 0, 0, '2020-10-12 16:30:39', '2020-10-12 16:30:39'),
(17, 'Jumlah Pegawai Negeri Sipil', 7, '0', 0, 0, 0, '2020-10-12 16:30:39', '2020-10-12 16:30:39'),
(18, 'Jumlah Pegawai Negeri Sipil Menurut Jenis Kelamin', 7, '0', 0, 0, 0, '2020-10-12 16:30:39', '2020-10-12 16:30:39'),
(19, 'Jumlah Pegawai Negeri Sipil berjenis kelamin Laki-laki', 7, '0', 0, 0, 0, '2020-10-12 16:30:39', '2020-10-12 16:30:39'),
(20, 'Jumlah Pegawai Negeri Sipil berjenis kelamin Perempuan', 7, '0', 0, 0, 0, '2020-10-12 16:30:39', '2020-10-12 16:30:39'),
(21, 'Jumlah Pegawai Negeri Sipil Menurut Jabatan ', 7, '0', 0, 0, 0, '2020-10-12 16:30:39', '2020-10-12 16:30:39'),
(22, 'Jumlah Pegawai Negeri Sipil dengan Jabatan sebagai Fungsional Umum ', 7, '0', 0, 0, 0, '2020-10-12 16:30:39', '2020-10-12 16:30:39'),
(23, 'Jumlah Pegawai Negeri Sipil dengan Jabatan sebagai Fungsional Tertentu', 7, '0', 0, 0, 0, '2020-10-12 16:30:39', '2020-10-12 16:30:39'),
(24, 'Jumlah Pegawai Negeri Sipil dengan Jabatan Struktural Eselon IV', 7, '0', 0, 0, 0, '2020-10-12 16:30:39', '2020-10-12 16:30:39'),
(25, 'Jumlah Pegawai Negeri Sipil dengan Jabatan Struktural Eselon III', 7, '0', 0, 0, 0, '2020-10-12 16:30:39', '2020-10-12 16:30:39'),
(26, 'Jumlah Pegawai Negeri Sipil dengan Jabatan Struktural Eselon II', 7, '0', 0, 0, 0, '2020-10-12 16:30:39', '2020-10-12 16:30:39'),
(27, 'Jumlah Pegawai Negeri Sipil dengan Jabatan Struktural Eselon I', 7, '0', 0, 0, 0, '2020-10-12 16:30:39', '2020-10-12 16:30:39'),
(28, 'Jumlah Pegawai Negeri Sipil Menurut Tingkat Pendidikan ', 7, '0', 0, 0, 0, '2020-10-12 16:30:39', '2020-10-12 16:30:39'),
(29, 'Jumlah Pegawai Negeri Sipil berpendidikan terakhir SD/MI/Sederajat', 7, '0', 0, 0, 0, '2020-10-12 16:30:39', '2020-10-12 16:30:39'),
(30, 'Jumlah Pegawai Negeri Sipil berpendidikan terakhir SMP/MTs/Sederajat', 7, '0', 0, 0, 0, '2020-10-12 16:30:39', '2020-10-12 16:30:39'),
(31, 'Jumlah Pegawai Negeri Sipil berpendidikan terakhir SMA/SMK/MA/Sederajat', 7, '0', 0, 0, 0, '2020-10-12 16:30:39', '2020-10-12 16:30:39'),
(32, 'Jumlah Pegawai Negeri Sipil berpendidikan terakhir D.III', 7, '0', 0, 0, 0, '2020-10-12 16:30:39', '2020-10-12 16:30:39'),
(33, 'Jumlah Pegawai Negeri Sipil berpendidikan terakhir Strata-1/D.IV', 7, '0', 0, 0, 0, '2020-10-12 16:30:39', '2020-10-12 16:30:39'),
(34, 'Jumlah Pegawai Negeri Sipil berpendidikan terakhir Strata-2', 7, '0', 0, 0, 0, '2020-10-12 16:30:39', '2020-10-12 16:30:39'),
(35, 'Jumlah Pegawai Negeri Sipil berpendidikan terakhir Strata-3', 7, '0', 0, 0, 0, '2020-10-12 16:30:39', '2020-10-12 16:30:39'),
(36, 'Jumlah Pegawai Negeri Sipil Menurut Tingkat Kepangkatan', 7, '0', 0, 0, 0, '2020-10-12 16:30:39', '2020-10-12 16:30:39'),
(37, 'Jumlah Pegawai Negeri Sipil dengan Tingkat Kepangkatan Juru Muda', 7, '0', 0, 0, 0, '2020-10-12 16:30:39', '2020-10-12 16:30:39'),
(38, 'Jumlah Pegawai Negeri Sipil dengan Tingkat Kepangkatan Juru Muda Tingkat I', 7, '0', 0, 0, 0, '2020-10-12 16:30:39', '2020-10-12 16:30:39'),
(39, 'Jumlah Pegawai Negeri Sipil dengan Tingkat Kepangkatan Juru ', 7, '0', 0, 0, 0, '2020-10-12 16:30:39', '2020-10-12 16:30:39'),
(40, 'Jumlah Pegawai Negeri Sipil dengan Tingkat Kepangkatan Juru Tingkat I', 7, '0', 0, 0, 0, '2020-10-12 16:30:39', '2020-10-12 16:30:39'),
(41, 'Jumlah Pegawai Negeri Sipil dengan Tingkat Kepangkatan Pengatur Muda', 7, '0', 0, 0, 0, '2020-10-12 16:30:39', '2020-10-12 16:30:39'),
(42, 'Jumlah Pegawai Negeri Sipil dengan Tingkat Kepangkatan Pengatur Muda Tingkat I', 7, '0', 0, 0, 0, '2020-10-12 16:30:40', '2020-10-12 16:30:40'),
(43, 'Jumlah Pegawai Negeri Sipil dengan Tingkat Kepangkatan Pengatur ', 7, '0', 0, 0, 0, '2020-10-12 16:30:40', '2020-10-12 16:30:40'),
(44, 'Jumlah Pegawai Negeri Sipil dengan Tingkat Kepangkatan Pengatur Tingkat I', 7, '0', 0, 0, 0, '2020-10-12 16:30:40', '2020-10-12 16:30:40'),
(45, 'Jumlah Pegawai Negeri Sipil dengan Tingkat Kepangkatan Penata Muda', 7, '0', 0, 0, 0, '2020-10-12 16:30:40', '2020-10-12 16:30:40'),
(46, 'Jumlah Pegawai Negeri Sipil dengan Tingkat Kepangkatan Penata Muda Tingkat I', 7, '0', 0, 0, 0, '2020-10-12 16:30:40', '2020-10-12 16:30:40'),
(47, 'Jumlah Pegawai Negeri Sipil dengan Tingkat Kepangkatan Penata', 7, '0', 0, 0, 0, '2020-10-12 16:30:40', '2020-10-12 16:30:40'),
(48, 'Jumlah Pegawai Negeri Sipil dengan Tingkat Kepangkatan Penata Tingkat I', 7, '0', 0, 0, 0, '2020-10-12 16:30:40', '2020-10-12 16:30:40'),
(49, 'Jumlah Pegawai Negeri Sipil dengan Tingkat Kepangkatan Pembina', 7, '0', 0, 0, 0, '2020-10-12 16:30:40', '2020-10-12 16:30:40'),
(50, 'Jumlah Pegawai Negeri Sipil dengan Tingkat Kepangkatan Pembina Tingkat I', 7, '0', 0, 0, 0, '2020-10-12 16:30:40', '2020-10-12 16:30:40'),
(51, 'Jumlah Pegawai Negeri Sipil dengan Tingkat Kepangkatan Pembina Utama Muda', 7, '0', 0, 0, 0, '2020-10-12 16:30:40', '2020-10-12 16:30:40'),
(52, 'Jumlah Pegawai Negeri Sipil dengan Tingkat Kepangkatan Pembina Utama', 7, '0', 0, 0, 0, '2020-10-12 16:30:40', '2020-10-12 16:30:40'),
(53, 'Jumlah Pencari Kerja Terdaftar', 7, '0', 0, 0, 0, '2020-10-12 16:30:40', '2020-10-12 16:30:40'),
(54, 'Jumlah Lowongan Kerja Terdaftar', 8, '0', 0, 0, 0, '2020-10-12 16:30:40', '2020-10-12 16:30:40'),
(55, 'Jumlah Penempatan/Pemenuhan Tenaga Kerja', 9, '0', 0, 0, 0, '2020-10-12 16:30:40', '2020-10-12 16:30:40'),
(56, 'Jumlah Sekolah Taman Kanak-kanak (TK) di bawah Kementerian Pendidikan dan Kebudayaan', 2, '0', 0, 0, 0, '2020-10-12 16:30:40', '2020-10-12 16:30:40'),
(57, 'Jumlah Guru Taman Kanak-kanak (TK) di bawah Kementerian Pendidikan dan Kebudayaan', 7, '0', 0, 0, 0, '2020-10-12 16:30:40', '2020-10-12 16:30:40'),
(58, 'Jumlah Murid Taman Kanak-kanak (TK) di bawah Kementerian Pendidikan dan Kebudayaan', 7, '0', 0, 0, 0, '2020-10-12 16:30:40', '2020-10-12 16:30:40'),
(59, 'Jumlah Sekolah Dasar (SD) di bawah Kementerian Pendidikan dan Kebudayaan', 2, '0', 0, 0, 0, '2020-10-12 16:30:40', '2020-10-12 16:30:40'),
(60, 'Jumlah Guru Sekolah Dasar (SD) di bawah Kementerian Pendidikan dan Kebudayaan', 7, '0', 0, 0, 0, '2020-10-12 16:30:40', '2020-10-12 16:30:40'),
(61, 'Jumlah Murid Sekolah Dasar (SD) di bawah Kementerian Pendidikan dan Kebudayaan', 7, '0', 0, 0, 0, '2020-10-12 16:30:40', '2020-10-12 16:30:40'),
(62, 'Jumlah Sekolah Menengah Pertama (SMP) di bawah Kementerian Pendidikan dan Kebudayaan', 2, '0', 0, 0, 0, '2020-10-12 16:30:40', '2020-10-12 16:30:40'),
(63, 'Jumlah Guru Sekolah Menengah Pertama (SMP) di bawah Kementerian Pendidikan dan Kebudayaan', 7, '0', 0, 0, 0, '2020-10-12 16:30:40', '2020-10-12 16:30:40'),
(64, 'Jumlah Murid Sekolah Menengah Pertama (SMP) di bawah Kementerian Pendidikan dan Kebudayaan', 7, '0', 0, 0, 0, '2020-10-12 16:30:40', '2020-10-12 16:30:40'),
(65, 'Jumlah Sekolah Menengah Atas (SMA) di bawah Kementerian Pendidikan dan Kebudayaan', 2, '0', 0, 0, 0, '2020-10-12 16:30:40', '2020-10-12 16:30:40'),
(66, 'Jumlah Guru Sekolah Menengah Atas (SMA) di bawah Kementerian Pendidikan dan Kebudayaan', 7, '0', 0, 0, 0, '2020-10-12 16:30:40', '2020-10-12 16:30:40'),
(67, 'Jumlah Murid Sekolah Menengah Atas (SMA) di bawah Kementerian Pendidikan dan Kebudayaan', 7, '0', 0, 0, 0, '2020-10-12 16:30:40', '2020-10-12 16:30:40'),
(68, 'Jumlah Sekolah Raudatul Athfal (RA) di bawah Kementerian Agama ', 2, '0', 0, 0, 0, '2020-10-12 16:30:40', '2020-10-12 16:30:40'),
(69, 'Jumlah Guru Raudatul Athfal (RA) di bawah Kementerian Agama', 7, '0', 0, 0, 0, '2020-10-12 16:30:40', '2020-10-12 16:30:40'),
(70, 'Jumlah Murid Raudatul Athfal (RA) di bawah Kementerian Agama', 7, '0', 0, 0, 0, '2020-10-12 16:30:40', '2020-10-12 16:30:40'),
(71, 'Jumlah Sekolah Madrasah Ibtidaiyah (MI) di bawah Kementerian Agama', 2, '0', 0, 0, 0, '2020-10-12 16:30:40', '2020-10-12 16:30:40'),
(72, 'Jumlah Guru Madrasah Ibtidaiyah (MI) di bawah Kementerian Agama', 7, '0', 0, 0, 0, '2020-10-12 16:30:40', '2020-10-12 16:30:40'),
(73, 'Jumlah Murid Madrasah Ibtidaiyah (MI) di bawah Kementerian Agama', 7, '0', 0, 0, 0, '2020-10-12 16:30:40', '2020-10-12 16:30:40'),
(74, 'Jumlah Sekolah Madrasah Tsanawiyah (MTs) di bawah Kementerian Agama', 2, '0', 0, 0, 0, '2020-10-12 16:30:41', '2020-10-12 16:30:41'),
(75, 'Jumlah Guru Madrasah Tsanawiyah (MTs) di bawah Kementerian Agama', 7, '0', 0, 0, 0, '2020-10-12 16:30:41', '2020-10-12 16:30:41'),
(76, 'Jumlah Murid Madrasah Tsanawiyah (MTs) di bawah Kementerian Agama', 7, '0', 0, 0, 0, '2020-10-12 16:30:41', '2020-10-12 16:30:41'),
(77, 'Jumlah Sekolah Madrasah Aliyah (MA) di bawah Kementerian Agama', 2, '0', 0, 0, 0, '2020-10-12 16:30:41', '2020-10-12 16:30:41'),
(78, 'Jumlah Guru Madrasah Aliyah (MA) di bawah Kementerian Agama', 7, '0', 0, 0, 0, '2020-10-12 16:30:41', '2020-10-12 16:30:41'),
(79, 'Jumlah Murid Madrasah Aliyah (MA) di bawah Kementerian Agama', 7, '0', 0, 0, 0, '2020-10-12 16:30:41', '2020-10-12 16:30:41'),
(80, 'Jumlah Perguruan Tinggi Negeri di bawah Kementerian Agama', 10, '0', 0, 0, 0, '2020-10-12 16:30:41', '2020-10-12 16:30:41'),
(81, 'Jumlah Perguruan Tinggi Swasta di bawah Kementerian Agama', 10, '0', 0, 0, 0, '2020-10-12 16:30:41', '2020-10-12 16:30:41'),
(82, 'Jumlah Mahasiswa di bawah Kementerian Agama', 7, '0', 0, 0, 0, '2020-10-12 16:30:41', '2020-10-12 16:30:41'),
(83, 'Jumlah Tenaga Edukatif Negeri di bawah Kementerian Agama', 7, '0', 0, 0, 0, '2020-10-12 16:30:41', '2020-10-12 16:30:41'),
(84, 'Jumlah Tenaga Edukatif Swasta di bawah Kementerian Agama', 7, '0', 0, 0, 0, '2020-10-12 16:30:41', '2020-10-12 16:30:41'),
(85, 'Jumlah Jemaah Haji yang diberangkatkan ke Tanah Suci Mekah', 7, '0', 0, 0, 0, '2020-10-12 16:30:41', '2020-10-12 16:30:41'),
(86, 'Jumlah Nikah', 11, '0', 0, 0, 0, '2020-10-12 16:30:41', '2020-10-12 16:30:41'),
(87, 'Jumlah Talak', 12, '0', 0, 0, 0, '2020-10-12 16:30:41', '2020-10-12 16:30:41'),
(88, 'Jumlah Cerai', 13, '0', 0, 0, 0, '2020-10-12 16:30:41', '2020-10-12 16:30:41'),
(89, 'Jumlah Rujuk', 14, '0', 0, 0, 0, '2020-10-12 16:30:41', '2020-10-12 16:30:41'),
(90, 'Jumlah Perguruan Tinggi Negeri di bawah Kementerian Riset, Teknologi dan Pendidikan Tinggi', 10, '0', 0, 0, 0, '2020-10-12 16:30:41', '2020-10-12 16:30:41'),
(91, 'Jumlah Perguruan Tinggi Swasta di bawah Kementerian Riset, Teknologi dan Pendidikan Tinggi', 10, '0', 0, 0, 0, '2020-10-12 16:30:41', '2020-10-12 16:30:41'),
(92, 'Jumlah Mahasiswa di bawah Kementerian Riset, Teknologi dan Pendidikan Tinggi', 7, '0', 0, 0, 0, '2020-10-12 16:30:41', '2020-10-12 16:30:41'),
(93, 'Jumlah Tenaga Edukatif Negeri di bawah Kementerian Riset, Teknologi dan Pendidikan Tinggi', 7, '0', 0, 0, 0, '2020-10-12 16:30:41', '2020-10-12 16:30:41'),
(94, 'Jumlah Tenaga Edukatif Swasta di bawah Kementerian Riset, Teknologi dan Pendidikan Tinggi', 7, '0', 0, 0, 0, '2020-10-12 16:30:41', '2020-10-12 16:30:41'),
(95, 'Jumlah Tenaga Kesehatan', 7, '0', 0, 0, 0, '2020-10-12 16:30:41', '2020-10-12 16:30:41'),
(96, 'Jumlah Kasus Penyakit ', 15, '0', 0, 0, 0, '2020-10-12 16:30:41', '2020-10-12 16:30:41'),
(97, 'Jumlah Rumah Sakit Umum', 2, '0', 0, 0, 0, '2020-10-12 16:30:41', '2020-10-12 16:30:41'),
(98, 'Jumlah Rumah Sakit Khusus', 2, '0', 0, 0, 0, '2020-10-12 16:30:41', '2020-10-12 16:30:41'),
(99, 'Jumlah Rumah Sakit/Rumah Bersalin', 2, '0', 0, 0, 0, '2020-10-12 16:30:41', '2020-10-12 16:30:41'),
(100, 'Jumlah Puskesmas', 2, '0', 0, 0, 0, '2020-10-12 16:30:41', '2020-10-12 16:30:41'),
(101, 'Jumlah Klinik/Balai Kesehatan', 2, '0', 0, 0, 0, '2020-10-12 16:30:41', '2020-10-12 16:30:41'),
(102, 'Jumlah Posyandu', 2, '0', 0, 0, 0, '2020-10-12 16:30:41', '2020-10-12 16:30:41'),
(103, 'Jumlah Polindes', 2, '0', 0, 0, 0, '2020-10-12 16:30:41', '2020-10-12 16:30:41'),
(104, 'Jumlah Kendaraan Bermotor', 2, '0', 0, 0, 0, '2020-10-12 16:30:41', '2020-10-12 16:30:41'),
(105, 'Jumlah Tindak Pidana', 15, '0', 0, 0, 0, '2020-10-12 16:30:41', '2020-10-12 16:30:41'),
(106, 'Jumlah Resiko Penduduk Terjadi Tindak Pidana per 100.000 Penduduk', 9, '0', 0, 0, 0, '2020-10-12 16:30:41', '2020-10-12 16:30:41'),
(107, 'Jumlah Persentase Penyelesaian Tindak Pidana', 9, '0', 0, 0, 0, '2020-10-12 16:30:41', '2020-10-12 16:30:41'),
(108, 'Jumlah Selang Waktu Terjadinya Tindak Pidana', 16, '0', 0, 0, 0, '2020-10-12 16:30:42', '2020-10-12 16:30:42'),
(109, 'Jumlah Perceraian Menurut Faktor', 13, '0', 0, 0, 0, '2020-10-12 16:30:42', '2020-10-12 16:30:42'),
(110, 'Jumlah Kejadiaan Bencana Alam', 17, '0', 0, 0, 0, '2020-10-12 16:30:42', '2020-10-12 16:30:42'),
(111, 'Jumlah Korban Manusia yang diakibatkan Bencana Alam', 18, '0', 0, 0, 0, '2020-10-12 16:30:42', '2020-10-12 16:30:42'),
(112, 'Jumlah Kerusakan Rumah yang diakibatkan Bencana Alam', 2, '0', 0, 0, 0, '2020-10-12 16:30:42', '2020-10-12 16:30:42'),
(113, 'Jumlah Penerima Bantuan (Kepala Keluarga)', 19, '0', 0, 0, 0, '2020-10-12 16:30:42', '2020-10-12 16:30:42'),
(114, 'Jumlah Anggaran Bantuan Sosial Pangan', 20, '0', 0, 0, 0, '2020-10-12 16:30:42', '2020-10-12 16:30:42'),
(115, 'Luas Kawasan Hutan', 21, '0', 0, 0, 0, '2020-10-12 16:30:42', '2020-10-12 16:30:42'),
(116, 'Luas Kawasan Perairan', 22, '0', 0, 0, 0, '2020-10-12 16:30:42', '2020-10-12 16:30:42'),
(117, 'Jumlah Produksi Kayu Hutan Menurut Jenis Produksi', 23, '0', 0, 0, 0, '2020-10-12 16:30:42', '2020-10-12 16:30:42'),
(118, 'Jumlah Populasi Ternak', 24, '0', 0, 0, 0, '2020-10-12 16:30:42', '2020-10-12 16:30:42'),
(119, 'Jumlah Populasi Unggas', 24, '0', 0, 0, 0, '2020-10-12 16:30:42', '2020-10-12 16:30:42'),
(120, 'Jumlah Produksi Daging Ternak', 25, '0', 0, 0, 0, '2020-10-12 16:30:42', '2020-10-12 16:30:42'),
(121, 'Jumlah Produksi Daging Unggas', 25, '0', 0, 0, 0, '2020-10-12 16:30:42', '2020-10-12 16:30:42'),
(122, 'Jumlah Produksi Telur Unggas', 25, '0', 0, 0, 0, '2020-10-12 16:30:42', '2020-10-12 16:30:42'),
(123, 'Jumlah Produksi Susu Sapi', 26, '0', 0, 0, 0, '2020-10-12 16:30:42', '2020-10-12 16:30:42'),
(124, 'Jumlah Produksi Perikanan Tangkap', 25, '0', 0, 0, 0, '2020-10-12 16:30:42', '2020-10-12 16:30:42'),
(125, 'Jumlah Nilai Produksi Perikanan Tangkap', 20, '0', 0, 0, 0, '2020-10-12 16:30:42', '2020-10-12 16:30:42'),
(126, 'Jumlah Jenis Penangkapan', 17, '0', 0, 0, 0, '2020-10-12 16:30:42', '2020-10-12 16:30:42'),
(127, 'Jumlah Produksi Perikanan Tangkap di Perairan Umum', 25, '0', 0, 0, 0, '2020-10-12 16:30:42', '2020-10-12 16:30:42'),
(128, 'Jumlah Nilai Produksi Perikanan Tangkap di Perairan Umum', 20, '0', 0, 0, 0, '2020-10-12 16:30:42', '2020-10-12 16:30:42'),
(129, 'Jumlah Produksi Perikanan Budidaya ', 25, '0', 0, 0, 0, '2020-10-12 16:30:42', '2020-10-12 16:30:42'),
(130, 'Jumlah Nilai Produksi Perikanan Budidaya', 20, '0', 0, 0, 0, '2020-10-12 16:30:42', '2020-10-12 16:30:42'),
(131, 'Jumlah Jenis Budidaya', 17, '0', 0, 0, 0, '2020-10-12 16:30:42', '2020-10-12 16:30:42'),
(132, 'Panjang Jalan ', 27, '0', 0, 0, 1, '2020-10-12 16:30:42', '2020-10-20 10:30:03');

-- --------------------------------------------------------

--
-- Struktur dari tabel `sdgs_trans`
--

CREATE TABLE `sdgs_trans` (
  `id` int(11) NOT NULL,
  `user_id` int(11) NOT NULL,
  `id_sdgs` int(11) NOT NULL,
  `id_kec` int(11) DEFAULT NULL,
  `id_kel` int(11) DEFAULT NULL,
  `id_tahun` int(11) NOT NULL,
  `tgl_pengisian` timestamp NULL DEFAULT NULL,
  `value` varchar(255) NOT NULL,
  `check_active` tinyint(4) NOT NULL,
  `status` varchar(255) NOT NULL,
  `created_at` timestamp NULL DEFAULT NULL,
  `updated_at` timestamp NULL DEFAULT NULL
) ENGINE=InnoDB DEFAULT CHARSET=latin1 ROW_FORMAT=DYNAMIC;

-- --------------------------------------------------------

--
-- Struktur dari tabel `skpd`
--

CREATE TABLE `skpd` (
  `id` int(11) NOT NULL,
  `skpd_name` varchar(100) DEFAULT NULL,
  `active` tinyint(4) NOT NULL DEFAULT '0',
  `created_at` timestamp NULL DEFAULT NULL,
  `updated_at` timestamp NULL DEFAULT NULL
) ENGINE=InnoDB DEFAULT CHARSET=utf8mb4 ROW_FORMAT=DYNAMIC;

--
-- Dumping data untuk tabel `skpd`
--

INSERT INTO `skpd` (`id`, `skpd_name`, `active`, `created_at`, `updated_at`) VALUES
(1, 'Dinas Pendidikan dan Kebudayaan', 0, '2020-08-27 04:08:32', '2020-08-27 11:51:37'),
(2, 'Dinas Kesehatan', 0, '2020-08-27 04:08:32', '2020-08-27 04:08:32'),
(3, 'Dinas Perikanan', 0, '2020-08-27 04:08:32', '2020-08-27 04:08:32'),
(4, 'Dinas Perumahan Rakyat dan Kawasan Pemukiman', 0, '2020-08-27 04:08:43', '2020-08-27 04:08:43'),
(5, 'Badan Penanggulangan Bencana Daerah', 0, '2020-08-27 04:10:36', '2020-08-27 04:10:36'),
(6, 'Dinas Pekerjaan Umum dan Penataan Ruang', 0, '2020-08-27 04:11:08', '2020-08-27 04:11:08'),
(7, 'Dinas Pertanian', 0, '2020-08-27 04:15:20', '2020-08-27 04:15:20'),
(8, 'Dinas Pemberdayaan Masyarakat dan Pemerintahan Desa', 0, '2020-08-27 04:15:30', '2020-08-27 12:21:28'),
(9, 'Satuan Polisi Pamong Praja', 0, '2020-08-27 04:16:09', '2020-08-27 12:21:15'),
(10, 'Dinas Koperasi, Usaha Mikro Kecil Menengah, dan Perindustrian, Perdagangan', 0, '2020-08-27 11:40:49', '2020-08-27 12:20:56'),
(11, 'Dinas Sosial, Pengendalian Penduduk, Keluarga Berencana, Pemberdayaan Perempuan dan Perlindungan Ana', 0, '2020-08-27 11:51:44', '2020-08-27 12:21:02'),
(12, 'Dinas Tenaga Kerja', 0, '2020-08-27 19:18:44', '2020-08-27 19:18:44'),
(13, 'Dinas Lingkungan Hidup', 0, '2020-08-27 19:24:00', '2020-08-27 19:24:00'),
(14, 'Dinas Kependudukan dan Pencatatan Sipil', 0, '2020-09-04 13:41:27', '2020-09-04 13:41:27'),
(15, 'Dinas Penanaman Modal dan Pelayanan Terpadu Satu Pintu', 0, '2020-09-04 13:41:27', '2020-09-04 13:41:27'),
(16, 'Dinas Pariwisata, Pemuda dan Olah Raga', 0, '2020-09-04 13:43:07', '2020-09-04 13:43:07'),
(17, 'Dinas Perpustakaan dan Arsip', 0, '2020-09-04 13:43:07', '2020-09-04 13:43:07'),
(18, 'Dinas Perhubungan', 0, '2020-09-04 14:27:07', '2020-11-02 06:51:10'),
(19, 'Dinas Komunikasi dan Informatika', 0, '2020-09-04 14:27:07', '2020-11-02 06:50:59'),
(20, 'Badan Kepegawaian Daerah', 0, '2020-09-04 14:27:07', '2020-11-02 06:50:59'),
(21, 'Sekretariat Dewan Perwakilan Rakyat Daerah', 0, '2020-09-04 14:27:07', '2020-11-02 06:50:59'),
(22, 'Inspektorat', 0, '2020-09-04 14:27:07', '2020-11-02 06:50:59'),
(23, 'Badan Perencanaan Pembangunan Daerah', 0, '2020-09-04 14:27:07', '2020-11-02 06:50:59'),
(24, 'Badan Pengelolaan Keuangan dan Aset Daerah', 0, '2020-09-04 14:27:07', '2020-11-02 06:50:59'),
(25, 'Badan Pengelolaan Pendapatan daerah', 0, '2020-09-04 14:27:07', '2020-11-02 06:50:59'),
(26, 'Sekretariat Daerah', 0, '2020-09-04 14:27:07', '2020-11-02 06:50:59'),
(27, 'Badan Kesatuan Bangsa dan Politik', 0, '2020-09-04 14:27:07', '2020-11-02 06:50:59'),
(28, 'Bagian Umum', 0, '2020-09-04 14:27:07', '2020-11-02 06:50:59'),
(29, 'Bagian Administrasi Pembangunan', 0, '2020-09-04 14:27:07', '2020-11-02 06:50:59'),
(30, 'Bagian Perekonomian dan Sumber Daya Alam', 0, '2020-09-04 14:27:07', '2020-11-02 06:50:59'),
(31, 'Bagian Hukum', 0, '2020-09-04 14:27:07', '2020-11-02 06:50:59'),
(32, 'Bagian Kesejahteraan Rakyat', 0, '2020-09-04 14:27:07', '2020-11-02 06:50:59'),
(33, 'Bagian Pelayanan Publik dan Reformasi Birokrasi', 0, '2020-09-04 14:27:07', '2020-11-02 06:50:59'),
(34, 'Bagian Organisasi', 0, '2020-09-04 14:27:07', '2020-11-02 06:50:59'),
(35, 'Bagian Tata Pemerintahan', 0, '2020-09-04 14:27:07', '2020-11-02 06:50:59');

-- --------------------------------------------------------

--
-- Struktur dari tabel `spm`
--

CREATE TABLE `spm` (
  `id` int(11) NOT NULL,
  `spm_description` varchar(100) DEFAULT NULL,
  `unit_id` int(11) NOT NULL,
  `value` varchar(100) DEFAULT NULL,
  `type_user` int(11) NOT NULL,
  `validate` tinyint(4) NOT NULL DEFAULT '0',
  `validate_final` tinyint(4) NOT NULL DEFAULT '0',
  `created_at` timestamp NULL DEFAULT NULL,
  `updated_at` timestamp NULL DEFAULT NULL
) ENGINE=InnoDB DEFAULT CHARSET=utf8mb4 ROW_FORMAT=DYNAMIC;

--
-- Dumping data untuk tabel `spm`
--

INSERT INTO `spm` (`id`, `spm_description`, `unit_id`, `value`, `type_user`, `validate`, `validate_final`, `created_at`, `updated_at`) VALUES
(15, 'Luas Daerah', 3, '0', 0, 0, 0, '2020-10-12 10:13:52', '2020-10-12 10:13:52'),
(16, 'Jumlah Pulau', 4, '0', 0, 0, 0, '2020-10-12 10:13:53', '2020-10-12 10:13:53'),
(17, 'Tinggi Wilayah', 5, '0', 0, 0, 0, '2020-10-12 10:13:53', '2020-10-12 10:13:53'),
(18, 'Jarak ke Ibukota', 1, '0', 0, 0, 0, '2020-10-12 10:13:53', '2020-10-12 10:13:53'),
(19, 'Pengamatan Unsur Iklim di Stasiun Pengamatan Badan Meteorologi Klimatologi dan Geofisika (BMKG)', 6, '0', 0, 0, 0, '2020-10-12 10:13:53', '2020-10-12 10:13:53'),
(20, 'Prakiraan Cuaca harian', 6, '0', 0, 0, 0, '2020-10-12 10:13:53', '2020-10-12 10:13:53'),
(21, 'Prakiraan Cuaca mingguan', 6, '0', 0, 0, 0, '2020-10-12 10:13:53', '2020-10-12 10:13:53'),
(22, 'Cuaca penerbangan', 6, '0', 0, 0, 0, '2020-10-12 10:13:53', '2020-10-12 10:13:53'),
(23, 'Cuaca maritim', 6, '0', 0, 0, 0, '2020-10-12 10:13:53', '2020-10-12 10:13:53'),
(24, 'Peringatan dini', 6, '0', 0, 0, 0, '2020-10-12 10:13:53', '2020-10-12 10:13:53'),
(25, 'Perubahan Iklim', 6, '0', 0, 0, 0, '2020-10-12 10:13:53', '2020-10-12 10:13:53'),
(26, 'Prakiraan Iklim', 6, '0', 0, 0, 0, '2020-10-12 10:13:53', '2020-10-12 10:13:53'),
(27, 'Kualitas udara', 6, '0', 0, 0, 0, '2020-10-12 10:13:53', '2020-10-12 10:13:53'),
(28, 'Gempa bumi', 6, '0', 0, 0, 0, '2020-10-12 10:13:53', '2020-10-12 10:13:53'),
(29, 'Tsunami', 6, '0', 0, 0, 0, '2020-10-12 10:13:53', '2020-10-12 10:13:53'),
(30, 'Jumlah Pegawai Negeri Sipil', 7, '0', 0, 0, 0, '2020-10-12 10:13:53', '2020-10-12 10:13:53'),
(31, 'Jumlah Pegawai Negeri Sipil Menurut Jenis Kelamin', 7, '0', 0, 0, 0, '2020-10-12 10:13:53', '2020-10-12 10:13:53'),
(32, 'Jumlah Pegawai Negeri Sipil berjenis kelamin Laki-laki', 7, '0', 0, 0, 0, '2020-10-12 10:13:53', '2020-10-12 10:13:53'),
(33, 'Jumlah Pegawai Negeri Sipil berjenis kelamin Perempuan', 7, '0', 0, 0, 0, '2020-10-12 10:13:53', '2020-10-12 10:13:53'),
(34, 'Jumlah Pegawai Negeri Sipil Menurut Jabatan ', 7, '0', 0, 0, 0, '2020-10-12 10:13:53', '2020-10-12 10:13:53'),
(35, 'Jumlah Pegawai Negeri Sipil dengan Jabatan sebagai Fungsional Umum ', 7, '0', 0, 0, 0, '2020-10-12 10:13:53', '2020-10-12 10:13:53'),
(36, 'Jumlah Pegawai Negeri Sipil dengan Jabatan sebagai Fungsional Tertentu', 7, '0', 0, 0, 0, '2020-10-12 10:13:53', '2020-10-12 10:13:53'),
(37, 'Jumlah Pegawai Negeri Sipil dengan Jabatan Struktural Eselon IV', 7, '0', 0, 0, 0, '2020-10-12 10:13:53', '2020-10-12 10:13:53'),
(38, 'Jumlah Pegawai Negeri Sipil dengan Jabatan Struktural Eselon III', 7, '0', 0, 0, 0, '2020-10-12 10:13:53', '2020-10-12 10:13:53'),
(39, 'Jumlah Pegawai Negeri Sipil dengan Jabatan Struktural Eselon II', 7, '0', 0, 0, 0, '2020-10-12 10:13:53', '2020-10-12 10:13:53'),
(40, 'Jumlah Pegawai Negeri Sipil dengan Jabatan Struktural Eselon I', 7, '0', 0, 0, 0, '2020-10-12 10:13:53', '2020-10-12 10:13:53'),
(41, 'Jumlah Pegawai Negeri Sipil Menurut Tingkat Pendidikan ', 7, '0', 0, 0, 0, '2020-10-12 10:13:53', '2020-10-12 10:13:53'),
(42, 'Jumlah Pegawai Negeri Sipil berpendidikan terakhir SD/MI/Sederajat', 7, '0', 0, 0, 0, '2020-10-12 10:13:53', '2020-10-12 10:13:53'),
(43, 'Jumlah Pegawai Negeri Sipil berpendidikan terakhir SMP/MTs/Sederajat', 7, '0', 0, 0, 0, '2020-10-12 10:13:53', '2020-10-12 10:13:53'),
(44, 'Jumlah Pegawai Negeri Sipil berpendidikan terakhir SMA/SMK/MA/Sederajat', 7, '0', 0, 0, 0, '2020-10-12 10:13:53', '2020-10-12 10:13:53'),
(45, 'Jumlah Pegawai Negeri Sipil berpendidikan terakhir D.III', 7, '0', 0, 0, 0, '2020-10-12 10:13:53', '2020-10-12 10:13:53'),
(46, 'Jumlah Pegawai Negeri Sipil berpendidikan terakhir Strata-1/D.IV', 7, '0', 0, 0, 0, '2020-10-12 10:13:53', '2020-10-12 10:13:53'),
(47, 'Jumlah Pegawai Negeri Sipil berpendidikan terakhir Strata-2', 7, '0', 0, 0, 0, '2020-10-12 10:13:53', '2020-10-12 10:13:53'),
(48, 'Jumlah Pegawai Negeri Sipil berpendidikan terakhir Strata-3', 7, '0', 0, 0, 0, '2020-10-12 10:13:53', '2020-10-12 10:13:53'),
(49, 'Jumlah Pegawai Negeri Sipil Menurut Tingkat Kepangkatan', 7, '0', 0, 0, 0, '2020-10-12 10:13:53', '2020-10-12 10:13:53'),
(50, 'Jumlah Pegawai Negeri Sipil dengan Tingkat Kepangkatan Juru Muda', 7, '0', 0, 0, 0, '2020-10-12 10:13:53', '2020-10-12 10:13:53'),
(51, 'Jumlah Pegawai Negeri Sipil dengan Tingkat Kepangkatan Juru Muda Tingkat I', 7, '0', 0, 0, 0, '2020-10-12 10:13:53', '2020-10-12 10:13:53'),
(52, 'Jumlah Pegawai Negeri Sipil dengan Tingkat Kepangkatan Juru ', 7, '0', 0, 0, 0, '2020-10-12 10:13:53', '2020-10-12 10:13:53'),
(53, 'Jumlah Pegawai Negeri Sipil dengan Tingkat Kepangkatan Juru Tingkat I', 7, '0', 0, 0, 0, '2020-10-12 10:13:53', '2020-10-12 10:13:53'),
(54, 'Jumlah Pegawai Negeri Sipil dengan Tingkat Kepangkatan Pengatur Muda', 7, '0', 0, 0, 0, '2020-10-12 10:13:53', '2020-10-12 10:13:53'),
(55, 'Jumlah Pegawai Negeri Sipil dengan Tingkat Kepangkatan Pengatur Muda Tingkat I', 7, '0', 0, 0, 0, '2020-10-12 10:13:53', '2020-10-12 10:13:53'),
(56, 'Jumlah Pegawai Negeri Sipil dengan Tingkat Kepangkatan Pengatur ', 7, '0', 0, 0, 0, '2020-10-12 10:13:53', '2020-10-12 10:13:53'),
(57, 'Jumlah Pegawai Negeri Sipil dengan Tingkat Kepangkatan Pengatur Tingkat I', 7, '0', 0, 0, 0, '2020-10-12 10:13:53', '2020-10-12 10:13:53'),
(58, 'Jumlah Pegawai Negeri Sipil dengan Tingkat Kepangkatan Penata Muda', 7, '0', 0, 0, 0, '2020-10-12 10:13:53', '2020-10-12 10:13:53'),
(59, 'Jumlah Pegawai Negeri Sipil dengan Tingkat Kepangkatan Penata Muda Tingkat I', 7, '0', 0, 0, 0, '2020-10-12 10:13:53', '2020-10-12 10:13:53'),
(60, 'Jumlah Pegawai Negeri Sipil dengan Tingkat Kepangkatan Penata', 7, '0', 0, 0, 0, '2020-10-12 10:13:53', '2020-10-12 10:13:53'),
(61, 'Jumlah Pegawai Negeri Sipil dengan Tingkat Kepangkatan Penata Tingkat I', 7, '0', 0, 0, 0, '2020-10-12 10:13:53', '2020-10-12 10:13:53'),
(62, 'Jumlah Pegawai Negeri Sipil dengan Tingkat Kepangkatan Pembina', 7, '0', 0, 0, 0, '2020-10-12 10:13:53', '2020-10-12 10:13:53'),
(63, 'Jumlah Pegawai Negeri Sipil dengan Tingkat Kepangkatan Pembina Tingkat I', 7, '0', 0, 0, 0, '2020-10-12 10:13:53', '2020-10-12 10:13:53'),
(64, 'Jumlah Pegawai Negeri Sipil dengan Tingkat Kepangkatan Pembina Utama Muda', 7, '0', 0, 0, 0, '2020-10-12 10:13:53', '2020-10-12 10:13:53'),
(65, 'Jumlah Pegawai Negeri Sipil dengan Tingkat Kepangkatan Pembina Utama', 7, '0', 0, 0, 0, '2020-10-12 10:13:53', '2020-10-12 10:13:53'),
(66, 'Jumlah Pencari Kerja Terdaftar', 7, '0', 0, 0, 0, '2020-10-12 10:13:53', '2020-10-12 10:13:53'),
(67, 'Jumlah Lowongan Kerja Terdaftar', 8, '0', 0, 0, 0, '2020-10-12 10:13:53', '2020-10-12 10:13:53'),
(68, 'Jumlah Penempatan/Pemenuhan Tenaga Kerja', 9, '0', 0, 0, 0, '2020-10-12 10:13:53', '2020-10-12 10:13:53'),
(69, 'Jumlah Sekolah Taman Kanak-kanak (TK) di bawah Kementerian Pendidikan dan Kebudayaan', 2, '0', 0, 0, 0, '2020-10-12 10:13:53', '2020-10-12 10:13:53'),
(70, 'Jumlah Guru Taman Kanak-kanak (TK) di bawah Kementerian Pendidikan dan Kebudayaan', 7, '0', 0, 0, 0, '2020-10-12 10:13:53', '2020-10-12 10:13:53'),
(71, 'Jumlah Murid Taman Kanak-kanak (TK) di bawah Kementerian Pendidikan dan Kebudayaan', 7, '0', 0, 0, 0, '2020-10-12 10:13:54', '2020-10-12 10:13:54'),
(72, 'Jumlah Sekolah Dasar (SD) di bawah Kementerian Pendidikan dan Kebudayaan', 2, '0', 0, 0, 0, '2020-10-12 10:13:54', '2020-10-12 10:13:54'),
(73, 'Jumlah Guru Sekolah Dasar (SD) di bawah Kementerian Pendidikan dan Kebudayaan', 7, '0', 0, 0, 0, '2020-10-12 10:13:54', '2020-10-12 10:13:54'),
(74, 'Jumlah Murid Sekolah Dasar (SD) di bawah Kementerian Pendidikan dan Kebudayaan', 7, '0', 0, 0, 0, '2020-10-12 10:13:54', '2020-10-12 10:13:54'),
(75, 'Jumlah Sekolah Menengah Pertama (SMP) di bawah Kementerian Pendidikan dan Kebudayaan', 2, '0', 0, 0, 0, '2020-10-12 10:13:54', '2020-10-12 10:13:54'),
(76, 'Jumlah Guru Sekolah Menengah Pertama (SMP) di bawah Kementerian Pendidikan dan Kebudayaan', 7, '0', 0, 0, 0, '2020-10-12 10:13:54', '2020-10-12 10:13:54'),
(77, 'Jumlah Murid Sekolah Menengah Pertama (SMP) di bawah Kementerian Pendidikan dan Kebudayaan', 7, '0', 0, 0, 0, '2020-10-12 10:13:54', '2020-10-12 10:13:54'),
(78, 'Jumlah Sekolah Menengah Atas (SMA) di bawah Kementerian Pendidikan dan Kebudayaan', 2, '0', 0, 0, 0, '2020-10-12 10:13:54', '2020-10-12 10:13:54'),
(79, 'Jumlah Guru Sekolah Menengah Atas (SMA) di bawah Kementerian Pendidikan dan Kebudayaan', 7, '0', 0, 0, 0, '2020-10-12 10:13:54', '2020-10-12 10:13:54'),
(80, 'Jumlah Murid Sekolah Menengah Atas (SMA) di bawah Kementerian Pendidikan dan Kebudayaan', 7, '0', 0, 0, 0, '2020-10-12 10:13:54', '2020-10-12 10:13:54'),
(81, 'Jumlah Sekolah Raudatul Athfal (RA) di bawah Kementerian Agama ', 2, '0', 0, 0, 0, '2020-10-12 10:13:54', '2020-10-12 10:13:54'),
(82, 'Jumlah Guru Raudatul Athfal (RA) di bawah Kementerian Agama', 7, '0', 0, 0, 0, '2020-10-12 10:13:54', '2020-10-12 10:13:54'),
(83, 'Jumlah Murid Raudatul Athfal (RA) di bawah Kementerian Agama', 7, '0', 0, 0, 0, '2020-10-12 10:13:54', '2020-10-12 10:13:54'),
(84, 'Jumlah Sekolah Madrasah Ibtidaiyah (MI) di bawah Kementerian Agama', 2, '0', 0, 0, 0, '2020-10-12 10:13:54', '2020-10-12 10:13:54'),
(85, 'Jumlah Guru Madrasah Ibtidaiyah (MI) di bawah Kementerian Agama', 7, '0', 0, 0, 0, '2020-10-12 10:13:54', '2020-10-12 10:13:54'),
(86, 'Jumlah Murid Madrasah Ibtidaiyah (MI) di bawah Kementerian Agama', 7, '0', 0, 0, 0, '2020-10-12 10:13:54', '2020-10-12 10:13:54'),
(87, 'Jumlah Sekolah Madrasah Tsanawiyah (MTs) di bawah Kementerian Agama', 2, '0', 0, 0, 0, '2020-10-12 10:13:54', '2020-10-12 10:13:54'),
(88, 'Jumlah Guru Madrasah Tsanawiyah (MTs) di bawah Kementerian Agama', 7, '0', 0, 0, 0, '2020-10-12 10:13:54', '2020-10-12 10:13:54'),
(89, 'Jumlah Murid Madrasah Tsanawiyah (MTs) di bawah Kementerian Agama', 7, '0', 0, 0, 0, '2020-10-12 10:13:54', '2020-10-12 10:13:54'),
(90, 'Jumlah Sekolah Madrasah Aliyah (MA) di bawah Kementerian Agama', 2, '0', 0, 0, 0, '2020-10-12 10:13:54', '2020-10-12 10:13:54'),
(91, 'Jumlah Guru Madrasah Aliyah (MA) di bawah Kementerian Agama', 7, '0', 0, 0, 0, '2020-10-12 10:13:54', '2020-10-12 10:13:54'),
(92, 'Jumlah Murid Madrasah Aliyah (MA) di bawah Kementerian Agama', 7, '0', 0, 0, 0, '2020-10-12 10:13:54', '2020-10-12 10:13:54'),
(93, 'Jumlah Perguruan Tinggi Negeri di bawah Kementerian Agama', 10, '0', 0, 0, 0, '2020-10-12 10:13:54', '2020-10-12 10:13:54'),
(94, 'Jumlah Perguruan Tinggi Swasta di bawah Kementerian Agama', 10, '0', 0, 0, 0, '2020-10-12 10:13:54', '2020-10-12 10:13:54'),
(95, 'Jumlah Mahasiswa di bawah Kementerian Agama', 7, '0', 0, 0, 0, '2020-10-12 10:13:54', '2020-10-12 10:13:54'),
(96, 'Jumlah Tenaga Edukatif Negeri di bawah Kementerian Agama', 7, '0', 0, 0, 0, '2020-10-12 10:13:54', '2020-10-12 10:13:54'),
(97, 'Jumlah Tenaga Edukatif Swasta di bawah Kementerian Agama', 7, '0', 0, 0, 0, '2020-10-12 10:13:54', '2020-10-12 10:13:54'),
(98, 'Jumlah Jemaah Haji yang diberangkatkan ke Tanah Suci Mekah', 7, '0', 0, 0, 0, '2020-10-12 10:13:54', '2020-10-12 10:13:54'),
(99, 'Jumlah Nikah', 11, '0', 0, 0, 0, '2020-10-12 10:13:54', '2020-10-12 10:13:54'),
(100, 'Jumlah Talak', 12, '0', 0, 0, 0, '2020-10-12 10:13:54', '2020-10-12 10:13:54'),
(101, 'Jumlah Cerai', 13, '0', 0, 0, 0, '2020-10-12 10:13:54', '2020-10-12 10:13:54'),
(102, 'Jumlah Rujuk', 14, '0', 0, 0, 0, '2020-10-12 10:13:54', '2020-10-12 10:13:54'),
(103, 'Jumlah Perguruan Tinggi Negeri di bawah Kementerian Riset, Teknologi dan Pendidikan Tinggi', 10, '0', 0, 0, 0, '2020-10-12 10:13:54', '2020-10-12 10:13:54'),
(104, 'Jumlah Perguruan Tinggi Swasta di bawah Kementerian Riset, Teknologi dan Pendidikan Tinggi', 10, '0', 0, 0, 0, '2020-10-12 10:13:54', '2020-10-12 10:13:54'),
(105, 'Jumlah Mahasiswa di bawah Kementerian Riset, Teknologi dan Pendidikan Tinggi', 7, '0', 0, 0, 0, '2020-10-12 10:13:54', '2020-10-12 10:13:54'),
(106, 'Jumlah Tenaga Edukatif Negeri di bawah Kementerian Riset, Teknologi dan Pendidikan Tinggi', 7, '0', 0, 0, 0, '2020-10-12 10:13:54', '2020-10-12 10:13:54'),
(107, 'Jumlah Tenaga Edukatif Swasta di bawah Kementerian Riset, Teknologi dan Pendidikan Tinggi', 7, '0', 0, 0, 0, '2020-10-12 10:13:54', '2020-10-12 10:13:54'),
(108, 'Jumlah Tenaga Kesehatan', 7, '0', 0, 0, 0, '2020-10-12 10:13:54', '2020-10-12 10:13:54'),
(109, 'Jumlah Kasus Penyakit ', 15, '0', 0, 0, 0, '2020-10-12 10:13:54', '2020-10-12 10:13:54'),
(110, 'Jumlah Rumah Sakit Umum', 2, '0', 0, 0, 0, '2020-10-12 10:13:54', '2020-10-12 10:13:54'),
(111, 'Jumlah Rumah Sakit Khusus', 2, '0', 0, 0, 0, '2020-10-12 10:13:54', '2020-10-12 10:13:54'),
(112, 'Jumlah Rumah Sakit/Rumah Bersalin', 2, '0', 0, 0, 0, '2020-10-12 10:13:54', '2020-10-12 10:13:54'),
(113, 'Jumlah Puskesmas', 2, '0', 0, 0, 0, '2020-10-12 10:13:54', '2020-10-12 10:13:54'),
(114, 'Jumlah Klinik/Balai Kesehatan', 2, '0', 0, 0, 0, '2020-10-12 10:13:54', '2020-10-12 10:13:54'),
(115, 'Jumlah Posyandu', 2, '0', 0, 0, 0, '2020-10-12 10:13:54', '2020-10-12 10:13:54'),
(116, 'Jumlah Polindes', 2, '0', 0, 0, 0, '2020-10-12 10:13:54', '2020-10-12 10:13:54'),
(117, 'Jumlah Kendaraan Bermotor', 2, '0', 0, 0, 0, '2020-10-12 10:13:55', '2020-10-12 10:13:55'),
(118, 'Jumlah Tindak Pidana', 15, '0', 0, 0, 0, '2020-10-12 10:13:55', '2020-10-12 10:13:55'),
(119, 'Jumlah Resiko Penduduk Terjadi Tindak Pidana per 100.000 Penduduk', 9, '0', 0, 0, 0, '2020-10-12 10:13:55', '2020-10-12 10:13:55'),
(120, 'Jumlah Persentase Penyelesaian Tindak Pidana', 9, '0', 0, 0, 0, '2020-10-12 10:13:55', '2020-10-12 10:13:55'),
(121, 'Jumlah Selang Waktu Terjadinya Tindak Pidana', 16, '0', 0, 0, 0, '2020-10-12 10:13:55', '2020-10-12 10:13:55'),
(122, 'Jumlah Perceraian Menurut Faktor', 13, '0', 0, 0, 0, '2020-10-12 10:13:55', '2020-10-12 10:13:55'),
(123, 'Jumlah Kejadiaan Bencana Alam', 17, '0', 0, 0, 0, '2020-10-12 10:13:55', '2020-10-12 10:13:55'),
(124, 'Jumlah Korban Manusia yang diakibatkan Bencana Alam', 18, '0', 0, 0, 0, '2020-10-12 10:13:55', '2020-10-12 10:13:55'),
(125, 'Jumlah Kerusakan Rumah yang diakibatkan Bencana Alam', 2, '0', 0, 0, 0, '2020-10-12 10:13:55', '2020-12-16 23:31:33'),
(126, 'Jumlah Penerima Bantuan (Kepala Keluarga)', 19, '0', 0, 0, 0, '2020-10-12 10:13:55', '2020-10-12 10:13:55'),
(127, 'Jumlah Anggaran Bantuan Sosial Pangan', 20, '0', 0, 0, 0, '2020-10-12 10:13:55', '2020-10-12 10:13:55'),
(128, 'Luas Kawasan Hutan', 21, '0', 0, 0, 0, '2020-10-12 10:13:55', '2020-10-12 10:13:55'),
(129, 'Luas Kawasan Perairan', 22, '0', 0, 0, 0, '2020-10-12 10:13:55', '2020-10-12 10:13:55'),
(130, 'Jumlah Produksi Kayu Hutan Menurut Jenis Produksi', 23, '0', 0, 0, 0, '2020-10-12 10:13:55', '2020-10-12 10:13:55'),
(131, 'Jumlah Populasi Ternak', 24, '0', 0, 0, 0, '2020-10-12 10:13:55', '2020-10-12 10:13:55'),
(132, 'Jumlah Populasi Unggas', 24, '0', 0, 0, 0, '2020-10-12 10:13:55', '2020-10-12 10:13:55'),
(133, 'Jumlah Produksi Daging Ternak', 25, '0', 0, 0, 0, '2020-10-12 10:13:55', '2020-10-12 10:13:55'),
(134, 'Jumlah Produksi Daging Unggas', 25, '0', 0, 0, 0, '2020-10-12 10:13:55', '2020-10-12 10:13:55'),
(135, 'Jumlah Produksi Telur Unggas', 25, '0', 0, 0, 0, '2020-10-12 10:13:55', '2020-10-12 10:13:55'),
(136, 'Jumlah Produksi Susu Sapi', 26, '0', 0, 0, 0, '2020-10-12 10:13:55', '2020-10-12 10:13:55'),
(137, 'Jumlah Produksi Perikanan Tangkap', 25, '0', 0, 0, 0, '2020-10-12 10:13:55', '2020-10-12 10:13:55'),
(138, 'Jumlah Nilai Produksi Perikanan Tangkap', 20, '0', 0, 0, 0, '2020-10-12 10:13:55', '2020-10-12 10:13:55'),
(139, 'Jumlah Jenis Penangkapan', 17, '0', 0, 0, 0, '2020-10-12 10:13:55', '2020-10-12 10:13:55'),
(140, 'Jumlah Produksi Perikanan Tangkap di Perairan Umum', 25, '0', 0, 0, 0, '2020-10-12 10:13:55', '2020-10-12 10:13:55'),
(141, 'Jumlah Nilai Produksi Perikanan Tangkap di Perairan Umum', 20, '0', 0, 0, 0, '2020-10-12 10:13:55', '2020-10-12 10:13:55'),
(142, 'Jumlah Produksi Perikanan Budidaya ', 25, '0', 0, 0, 0, '2020-10-12 10:13:55', '2020-10-12 10:13:55'),
(143, 'Jumlah Nilai Produksi Perikanan Budidaya', 20, '0', 0, 0, 0, '2020-10-12 10:13:55', '2020-10-12 10:13:55'),
(144, 'Jumlah Jenis Budidaya', 17, '0', 0, 0, 0, '2020-10-12 10:13:55', '2020-10-12 10:13:55'),
(145, 'Panjang Jalan', 27, '0', 2, 0, 0, '2020-10-12 10:13:55', '2020-12-16 23:31:47');

-- --------------------------------------------------------

--
-- Struktur dari tabel `spm_trans`
--

CREATE TABLE `spm_trans` (
  `id` int(11) NOT NULL,
  `user_id` int(11) NOT NULL,
  `id_spm` int(11) NOT NULL,
  `id_kec` int(11) DEFAULT NULL,
  `id_kel` int(11) DEFAULT NULL,
  `id_tahun` int(11) NOT NULL,
  `tgl_pengisian` timestamp NULL DEFAULT NULL,
  `value` varchar(255) NOT NULL,
  `check_active` tinyint(4) NOT NULL,
  `status` varchar(255) NOT NULL,
  `created_at` timestamp NULL DEFAULT NULL,
  `updated_at` timestamp NULL DEFAULT NULL
) ENGINE=InnoDB DEFAULT CHARSET=latin1 ROW_FORMAT=DYNAMIC;

--
-- Dumping data untuk tabel `spm_trans`
--

INSERT INTO `spm_trans` (`id`, `user_id`, `id_spm`, `id_kec`, `id_kel`, `id_tahun`, `tgl_pengisian`, `value`, `check_active`, `status`, `created_at`, `updated_at`) VALUES
(1, 4, 125, NULL, NULL, 9, NULL, '', 1, 'aktif', '2020-12-16 23:31:33', '2020-12-16 23:31:33'),
(2, 4, 145, NULL, 0, 9, NULL, '', 1, 'aktif', '2020-12-16 23:31:47', '2020-12-16 23:31:47'),
(3, 4, 145, 1, NULL, 9, NULL, '', 1, 'aktif', '2020-12-16 23:31:47', '2020-12-16 23:31:47'),
(4, 4, 145, 2, NULL, 9, NULL, '', 1, 'aktif', '2020-12-16 23:31:47', '2020-12-16 23:31:47'),
(5, 4, 145, 3, NULL, 9, NULL, '', 1, 'aktif', '2020-12-16 23:31:47', '2020-12-16 23:31:47'),
(6, 4, 145, 4, NULL, 9, NULL, '', 1, 'aktif', '2020-12-16 23:31:47', '2020-12-16 23:31:47'),
(7, 4, 145, 5, NULL, 9, NULL, '', 1, 'aktif', '2020-12-16 23:31:47', '2020-12-16 23:31:47'),
(8, 4, 145, 6, NULL, 9, NULL, '', 1, 'aktif', '2020-12-16 23:31:47', '2020-12-16 23:31:47'),
(9, 4, 145, 7, NULL, 9, NULL, '', 1, 'aktif', '2020-12-16 23:31:47', '2020-12-16 23:31:47'),
(10, 4, 145, 8, NULL, 9, NULL, '', 1, 'aktif', '2020-12-16 23:31:47', '2020-12-16 23:31:47'),
(11, 4, 145, 9, NULL, 9, NULL, '', 1, 'aktif', '2020-12-16 23:31:47', '2020-12-16 23:31:47'),
(12, 4, 145, 10, NULL, 9, NULL, '', 1, 'aktif', '2020-12-16 23:31:47', '2020-12-16 23:31:47'),
(13, 4, 145, 11, NULL, 9, NULL, '', 1, 'aktif', '2020-12-16 23:31:47', '2020-12-16 23:31:47'),
(14, 4, 145, 12, NULL, 9, NULL, '', 1, 'aktif', '2020-12-16 23:31:47', '2020-12-16 23:31:47'),
(15, 4, 145, 13, NULL, 9, NULL, '', 1, 'aktif', '2020-12-16 23:31:47', '2020-12-16 23:31:47'),
(16, 4, 145, 14, NULL, 9, NULL, '', 1, 'aktif', '2020-12-16 23:31:47', '2020-12-16 23:31:47');

-- --------------------------------------------------------

--
-- Struktur dari tabel `sub_areas`
--

CREATE TABLE `sub_areas` (
  `id` int(11) NOT NULL,
  `business_id` int(11) NOT NULL,
  `area_id` int(11) NOT NULL,
  `check_sub` tinyint(4) NOT NULL,
  `unit_id` int(11) DEFAULT NULL,
  `role` varchar(255) NOT NULL,
  `subarea_name` varchar(100) DEFAULT NULL,
  `active` tinyint(4) NOT NULL DEFAULT '0',
  `created_at` timestamp NULL DEFAULT NULL,
  `updated_at` timestamp NOT NULL DEFAULT CURRENT_TIMESTAMP
) ENGINE=InnoDB DEFAULT CHARSET=utf8mb4 ROW_FORMAT=DYNAMIC;

--
-- Dumping data untuk tabel `sub_areas`
--

INSERT INTO `sub_areas` (`id`, `business_id`, `area_id`, `check_sub`, `unit_id`, `role`, `subarea_name`, `active`, `created_at`, `updated_at`) VALUES
(1, 2, 3, 0, NULL, '', 'sub bidang 166', 1, '2020-08-28 01:29:42', '2020-08-28 01:37:26'),
(2, 2, 3, 1, NULL, '', 'bbbbbb', 0, '2020-08-28 01:37:33', '2020-08-28 01:37:33'),
(3, 1, 2, 0, NULL, 'Dinas Pendidikan dan Kebudayaan', '1. Jumlah Penduduk Usia 0-6 Tahun', 0, '2020-08-28 02:52:52', '2020-12-17 00:01:15'),
(63, 1, 63, 0, 2, 'Kecamatan', 'Kecamatan Moga', 0, '2020-11-23 08:32:26', '2020-11-23 08:32:26'),
(64, 1, 64, 0, 2, 'Kecamatan', 'Kecamatan Moga', 0, '2020-11-23 08:34:27', '2020-11-23 08:34:27'),
(65, 1, 64, 0, 2, 'Kecamatan', 'Kecamatan Pulosari', 0, '2020-11-23 08:34:27', '2020-11-23 08:34:27'),
(66, 1, 64, 0, 2, 'Kecamatan', 'Kecamatan Belik', 0, '2020-11-23 08:34:28', '2020-11-23 08:34:28'),
(67, 1, 64, 0, 2, 'Kecamatan', 'Kecamatan Watukumpul', 0, '2020-11-23 08:34:28', '2020-11-23 08:34:28'),
(68, 1, 64, 0, 2, 'Kecamatan', 'Kecamatan Bodeh', 0, '2020-11-23 08:34:28', '2020-11-23 08:34:28'),
(69, 1, 64, 0, 2, 'Kecamatan', 'Kecamatan Bantarbolang', 0, '2020-11-23 08:34:28', '2020-11-23 08:34:28'),
(70, 1, 64, 0, 2, 'Kecamatan', 'Kecamatan Randudongkal', 0, '2020-11-23 08:34:28', '2020-11-23 08:34:28'),
(71, 1, 64, 0, 2, 'Kecamatan', 'Kecamatan Pemalang', 0, '2020-11-23 08:34:28', '2020-11-23 08:34:28'),
(72, 1, 64, 0, 2, 'Kecamatan', 'Kecamatan Taman', 0, '2020-11-23 08:34:28', '2020-11-23 08:34:28'),
(73, 1, 64, 0, 2, 'Kecamatan', 'Kecamatan Petarukan', 0, '2020-11-23 08:34:28', '2020-11-23 08:34:28'),
(74, 1, 64, 0, 2, 'Kecamatan', 'Kecamatan Ampelgading', 0, '2020-11-23 08:34:28', '2020-11-23 08:34:28'),
(75, 1, 64, 0, 2, 'Kecamatan', 'Kecamatan Comal', 0, '2020-11-23 08:34:28', '2020-11-23 08:34:28'),
(76, 1, 64, 0, 2, 'Kecamatan', 'Kecamatan Ulujami', 0, '2020-11-23 08:34:28', '2020-11-23 08:34:28'),
(77, 1, 64, 0, 2, 'Kecamatan', 'Kecamatan Warungpring', 0, '2020-11-23 08:34:28', '2020-11-23 08:34:28'),
(78, 1, 65, 0, 2, 'Kelurahan', 'Kecamatan Moga', 0, '2020-11-23 08:43:53', '2020-11-23 08:43:53'),
(79, 1, 65, 0, 2, 'Kelurahan', 'Kecamatan Pulosari', 0, '2020-11-23 08:43:53', '2020-11-23 08:43:53'),
(80, 1, 65, 0, 2, 'Kelurahan', 'Kecamatan Belik', 0, '2020-11-23 08:43:53', '2020-11-23 08:43:53'),
(81, 1, 65, 0, 2, 'Kelurahan', 'Kecamatan Watukumpul', 0, '2020-11-23 08:43:53', '2020-11-23 08:43:53'),
(82, 1, 65, 0, 2, 'Kelurahan', 'Kecamatan Bodeh', 0, '2020-11-23 08:43:53', '2020-11-23 08:43:53'),
(83, 1, 65, 0, 2, 'Kelurahan', 'Kecamatan Bantarbolang', 0, '2020-11-23 08:43:53', '2020-11-23 08:43:53'),
(84, 1, 65, 0, 2, 'Kelurahan', 'Kecamatan Randudongkal', 0, '2020-11-23 08:43:53', '2020-11-23 08:43:53'),
(85, 1, 65, 0, 2, 'Kelurahan', 'Kecamatan Pemalang', 0, '2020-11-23 08:43:53', '2020-11-23 08:43:53'),
(86, 1, 65, 0, 2, 'Kelurahan', 'Kecamatan Taman', 0, '2020-11-23 08:43:53', '2020-11-23 08:43:53'),
(87, 1, 65, 0, 2, 'Kelurahan', 'Kecamatan Petarukan', 0, '2020-11-23 08:43:53', '2020-11-23 08:43:53'),
(88, 1, 65, 0, 2, 'Kelurahan', 'Kecamatan Ampelgading', 0, '2020-11-23 08:43:53', '2020-11-23 08:43:53'),
(89, 1, 65, 0, 2, 'Kelurahan', 'Kecamatan Comal', 0, '2020-11-23 08:43:53', '2020-11-23 08:43:53'),
(90, 1, 65, 0, 2, 'Kelurahan', 'Kecamatan Ulujami', 0, '2020-11-23 08:43:54', '2020-11-23 08:43:54'),
(91, 1, 65, 0, 2, 'Kelurahan', 'Kecamatan Warungpring', 0, '2020-11-23 08:43:54', '2020-11-23 08:43:54'),
(92, 1, 66, 0, 2, 'Kelurahan', 'Kecamatan Moga', 0, '2020-11-23 08:46:27', '2020-11-23 08:46:27'),
(93, 1, 66, 0, 2, 'Kelurahan', 'Kecamatan Pulosari', 0, '2020-11-23 08:46:27', '2020-11-23 08:46:27'),
(94, 1, 66, 0, 2, 'Kelurahan', 'Kecamatan Belik', 0, '2020-11-23 08:46:27', '2020-11-23 08:46:27'),
(95, 1, 66, 0, 2, 'Kelurahan', 'Kecamatan Watukumpul', 0, '2020-11-23 08:46:27', '2020-11-23 08:46:27'),
(96, 1, 66, 0, 2, 'Kelurahan', 'Kecamatan Bodeh', 0, '2020-11-23 08:46:27', '2020-11-23 08:46:27'),
(97, 1, 66, 0, 2, 'Kelurahan', 'Kecamatan Bantarbolang', 0, '2020-11-23 08:46:27', '2020-11-23 08:46:27'),
(98, 1, 66, 0, 2, 'Kelurahan', 'Kecamatan Randudongkal', 0, '2020-11-23 08:46:27', '2020-11-23 08:46:27'),
(99, 1, 66, 0, 2, 'Kelurahan', 'Kecamatan Pemalang', 0, '2020-11-23 08:46:27', '2020-11-23 08:46:27'),
(100, 1, 66, 0, 2, 'Kelurahan', 'Kecamatan Taman', 0, '2020-11-23 08:46:27', '2020-11-23 08:46:27'),
(101, 1, 66, 0, 2, 'Kelurahan', 'Kecamatan Petarukan', 0, '2020-11-23 08:46:27', '2020-11-23 08:46:27'),
(102, 1, 66, 0, 2, 'Kelurahan', 'Kecamatan Ampelgading', 0, '2020-11-23 08:46:27', '2020-11-23 08:46:27'),
(103, 1, 66, 0, 2, 'Kelurahan', 'Kecamatan Comal', 0, '2020-11-23 08:46:27', '2020-11-23 08:46:27'),
(104, 1, 66, 0, 2, 'Kelurahan', 'Kecamatan Ulujami', 0, '2020-11-23 08:46:27', '2020-11-23 08:46:27'),
(105, 1, 66, 0, 2, 'Kelurahan', 'Kecamatan Warungpring', 0, '2020-11-23 08:46:27', '2020-11-23 08:46:27'),
(106, 1, 66, 0, 0, '', 'Kecamatan Moga', 0, '2020-11-23 08:46:27', '2020-11-23 08:46:27'),
(107, 1, 67, 0, 2, 'Kelurahan', 'Kecamatan Moga', 0, '2020-11-23 08:46:56', '2020-11-23 08:46:56'),
(108, 1, 67, 0, 2, 'Kelurahan', 'Kecamatan Pulosari', 0, '2020-11-23 08:46:56', '2020-11-23 08:46:56'),
(109, 1, 67, 0, 2, 'Kelurahan', 'Kecamatan Belik', 0, '2020-11-23 08:46:56', '2020-11-23 08:46:56'),
(110, 1, 67, 0, 2, 'Kelurahan', 'Kecamatan Watukumpul', 0, '2020-11-23 08:46:56', '2020-11-23 08:46:56'),
(111, 1, 67, 0, 2, 'Kelurahan', 'Kecamatan Bodeh', 0, '2020-11-23 08:46:56', '2020-11-23 08:46:56'),
(112, 1, 67, 0, 2, 'Kelurahan', 'Kecamatan Bantarbolang', 0, '2020-11-23 08:46:56', '2020-11-23 08:46:56'),
(113, 1, 67, 0, 2, 'Kelurahan', 'Kecamatan Randudongkal', 0, '2020-11-23 08:46:56', '2020-11-23 08:46:56'),
(114, 1, 67, 0, 2, 'Kelurahan', 'Kecamatan Pemalang', 0, '2020-11-23 08:46:56', '2020-11-23 08:46:56'),
(115, 1, 67, 0, 2, 'Kelurahan', 'Kecamatan Taman', 0, '2020-11-23 08:46:57', '2020-11-23 08:46:57'),
(116, 1, 67, 0, 2, 'Kelurahan', 'Kecamatan Petarukan', 0, '2020-11-23 08:46:57', '2020-11-23 08:46:57'),
(117, 1, 67, 0, 2, 'Kelurahan', 'Kecamatan Ampelgading', 0, '2020-11-23 08:46:57', '2020-11-23 08:46:57'),
(118, 1, 67, 0, 2, 'Kelurahan', 'Kecamatan Comal', 0, '2020-11-23 08:46:57', '2020-11-23 08:46:57'),
(119, 1, 67, 0, 2, 'Kelurahan', 'Kecamatan Ulujami', 0, '2020-11-23 08:46:57', '2020-11-23 08:46:57'),
(120, 1, 67, 0, 2, 'Kelurahan', 'Kecamatan Warungpring', 0, '2020-11-23 08:46:57', '2020-11-23 08:46:57'),
(121, 1, 67, 0, 0, '', 'Kecamatan Moga', 0, '2020-11-23 08:46:57', '2020-11-23 08:46:57'),
(122, 1, 67, 0, 2, 'Kelurahan', 'Desa Banyumudal', 0, '2020-11-23 08:46:57', '2020-11-23 08:46:57'),
(123, 1, 67, 0, 2, 'Kelurahan', 'Desa Walangsanga', 0, '2020-11-23 08:46:57', '2020-11-23 08:46:57'),
(124, 1, 67, 0, 2, 'Kelurahan', 'Desa Wangkelang', 0, '2020-11-23 08:46:57', '2020-11-23 08:46:57'),
(125, 1, 67, 0, 2, 'Kelurahan', 'Desa Sima', 0, '2020-11-23 08:46:57', '2020-11-23 08:46:57'),
(126, 1, 67, 0, 2, 'Kelurahan', 'Desa Plakaran', 0, '2020-11-23 08:46:57', '2020-11-23 08:46:57'),
(127, 1, 67, 0, 2, 'Kelurahan', 'Desa Pepedan', 0, '2020-11-23 08:46:57', '2020-11-23 08:46:57'),
(128, 1, 67, 0, 2, 'Kelurahan', 'Desa Moga', 0, '2020-11-23 08:46:57', '2020-11-23 08:46:57'),
(129, 1, 67, 0, 2, 'Kelurahan', 'Desa Mandiraja', 0, '2020-11-23 08:46:57', '2020-11-23 08:46:57'),
(130, 1, 67, 0, 2, 'Kelurahan', 'Desa Kebanggan', 0, '2020-11-23 08:46:57', '2020-11-23 08:46:57'),
(131, 1, 67, 0, 2, 'Kelurahan', 'Desa Gendowang', 0, '2020-11-23 08:46:57', '2020-11-23 08:46:57'),
(132, 1, 67, 0, 0, '', 'Kecamatan Pulosari', 0, '2020-11-23 08:46:57', '2020-11-23 08:46:57'),
(133, 1, 67, 0, 2, 'Kelurahan', 'Desa Siremeng', 0, '2020-11-23 08:46:57', '2020-11-23 08:46:57'),
(134, 1, 67, 0, 2, 'Kelurahan', 'Desa Pulosari', 0, '2020-11-23 08:46:57', '2020-11-23 08:46:57'),
(135, 1, 67, 0, 2, 'Kelurahan', 'Desa Penakir', 0, '2020-11-23 08:46:57', '2020-11-23 08:46:57'),
(136, 1, 67, 0, 2, 'Kelurahan', 'Desa Pagenteran', 0, '2020-11-23 08:46:57', '2020-11-23 08:46:57'),
(137, 1, 67, 0, 2, 'Kelurahan', 'Desa Nyalembeng', 0, '2020-11-23 08:46:57', '2020-11-23 08:46:57'),
(138, 1, 67, 0, 2, 'Kelurahan', 'Desa Karangsari', 0, '2020-11-23 08:46:57', '2020-11-23 08:46:57'),
(139, 1, 67, 0, 2, 'Kelurahan', 'Desa Jurangmangu', 0, '2020-11-23 08:46:57', '2020-11-23 08:46:57'),
(140, 1, 67, 0, 2, 'Kelurahan', 'Desa Gunungsari', 0, '2020-11-23 08:46:57', '2020-11-23 08:46:57'),
(141, 1, 67, 0, 2, 'Kelurahan', 'Desa Gambuhan', 0, '2020-11-23 08:46:57', '2020-11-23 08:46:57'),
(142, 1, 67, 0, 2, 'Kelurahan', 'Desa Clekatakan', 0, '2020-11-23 08:46:57', '2020-11-23 08:46:57'),
(143, 1, 67, 0, 2, 'Kelurahan', 'Desa Cikendung', 0, '2020-11-23 08:46:57', '2020-11-23 08:46:57'),
(144, 1, 67, 0, 2, 'Kelurahan', 'Desa Batursari', 0, '2020-11-23 08:46:57', '2020-11-23 08:46:57'),
(145, 1, 67, 0, 0, '', 'Kecamatan Belik', 0, '2020-11-23 08:46:57', '2020-11-23 08:46:57'),
(146, 1, 67, 0, 2, 'Kelurahan', 'Desa Simpur', 0, '2020-11-23 08:46:57', '2020-11-23 08:46:57'),
(147, 1, 67, 0, 2, 'Kelurahan', 'Desa Sikasur', 0, '2020-11-23 08:46:57', '2020-11-23 08:46:57'),
(148, 1, 67, 0, 2, 'Kelurahan', 'Desa Mendelem', 0, '2020-11-23 08:46:57', '2020-11-23 08:46:57'),
(149, 1, 67, 0, 2, 'Kelurahan', 'Desa Kuta', 0, '2020-11-23 08:46:57', '2020-11-23 08:46:57'),
(150, 1, 67, 0, 2, 'Kelurahan', 'Desa Kalisaleh', 0, '2020-11-23 08:46:57', '2020-11-23 08:46:57'),
(151, 1, 67, 0, 2, 'Kelurahan', 'Desa Gunungtiga', 0, '2020-11-23 08:46:57', '2020-11-23 08:46:57'),
(152, 1, 67, 0, 2, 'Kelurahan', 'Desa Gunungjaya', 0, '2020-11-23 08:46:57', '2020-11-23 08:46:57'),
(153, 1, 67, 0, 2, 'Kelurahan', 'Desa Gombong', 0, '2020-11-23 08:46:58', '2020-11-23 08:46:58'),
(154, 1, 67, 0, 2, 'Kelurahan', 'Desa Bulakan', 0, '2020-11-23 08:46:58', '2020-11-23 08:46:58'),
(155, 1, 67, 0, 2, 'Kelurahan', 'Desa Beluk', 0, '2020-11-23 08:46:58', '2020-11-23 08:46:58'),
(156, 1, 67, 0, 2, 'Kelurahan', 'Desa Belik', 0, '2020-11-23 08:46:58', '2020-11-23 08:46:58'),
(157, 1, 67, 0, 2, 'Kelurahan', 'Desa Badak', 0, '2020-11-23 08:46:58', '2020-11-23 08:46:58'),
(158, 1, 67, 0, 0, '', 'Kecamatan Watukumpul', 0, '2020-11-23 08:46:58', '2020-11-23 08:46:58'),
(159, 1, 67, 0, 2, 'Kelurahan', 'Desa Bodas', 0, '2020-11-23 08:46:58', '2020-11-23 08:46:58'),
(160, 1, 67, 0, 2, 'Kelurahan', 'Desa Wisnu', 0, '2020-11-23 08:46:58', '2020-11-23 08:46:58'),
(161, 1, 67, 0, 2, 'Kelurahan', 'Desa Watukumpul', 0, '2020-11-23 08:46:58', '2020-11-23 08:46:58'),
(162, 1, 67, 0, 2, 'Kelurahan', 'Desa Tundagan', 0, '2020-11-23 08:46:58', '2020-11-23 08:46:58'),
(163, 1, 67, 0, 2, 'Kelurahan', 'Desa Tlagasana', 0, '2020-11-23 08:46:58', '2020-11-23 08:46:58'),
(164, 1, 67, 0, 2, 'Kelurahan', 'Desa Tambi', 0, '2020-11-23 08:46:58', '2020-11-23 08:46:58'),
(165, 1, 67, 0, 2, 'Kelurahan', 'Desa Pagelaran', 0, '2020-11-23 08:46:58', '2020-11-23 08:46:58'),
(166, 1, 67, 0, 2, 'Kelurahan', 'Desa Medayu', 0, '2020-11-23 08:46:58', '2020-11-23 08:46:58'),
(167, 1, 67, 0, 2, 'Kelurahan', 'Desa Majalangu', 0, '2020-11-23 08:46:58', '2020-11-23 08:46:58'),
(168, 1, 67, 0, 2, 'Kelurahan', 'Desa Majakerta', 0, '2020-11-23 08:46:58', '2020-11-23 08:46:58'),
(169, 1, 67, 0, 2, 'Kelurahan', 'Desa Jojogan', 0, '2020-11-23 08:46:58', '2020-11-23 08:46:58'),
(170, 1, 67, 0, 2, 'Kelurahan', 'Desa Gapura', 0, '2020-11-23 08:46:58', '2020-11-23 08:46:58'),
(171, 1, 67, 0, 2, 'Kelurahan', 'Desa Cikadu', 0, '2020-11-23 08:46:58', '2020-11-23 08:46:58'),
(172, 1, 67, 0, 2, 'Kelurahan', 'Desa Cawet', 0, '2020-11-23 08:46:58', '2020-11-23 08:46:58'),
(173, 1, 67, 0, 2, 'Kelurahan', 'Desa Bongas', 0, '2020-11-23 08:46:58', '2020-11-23 08:46:58'),
(174, 1, 67, 0, 0, '', 'Kecamatan Bodeh', 0, '2020-11-23 08:46:58', '2020-11-23 08:46:58'),
(175, 1, 67, 0, 2, 'Kelurahan', 'Desa Babakan', 0, '2020-11-23 08:46:58', '2020-11-23 08:46:58'),
(176, 1, 67, 0, 2, 'Kelurahan', 'Desa Bodeh', 0, '2020-11-23 08:46:58', '2020-11-23 08:46:58'),
(177, 1, 67, 0, 2, 'Kelurahan', 'Desa Cangak', 0, '2020-11-23 08:46:58', '2020-11-23 08:46:58'),
(178, 1, 67, 0, 2, 'Kelurahan', 'Desa Gunungbatu', 0, '2020-11-23 08:46:58', '2020-11-23 08:46:58'),
(179, 1, 67, 0, 2, 'Kelurahan', 'Desa Jatingarang', 0, '2020-11-23 08:46:58', '2020-11-23 08:46:58'),
(180, 1, 67, 0, 2, 'Kelurahan', 'Desa Jatiroyom', 0, '2020-11-23 08:46:58', '2020-11-23 08:46:58'),
(181, 1, 67, 0, 2, 'Kelurahan', 'Desa Jraganan', 0, '2020-11-23 08:46:58', '2020-11-23 08:46:58'),
(182, 1, 67, 0, 2, 'Kelurahan', 'Desa Karangbrai', 0, '2020-11-23 08:46:58', '2020-11-23 08:46:58'),
(183, 1, 67, 0, 2, 'Kelurahan', 'Desa Kebandaran', 0, '2020-11-23 08:46:58', '2020-11-23 08:46:58'),
(184, 1, 67, 0, 2, 'Kelurahan', 'Desa Kebandungan', 0, '2020-11-23 08:46:58', '2020-11-23 08:46:58'),
(185, 1, 67, 0, 2, 'Kelurahan', 'Desa Kelangdepok', 0, '2020-11-23 08:46:58', '2020-11-23 08:46:58'),
(186, 1, 67, 0, 2, 'Kelurahan', 'Desa Kesesirejo', 0, '2020-11-23 08:46:58', '2020-11-23 08:46:58'),
(187, 1, 67, 0, 2, 'Kelurahan', 'Desa Kwasen', 0, '2020-11-23 08:46:58', '2020-11-23 08:46:58'),
(188, 1, 67, 0, 2, 'Kelurahan', 'Desa Longkeyang', 0, '2020-11-23 08:46:58', '2020-11-23 08:46:58'),
(189, 1, 67, 0, 2, 'Kelurahan', 'Desa Muncang', 0, '2020-11-23 08:46:58', '2020-11-23 08:46:58'),
(190, 1, 67, 0, 2, 'Kelurahan', 'Desa Parunggalih', 0, '2020-11-23 08:46:58', '2020-11-23 08:46:58'),
(191, 1, 67, 0, 2, 'Kelurahan', 'Desa Pasir', 0, '2020-11-23 08:46:58', '2020-11-23 08:46:58'),
(192, 1, 67, 0, 2, 'Kelurahan', 'Desa Payung', 0, '2020-11-23 08:46:58', '2020-11-23 08:46:58'),
(193, 1, 67, 0, 2, 'Kelurahan', 'Desa Pendowo', 0, '2020-11-23 08:46:58', '2020-11-23 08:46:58'),
(194, 1, 67, 0, 0, '', 'Kecamatan Bantarbolang', 0, '2020-11-23 08:46:58', '2020-11-23 08:46:58'),
(195, 1, 67, 0, 2, 'Kelurahan', 'Desa Banjarsari', 0, '2020-11-23 08:46:58', '2020-11-23 08:46:58'),
(196, 1, 67, 0, 2, 'Kelurahan', 'Desa Bantarbolang', 0, '2020-11-23 08:46:58', '2020-11-23 08:46:58'),
(197, 1, 67, 0, 2, 'Kelurahan', 'Desa Glandang', 0, '2020-11-23 08:46:58', '2020-11-23 08:46:58'),
(198, 1, 67, 0, 2, 'Kelurahan', 'Desa Karanganyar', 0, '2020-11-23 08:46:58', '2020-11-23 08:46:58'),
(199, 1, 67, 0, 2, 'Kelurahan', 'Desa Kebon Gede', 0, '2020-11-23 08:46:58', '2020-11-23 08:46:58'),
(200, 1, 67, 0, 2, 'Kelurahan', 'Desa Kuta', 0, '2020-11-23 08:46:58', '2020-11-23 08:46:58'),
(201, 1, 67, 0, 2, 'Kelurahan', 'Desa Lenggerong', 0, '2020-11-23 08:46:58', '2020-11-23 08:46:58'),
(202, 1, 67, 0, 2, 'Kelurahan', 'Desa Pabuaran', 0, '2020-11-23 08:46:58', '2020-11-23 08:46:58'),
(203, 1, 67, 0, 2, 'Kelurahan', 'Desa Paguyangan', 0, '2020-11-23 08:46:58', '2020-11-23 08:46:58'),
(204, 1, 67, 0, 2, 'Kelurahan', 'Desa Pedagung', 0, '2020-11-23 08:46:58', '2020-11-23 08:46:58'),
(205, 1, 67, 0, 2, 'Kelurahan', 'Desa Pegiringan', 0, '2020-11-23 08:46:58', '2020-11-23 08:46:58'),
(206, 1, 67, 0, 2, 'Kelurahan', 'Desa Purana', 0, '2020-11-23 08:46:58', '2020-11-23 08:46:58'),
(207, 1, 67, 0, 2, 'Kelurahan', 'Desa Sambeng', 0, '2020-11-23 08:46:58', '2020-11-23 08:46:58'),
(208, 1, 67, 0, 2, 'Kelurahan', 'Desa Sarwodadi', 0, '2020-11-23 08:46:59', '2020-11-23 08:46:59'),
(209, 1, 67, 0, 2, 'Kelurahan', 'Desa Sumurkidang', 0, '2020-11-23 08:46:59', '2020-11-23 08:46:59'),
(210, 1, 67, 0, 2, 'Kelurahan', 'Desa Suru', 0, '2020-11-23 08:46:59', '2020-11-23 08:46:59'),
(211, 1, 67, 0, 2, 'Kelurahan', 'Desa Wanarata', 0, '2020-11-23 08:46:59', '2020-11-23 08:46:59'),
(212, 1, 67, 0, 0, '', 'Kecamatan Randudongkal', 0, '2020-11-23 08:46:59', '2020-11-23 08:46:59'),
(213, 1, 67, 0, 2, 'Kelurahan', 'Desa Banjaranyar', 0, '2020-11-23 08:46:59', '2020-11-23 08:46:59'),
(214, 1, 67, 0, 2, 'Kelurahan', 'Desa Gembyang', 0, '2020-11-23 08:46:59', '2020-11-23 08:46:59'),
(215, 1, 67, 0, 2, 'Kelurahan', 'Desa Gongseng', 0, '2020-11-23 08:46:59', '2020-11-23 08:46:59'),
(216, 1, 67, 0, 2, 'Kelurahan', 'Desa Kalimas', 0, '2020-11-23 08:46:59', '2020-11-23 08:46:59'),
(217, 1, 67, 0, 2, 'Kelurahan', 'Desa Kalitorong', 0, '2020-11-23 08:46:59', '2020-11-23 08:46:59'),
(218, 1, 67, 0, 2, 'Kelurahan', 'Desa Karangmoncol', 0, '2020-11-23 08:46:59', '2020-11-23 08:46:59'),
(219, 1, 67, 0, 2, 'Kelurahan', 'Desa Kecepit', 0, '2020-11-23 08:46:59', '2020-11-23 08:46:59'),
(220, 1, 67, 0, 2, 'Kelurahan', 'Desa Kejene', 0, '2020-11-23 08:46:59', '2020-11-23 08:46:59'),
(221, 1, 67, 0, 2, 'Kelurahan', 'Desa Kreyo', 0, '2020-11-23 08:46:59', '2020-11-23 08:46:59'),
(222, 1, 67, 0, 2, 'Kelurahan', 'Desa Lodaya', 0, '2020-11-23 08:46:59', '2020-11-23 08:46:59'),
(223, 1, 67, 0, 2, 'Kelurahan', 'Desa Mangli', 0, '2020-11-23 08:46:59', '2020-11-23 08:46:59'),
(224, 1, 67, 0, 2, 'Kelurahan', 'Desa Mejagong', 0, '2020-11-23 08:46:59', '2020-11-23 08:46:59'),
(225, 1, 67, 0, 2, 'Kelurahan', 'Desa Penusupan', 0, '2020-11-23 08:46:59', '2020-11-23 08:46:59'),
(226, 1, 67, 0, 2, 'Kelurahan', 'Desa Randudongkal', 0, '2020-11-23 08:46:59', '2020-11-23 08:46:59'),
(227, 1, 67, 0, 2, 'Kelurahan', 'Desa Rembul', 0, '2020-11-23 08:46:59', '2020-11-23 08:46:59'),
(228, 1, 67, 0, 2, 'Kelurahan', 'Desa Semaya', 0, '2020-11-23 08:46:59', '2020-11-23 08:46:59'),
(229, 1, 67, 0, 2, 'Kelurahan', 'Desa Semingkir', 0, '2020-11-23 08:46:59', '2020-11-23 08:46:59'),
(230, 1, 67, 0, 2, 'Kelurahan', 'Desa Tanahbaya', 0, '2020-11-23 08:46:59', '2020-11-23 08:46:59'),
(231, 1, 67, 0, 0, '', 'Kecamatan Pemalang', 0, '2020-11-23 08:46:59', '2020-11-23 08:46:59'),
(232, 1, 67, 0, 2, 'Kelurahan', 'Kelurahan Bojongbata', 0, '2020-11-23 08:46:59', '2020-11-23 08:46:59'),
(233, 1, 67, 0, 2, 'Kelurahan', 'Kelurahan Kebondalem', 0, '2020-11-23 08:46:59', '2020-11-23 08:46:59'),
(234, 1, 67, 0, 2, 'Kelurahan', 'Kelurahan Mulyoharjo', 0, '2020-11-23 08:46:59', '2020-11-23 08:46:59'),
(235, 1, 67, 0, 2, 'Kelurahan', 'Kelurahan Paduraksa', 0, '2020-11-23 08:46:59', '2020-11-23 08:46:59'),
(236, 1, 67, 0, 2, 'Kelurahan', 'Kelurahan Pelutan', 0, '2020-11-23 08:46:59', '2020-11-23 08:46:59'),
(237, 1, 67, 0, 2, 'Kelurahan', 'Kelurahan Sugihwaras', 0, '2020-11-23 08:46:59', '2020-11-23 08:46:59'),
(238, 1, 67, 0, 2, 'Kelurahan', 'Kelurahan Widuri', 0, '2020-11-23 08:46:59', '2020-11-23 08:46:59'),
(239, 1, 67, 0, 2, 'Kelurahan', 'Desa Banjarmulya', 0, '2020-11-23 08:46:59', '2020-11-23 08:46:59'),
(240, 1, 67, 0, 2, 'Kelurahan', 'Desa Bojongnangka', 0, '2020-11-23 08:46:59', '2020-11-23 08:46:59'),
(241, 1, 67, 0, 2, 'Kelurahan', 'Desa Danasari', 0, '2020-11-23 08:46:59', '2020-11-23 08:46:59'),
(242, 1, 67, 0, 2, 'Kelurahan', 'Desa Kramat', 0, '2020-11-23 08:46:59', '2020-11-23 08:46:59'),
(243, 1, 67, 0, 2, 'Kelurahan', 'Desa Lawangrejo', 0, '2020-11-23 08:46:59', '2020-11-23 08:46:59'),
(244, 1, 67, 0, 2, 'Kelurahan', 'Desa Mengori', 0, '2020-11-23 08:46:59', '2020-11-23 08:46:59'),
(245, 1, 67, 0, 2, 'Kelurahan', 'Desa Pagongsoran', 0, '2020-11-23 08:46:59', '2020-11-23 08:46:59'),
(246, 1, 67, 0, 2, 'Kelurahan', 'Desa Saradan', 0, '2020-11-23 08:46:59', '2020-11-23 08:46:59'),
(247, 1, 67, 0, 2, 'Kelurahan', 'Desa Sewaka', 0, '2020-11-23 08:46:59', '2020-11-23 08:46:59'),
(248, 1, 67, 0, 2, 'Kelurahan', 'Desa Sungapan', 0, '2020-11-23 08:46:59', '2020-11-23 08:46:59'),
(249, 1, 67, 0, 2, 'Kelurahan', 'Desa Surajaya', 0, '2020-11-23 08:46:59', '2020-11-23 08:46:59'),
(250, 1, 67, 0, 2, 'Kelurahan', 'Desa Tambakrejo', 0, '2020-11-23 08:46:59', '2020-11-23 08:46:59'),
(251, 1, 67, 0, 2, 'Kelurahan', 'Desa Wanamulya', 0, '2020-11-23 08:46:59', '2020-11-23 08:46:59'),
(252, 1, 67, 0, 0, '', 'Kecamatan Taman', 0, '2020-11-23 08:46:59', '2020-11-23 08:46:59'),
(253, 1, 67, 0, 2, 'Kelurahan', 'Kelurahan Beji', 0, '2020-11-23 08:46:59', '2020-11-23 08:46:59'),
(254, 1, 67, 0, 2, 'Kelurahan', 'Kelurahan Wanarejan Selatan', 0, '2020-11-23 08:46:59', '2020-11-23 08:46:59'),
(255, 1, 67, 0, 2, 'Kelurahan', 'Desa Asemdoyong', 0, '2020-11-23 08:46:59', '2020-11-23 08:46:59'),
(256, 1, 67, 0, 2, 'Kelurahan', 'Desa Banjaran', 0, '2020-11-23 08:46:59', '2020-11-23 08:46:59'),
(257, 1, 67, 0, 2, 'Kelurahan', 'Desa Banjardawa', 0, '2020-11-23 08:46:59', '2020-11-23 08:46:59'),
(258, 1, 67, 0, 2, 'Kelurahan', 'Desa Cibelok', 0, '2020-11-23 08:47:00', '2020-11-23 08:47:00'),
(259, 1, 67, 0, 2, 'Kelurahan', 'Desa Gondang', 0, '2020-11-23 08:47:00', '2020-11-23 08:47:00'),
(260, 1, 67, 0, 2, 'Kelurahan', 'Desa Jebed Selatan', 0, '2020-11-23 08:47:00', '2020-11-23 08:47:00'),
(261, 1, 67, 0, 2, 'Kelurahan', 'Desa Jebed Utara', 0, '2020-11-23 08:47:00', '2020-11-23 08:47:00'),
(262, 1, 67, 0, 2, 'Kelurahan', 'Desa Jrakah', 0, '2020-11-23 08:47:00', '2020-11-23 08:47:00'),
(263, 1, 67, 0, 2, 'Kelurahan', 'Desa Kabunan', 0, '2020-11-23 08:47:00', '2020-11-23 08:47:00'),
(264, 1, 67, 0, 2, 'Kelurahan', 'Desa Kaligelang', 0, '2020-11-23 08:47:00', '2020-11-23 08:47:00'),
(265, 1, 67, 0, 2, 'Kelurahan', 'Desa Kedungbanjar', 0, '2020-11-23 08:47:00', '2020-11-23 08:47:00'),
(266, 1, 67, 0, 2, 'Kelurahan', 'Desa Kejambon', 0, '2020-11-23 08:47:00', '2020-11-23 08:47:00'),
(267, 1, 67, 0, 2, 'Kelurahan', 'Desa Pedurungan', 0, '2020-11-23 08:47:00', '2020-11-23 08:47:00'),
(268, 1, 67, 0, 2, 'Kelurahan', 'Desa Pener', 0, '2020-11-23 08:47:00', '2020-11-23 08:47:00'),
(269, 1, 67, 0, 2, 'Kelurahan', 'Desa Penggarit', 0, '2020-11-23 08:47:00', '2020-11-23 08:47:00'),
(270, 1, 67, 0, 2, 'Kelurahan', 'Desa Sitemu', 0, '2020-11-23 08:47:00', '2020-11-23 08:47:00'),
(271, 1, 67, 0, 2, 'Kelurahan', 'Desa Sokawangi', 0, '2020-11-23 08:47:00', '2020-11-23 08:47:00'),
(272, 1, 67, 0, 2, 'Kelurahan', 'Desa Taman', 0, '2020-11-23 08:47:00', '2020-11-23 08:47:00'),
(273, 1, 67, 0, 2, 'Kelurahan', 'Desa Wanarejan Utara', 0, '2020-11-23 08:47:00', '2020-11-23 08:47:00'),
(274, 1, 67, 0, 0, '', 'Kecamatan Petarukan', 0, '2020-11-23 08:47:00', '2020-11-23 08:47:00'),
(275, 1, 67, 0, 2, 'Kelurahan', 'Kelurahan Petarukan', 0, '2020-11-23 08:47:00', '2020-11-23 08:47:00'),
(276, 1, 67, 0, 2, 'Kelurahan', 'Desa Bulu', 0, '2020-11-23 08:47:00', '2020-11-23 08:47:00'),
(277, 1, 67, 0, 2, 'Kelurahan', 'Desa Iser', 0, '2020-11-23 08:47:00', '2020-11-23 08:47:00'),
(278, 1, 67, 0, 2, 'Kelurahan', 'Desa Kalirandu', 0, '2020-11-23 08:47:00', '2020-11-23 08:47:00'),
(279, 1, 67, 0, 2, 'Kelurahan', 'Desa Karangasem', 0, '2020-11-23 08:47:00', '2020-11-23 08:47:00'),
(280, 1, 67, 0, 2, 'Kelurahan', 'Desa Kendaldoyong', 0, '2020-11-23 08:47:00', '2020-11-23 08:47:00'),
(281, 1, 67, 0, 2, 'Kelurahan', 'Desa Kendalrejo', 0, '2020-11-23 08:47:00', '2020-11-23 08:47:00'),
(282, 1, 67, 0, 2, 'Kelurahan', 'Desa Kendalsari', 0, '2020-11-23 08:47:00', '2020-11-23 08:47:00'),
(283, 1, 67, 0, 2, 'Kelurahan', 'Desa Klareyan', 0, '2020-11-23 08:47:00', '2020-11-23 08:47:00'),
(284, 1, 67, 0, 2, 'Kelurahan', 'Desa Loning', 0, '2020-11-23 08:47:00', '2020-11-23 08:47:00'),
(285, 1, 67, 0, 2, 'Kelurahan', 'Desa Nyamplung Sari', 0, '2020-11-23 08:47:00', '2020-11-23 08:47:00'),
(286, 1, 67, 0, 2, 'Kelurahan', 'Desa Panjunan', 0, '2020-11-23 08:47:00', '2020-11-23 08:47:00'),
(287, 1, 67, 0, 2, 'Kelurahan', 'Desa Pegundan', 0, '2020-11-23 08:47:00', '2020-11-23 08:47:00'),
(288, 1, 67, 0, 2, 'Kelurahan', 'Desa Pesucen', 0, '2020-11-23 08:47:00', '2020-11-23 08:47:00'),
(289, 1, 67, 0, 2, 'Kelurahan', 'Desa Petanjungan', 0, '2020-11-23 08:47:00', '2020-11-23 08:47:00'),
(290, 1, 67, 0, 2, 'Kelurahan', 'Desa Serang', 0, '2020-11-23 08:47:00', '2020-11-23 08:47:00'),
(291, 1, 67, 0, 2, 'Kelurahan', 'Desa Sirangkang', 0, '2020-11-23 08:47:00', '2020-11-23 08:47:00'),
(292, 1, 67, 0, 2, 'Kelurahan', 'Desa Tegalmlati', 0, '2020-11-23 08:47:00', '2020-11-23 08:47:00'),
(293, 1, 67, 0, 2, 'Kelurahan', 'Desa Temuireng', 0, '2020-11-23 08:47:00', '2020-11-23 08:47:00'),
(294, 1, 67, 0, 2, 'Kelurahan', 'Desa Widodaren', 0, '2020-11-23 08:47:00', '2020-11-23 08:47:00'),
(295, 1, 67, 0, 0, '', 'Kecamatan Ampelgading', 0, '2020-11-23 08:47:00', '2020-11-23 08:47:00'),
(296, 1, 67, 0, 2, 'Kelurahan', 'Desa Ampelgading', 0, '2020-11-23 08:47:00', '2020-11-23 08:47:00'),
(297, 1, 67, 0, 2, 'Kelurahan', 'Desa Banglarangan', 0, '2020-11-23 08:47:00', '2020-11-23 08:47:00'),
(298, 1, 67, 0, 2, 'Kelurahan', 'Desa Blimbing', 0, '2020-11-23 08:47:00', '2020-11-23 08:47:00'),
(299, 1, 67, 0, 2, 'Kelurahan', 'Desa Cibiyuk', 0, '2020-11-23 08:47:00', '2020-11-23 08:47:00'),
(300, 1, 67, 0, 2, 'Kelurahan', 'Desa Jatirejo', 0, '2020-11-23 08:47:00', '2020-11-23 08:47:00'),
(301, 1, 67, 0, 2, 'Kelurahan', 'Desa Karangtalok', 0, '2020-11-23 08:47:00', '2020-11-23 08:47:00'),
(302, 1, 67, 0, 2, 'Kelurahan', 'Desa Karangtengah', 0, '2020-11-23 08:47:00', '2020-11-23 08:47:00'),
(303, 1, 67, 0, 2, 'Kelurahan', 'Desa Kebagusan', 0, '2020-11-23 08:47:00', '2020-11-23 08:47:00'),
(304, 1, 67, 0, 2, 'Kelurahan', 'Desa Kemuning', 0, '2020-11-23 08:47:00', '2020-11-23 08:47:00'),
(305, 1, 67, 0, 2, 'Kelurahan', 'Desa Losari', 0, '2020-11-23 08:47:00', '2020-11-23 08:47:00'),
(306, 1, 67, 0, 2, 'Kelurahan', 'Desa Sidokare', 0, '2020-11-23 08:47:00', '2020-11-23 08:47:00'),
(307, 1, 67, 0, 2, 'Kelurahan', 'Desa Sokawati', 0, '2020-11-23 08:47:00', '2020-11-23 08:47:00'),
(308, 1, 67, 0, 2, 'Kelurahan', 'Desa Tegalsari Barat', 0, '2020-11-23 08:47:01', '2020-11-23 08:47:01'),
(309, 1, 67, 0, 2, 'Kelurahan', 'Desa Tegalsari Timur', 0, '2020-11-23 08:47:01', '2020-11-23 08:47:01'),
(310, 1, 67, 0, 2, 'Kelurahan', 'Desa Ujunggede', 0, '2020-11-23 08:47:01', '2020-11-23 08:47:01'),
(311, 1, 67, 0, 2, 'Kelurahan', 'Desa Wonogiri', 0, '2020-11-23 08:47:01', '2020-11-23 08:47:01'),
(312, 1, 67, 0, 0, '', 'Kecamatan Comal', 0, '2020-11-23 08:47:01', '2020-11-23 08:47:01'),
(313, 1, 67, 0, 2, 'Kelurahan', 'Kelurahan Purwoharjo', 0, '2020-11-23 08:47:01', '2020-11-23 08:47:01'),
(314, 1, 67, 0, 2, 'Kelurahan', 'Desa Ambokulon', 0, '2020-11-23 08:47:01', '2020-11-23 08:47:01'),
(315, 1, 67, 0, 2, 'Kelurahan', 'Desa Gandu', 0, '2020-11-23 08:47:01', '2020-11-23 08:47:01'),
(316, 1, 67, 0, 2, 'Kelurahan', 'Desa Gedeg', 0, '2020-11-23 08:47:01', '2020-11-23 08:47:01'),
(317, 1, 67, 0, 2, 'Kelurahan', 'Desa Gintung', 0, '2020-11-23 08:47:01', '2020-11-23 08:47:01'),
(318, 1, 67, 0, 2, 'Kelurahan', 'Desa Kandang', 0, '2020-11-23 08:47:01', '2020-11-23 08:47:01'),
(319, 1, 67, 0, 2, 'Kelurahan', 'Desa Kauman', 0, '2020-11-23 08:47:01', '2020-11-23 08:47:01'),
(320, 1, 67, 0, 2, 'Kelurahan', 'Desa Kebojongan', 0, '2020-11-23 08:47:01', '2020-11-23 08:47:01'),
(321, 1, 67, 0, 2, 'Kelurahan', 'Desa Klegen', 0, '2020-11-23 08:47:01', '2020-11-23 08:47:01'),
(322, 1, 67, 0, 2, 'Kelurahan', 'Desa Lowa', 0, '2020-11-23 08:47:01', '2020-11-23 08:47:01'),
(323, 1, 67, 0, 2, 'Kelurahan', 'Desa Pecangakan', 0, '2020-11-23 08:47:01', '2020-11-23 08:47:01'),
(324, 1, 67, 0, 2, 'Kelurahan', 'Desa Purwosari', 0, '2020-11-23 08:47:01', '2020-11-23 08:47:01'),
(325, 1, 67, 0, 2, 'Kelurahan', 'Desa Sarwodadi', 0, '2020-11-23 08:47:01', '2020-11-23 08:47:01'),
(326, 1, 67, 0, 2, 'Kelurahan', 'Desa Sidorejo', 0, '2020-11-23 08:47:01', '2020-11-23 08:47:01'),
(327, 1, 67, 0, 2, 'Kelurahan', 'Desa Sikayu', 0, '2020-11-23 08:47:01', '2020-11-23 08:47:01'),
(328, 1, 67, 0, 2, 'Kelurahan', 'Desa Susukan', 0, '2020-11-23 08:47:01', '2020-11-23 08:47:01'),
(329, 1, 67, 0, 2, 'Kelurahan', 'Desa Tumbal', 0, '2020-11-23 08:47:01', '2020-11-23 08:47:01'),
(330, 1, 67, 0, 2, 'Kelurahan', 'Desa Wonokromo', 0, '2020-11-23 08:47:01', '2020-11-23 08:47:01'),
(331, 1, 67, 0, 0, '', 'Kecamatan Ulujami', 0, '2020-11-23 08:47:01', '2020-11-23 08:47:01'),
(332, 1, 67, 0, 2, 'Kelurahan', 'Desa Ambowetan', 0, '2020-11-23 08:47:01', '2020-11-23 08:47:01'),
(333, 1, 67, 0, 2, 'Kelurahan', 'Desa Blendung', 0, '2020-11-23 08:47:01', '2020-11-23 08:47:01'),
(334, 1, 67, 0, 2, 'Kelurahan', 'Desa Botekan', 0, '2020-11-23 08:47:01', '2020-11-23 08:47:01'),
(335, 1, 67, 0, 2, 'Kelurahan', 'Desa Bumirejo', 0, '2020-11-23 08:47:01', '2020-11-23 08:47:01'),
(336, 1, 67, 0, 2, 'Kelurahan', 'Desa Kaliprau', 0, '2020-11-23 08:47:01', '2020-11-23 08:47:01'),
(337, 1, 67, 0, 2, 'Kelurahan', 'Desa Kertosari', 0, '2020-11-23 08:47:01', '2020-11-23 08:47:01'),
(338, 1, 67, 0, 2, 'Kelurahan', 'Desa Ketapang', 0, '2020-11-23 08:47:01', '2020-11-23 08:47:01'),
(339, 1, 67, 0, 2, 'Kelurahan', 'Desa Limbangan', 0, '2020-11-23 08:47:01', '2020-11-23 08:47:01'),
(340, 1, 67, 0, 2, 'Kelurahan', 'Desa Mojo', 0, '2020-11-23 08:47:01', '2020-11-23 08:47:01'),
(341, 1, 67, 0, 2, 'Kelurahan', 'Desa Padek', 0, '2020-11-23 08:47:01', '2020-11-23 08:47:01'),
(342, 1, 67, 0, 2, 'Kelurahan', 'Desa Pagergunung', 0, '2020-11-23 08:47:01', '2020-11-23 08:47:01'),
(343, 1, 67, 0, 2, 'Kelurahan', 'Desa Pamutih', 0, '2020-11-23 08:47:01', '2020-11-23 08:47:01'),
(344, 1, 67, 0, 2, 'Kelurahan', 'Desa Pesantren', 0, '2020-11-23 08:47:01', '2020-11-23 08:47:01'),
(345, 1, 67, 0, 2, 'Kelurahan', 'Desa Rowosari', 0, '2020-11-23 08:47:01', '2020-11-23 08:47:01'),
(346, 1, 67, 0, 2, 'Kelurahan', 'Desa Samong', 0, '2020-11-23 08:47:01', '2020-11-23 08:47:01'),
(347, 1, 67, 0, 2, 'Kelurahan', 'Desa Sukorejo', 0, '2020-11-23 08:47:01', '2020-11-23 08:47:01'),
(348, 1, 67, 0, 2, 'Kelurahan', 'Desa Tasikrejo', 0, '2020-11-23 08:47:01', '2020-11-23 08:47:01'),
(349, 1, 67, 0, 2, 'Kelurahan', 'Desa Wiyorowetan', 0, '2020-11-23 08:47:01', '2020-11-23 08:47:01'),
(350, 1, 67, 0, 0, '', 'Kecamatan Warungpring', 0, '2020-11-23 08:47:01', '2020-11-23 08:47:01'),
(351, 1, 67, 0, 2, 'Kelurahan', 'Desa Warungpring', 0, '2020-11-23 08:47:01', '2020-11-23 08:47:01'),
(352, 1, 67, 0, 2, 'Kelurahan', 'Desa Pakembaran', 0, '2020-11-23 08:47:01', '2020-11-23 08:47:01'),
(353, 1, 67, 0, 2, 'Kelurahan', 'Desa Mereng', 0, '2020-11-23 08:47:01', '2020-11-23 08:47:01'),
(354, 1, 67, 0, 2, 'Kelurahan', 'Desa Karangdawa', 0, '2020-11-23 08:47:01', '2020-11-23 08:47:01'),
(355, 1, 67, 0, 2, 'Kelurahan', 'Desa Datar', 0, '2020-11-23 08:47:01', '2020-11-23 08:47:01'),
(356, 1, 67, 0, 2, 'Kelurahan', 'Desa Cibuyur', 0, '2020-11-23 08:47:01', '2020-11-23 08:47:01'),
(357, 2, 360, 1, 0, 'Dinas Kesehatan', 'Daftar1', 0, '2020-12-03 04:24:44', '2020-12-03 04:24:44'),
(358, 1, 361, 1, 0, 'Badan Penanggulangan Bencana Daerah', 'Data Sekolah', 0, '2020-12-04 07:12:22', '2020-12-04 07:12:22'),
(359, 1, 2, 0, 7, 'Dinas Pendidikan dan Kebudayaan', 'Kelurahan', 0, '2020-12-17 01:19:07', '2020-12-17 01:19:07');

-- --------------------------------------------------------

--
-- Struktur dari tabel `sub_indicators`
--

CREATE TABLE `sub_indicators` (
  `id` int(11) NOT NULL,
  `business_id` int(11) NOT NULL,
  `area_id` int(11) NOT NULL,
  `sub_area_id` int(11) NOT NULL,
  `indicator_id` int(11) NOT NULL,
  `sub_indicator_name` varchar(100) DEFAULT NULL,
  `unit_id` int(11) NOT NULL,
  `role` varchar(255) NOT NULL,
  `check_sub` tinyint(4) NOT NULL,
  `parent_id` int(11) DEFAULT NULL,
  `active` tinyint(4) NOT NULL DEFAULT '0',
  `created_at` timestamp NULL DEFAULT NULL,
  `updated_at` timestamp NULL DEFAULT NULL
) ENGINE=InnoDB DEFAULT CHARSET=utf8mb4 ROW_FORMAT=DYNAMIC;

--
-- Dumping data untuk tabel `sub_indicators`
--

INSERT INTO `sub_indicators` (`id`, `business_id`, `area_id`, `sub_area_id`, `indicator_id`, `sub_indicator_name`, `unit_id`, `role`, `check_sub`, `parent_id`, `active`, `created_at`, `updated_at`) VALUES
(1, 2, 3, 2, 1, 'Master hahjahsjahsja', 0, '', 1, 5, 0, '2020-08-28 02:43:32', '2020-08-28 02:45:39'),
(2, 2, 3, 2, 1, 'SKSKKSKS', 4, '', 1, 1, 1, '2020-08-28 02:46:55', '2020-08-28 02:47:00'),
(3, 1, 2, 3, 4, 'Coba', 1, 'Dinas Perikanan', 1, NULL, 1, NULL, '2020-12-17 00:01:15'),
(4, 2, 3, 2, 1, 'Coba 2', 1, '', 1, 1, 0, NULL, NULL),
(5, 2, 3, 2, 1, 'Master', 1, '', 1, NULL, 0, NULL, NULL),
(6, 1, 2, 3, 5, 'Sub Indikator 123 Uji Coba', 3, 'Dinas Perikanan', 0, NULL, 1, '2020-11-23 06:39:09', '2020-12-17 00:01:15'),
(7, 1, 2, 3, 5, 'Sub Indicator Kecamatan', 4, 'Kecamatan', 0, NULL, 1, '2020-11-23 11:12:36', '2020-12-17 00:01:15'),
(8, 1, 2, 3, 5, 'Kecamatan Moga', 4, 'Kecamatan', 0, 7, 1, '2020-11-23 11:12:36', '2020-12-17 00:01:15'),
(9, 1, 2, 3, 5, 'Kecamatan Pulosari', 4, 'Kecamatan', 0, 7, 1, '2020-11-23 11:12:36', '2020-12-17 00:01:15'),
(10, 1, 2, 3, 5, 'Kecamatan Belik', 4, 'Kecamatan', 0, 7, 1, '2020-11-23 11:12:36', '2020-12-17 00:01:15'),
(11, 1, 2, 3, 5, 'Kecamatan Watukumpul', 4, 'Kecamatan', 0, 7, 1, '2020-11-23 11:12:36', '2020-12-17 00:01:15'),
(12, 1, 2, 3, 5, 'Kecamatan Bodeh', 4, 'Kecamatan', 0, 7, 1, '2020-11-23 11:12:36', '2020-12-17 00:01:15'),
(13, 1, 2, 3, 5, 'Kecamatan Bantarbolang', 4, 'Kecamatan', 0, 7, 1, '2020-11-23 11:12:36', '2020-12-17 00:01:15'),
(14, 1, 2, 3, 5, 'Kecamatan Randudongkal', 4, 'Kecamatan', 0, 7, 1, '2020-11-23 11:12:36', '2020-12-17 00:01:15'),
(15, 1, 2, 3, 5, 'Kecamatan Pemalang', 4, 'Kecamatan', 0, 7, 1, '2020-11-23 11:12:36', '2020-12-17 00:01:15'),
(16, 1, 2, 3, 5, 'Kecamatan Taman', 4, 'Kecamatan', 0, 7, 1, '2020-11-23 11:12:36', '2020-12-17 00:01:15'),
(17, 1, 2, 3, 5, 'Kecamatan Petarukan', 4, 'Kecamatan', 0, 7, 1, '2020-11-23 11:12:36', '2020-12-17 00:01:15'),
(18, 1, 2, 3, 5, 'Kecamatan Ampelgading', 4, 'Kecamatan', 0, 7, 1, '2020-11-23 11:12:36', '2020-12-17 00:01:15'),
(19, 1, 2, 3, 5, 'Kecamatan Comal', 4, 'Kecamatan', 0, 7, 1, '2020-11-23 11:12:36', '2020-12-17 00:01:15'),
(20, 1, 2, 3, 5, 'Kecamatan Ulujami', 4, 'Kecamatan', 0, 7, 1, '2020-11-23 11:12:36', '2020-12-17 00:01:15'),
(21, 1, 2, 3, 5, 'Kecamatan Warungpring', 4, 'Kecamatan', 0, 7, 1, '2020-11-23 11:12:36', '2020-12-17 00:01:15'),
(22, 1, 2, 3, 5, 'Sub Indicator Kelurahan', 4, 'Kelurahan', 0, NULL, 1, '2020-11-24 08:00:21', '2020-12-17 00:01:15'),
(23, 1, 2, 3, 5, 'Sub Indicator Kelurahan', 4, 'Kecamatan', 0, NULL, 1, '2020-11-24 08:08:16', '2020-12-17 00:01:15'),
(24, 1, 2, 3, 5, 'Kecamatan Moga', 4, 'Kecamatan', 0, 23, 1, '2020-11-24 08:08:16', '2020-12-17 00:01:15'),
(25, 1, 2, 3, 5, 'Kecamatan Pulosari', 4, 'Kecamatan', 0, 23, 1, '2020-11-24 08:08:16', '2020-12-17 00:01:15'),
(26, 1, 2, 3, 5, 'Kecamatan Belik', 4, 'Kecamatan', 0, 23, 1, '2020-11-24 08:08:16', '2020-12-17 00:01:15'),
(27, 1, 2, 3, 5, 'Kecamatan Watukumpul', 4, 'Kecamatan', 0, 23, 1, '2020-11-24 08:08:16', '2020-12-17 00:01:15'),
(28, 1, 2, 3, 5, 'Kecamatan Bodeh', 4, 'Kecamatan', 0, 23, 1, '2020-11-24 08:08:16', '2020-12-17 00:01:15'),
(29, 1, 2, 3, 5, 'Kecamatan Bantarbolang', 4, 'Kecamatan', 0, 23, 1, '2020-11-24 08:08:17', '2020-12-17 00:01:15'),
(30, 1, 2, 3, 5, 'Kecamatan Randudongkal', 4, 'Kecamatan', 0, 23, 1, '2020-11-24 08:08:17', '2020-12-17 00:01:15'),
(31, 1, 2, 3, 5, 'Kecamatan Pemalang', 4, 'Kecamatan', 0, 23, 1, '2020-11-24 08:08:17', '2020-12-17 00:01:15'),
(32, 1, 2, 3, 5, 'Kecamatan Taman', 4, 'Kecamatan', 0, 23, 1, '2020-11-24 08:08:17', '2020-12-17 00:01:15'),
(33, 1, 2, 3, 5, 'Kecamatan Petarukan', 4, 'Kecamatan', 0, 23, 1, '2020-11-24 08:08:17', '2020-12-17 00:01:15'),
(34, 1, 2, 3, 5, 'Kecamatan Ampelgading', 4, 'Kecamatan', 0, 23, 1, '2020-11-24 08:08:17', '2020-12-17 00:01:15'),
(35, 1, 2, 3, 5, 'Kecamatan Comal', 4, 'Kecamatan', 0, 23, 1, '2020-11-24 08:08:17', '2020-12-17 00:01:15'),
(36, 1, 2, 3, 5, 'Kecamatan Ulujami', 4, 'Kecamatan', 0, 23, 1, '2020-11-24 08:08:17', '2020-12-17 00:01:15'),
(37, 1, 2, 3, 5, 'Kecamatan Warungpring', 4, 'Kecamatan', 0, 23, 1, '2020-11-24 08:08:17', '2020-12-17 00:01:15'),
(38, 1, 2, 3, 5, 'Kelurahan', 2, 'Kelurahan', 0, NULL, 1, '2020-11-24 08:13:18', '2020-12-17 00:01:15'),
(39, 1, 2, 3, 5, 'Kelurahan', 2, 'Kelurahan', 0, NULL, 1, '2020-11-24 08:13:59', '2020-12-17 00:01:15'),
(40, 1, 2, 3, 5, 'Kelurahan', 2, 'Kelurahan', 0, NULL, 1, '2020-11-24 08:25:31', '2020-12-17 00:01:15'),
(41, 1, 2, 3, 5, 'Kecamatan Moga', 2, 'Kelurahan', 0, 40, 1, '2020-11-24 08:25:31', '2020-12-17 00:01:15'),
(42, 1, 2, 3, 5, 'Kecamatan Pulosari', 2, 'Kelurahan', 0, 40, 1, '2020-11-24 08:25:31', '2020-12-17 00:01:15'),
(43, 1, 2, 3, 5, 'Kecamatan Belik', 2, 'Kelurahan', 0, 40, 1, '2020-11-24 08:25:31', '2020-12-17 00:01:15'),
(44, 1, 2, 3, 5, 'Kecamatan Watukumpul', 2, 'Kelurahan', 0, 40, 1, '2020-11-24 08:25:32', '2020-12-17 00:01:15'),
(45, 1, 2, 3, 5, 'Kecamatan Bodeh', 2, 'Kelurahan', 0, 40, 1, '2020-11-24 08:25:32', '2020-12-17 00:01:15'),
(46, 1, 2, 3, 5, 'Kecamatan Bantarbolang', 2, 'Kelurahan', 0, 40, 1, '2020-11-24 08:25:32', '2020-12-17 00:01:15'),
(47, 1, 2, 3, 5, 'Kecamatan Randudongkal', 2, 'Kelurahan', 0, 40, 1, '2020-11-24 08:25:32', '2020-12-17 00:01:15'),
(48, 1, 2, 3, 5, 'Kecamatan Pemalang', 2, 'Kelurahan', 0, 40, 1, '2020-11-24 08:25:32', '2020-12-17 00:01:15'),
(49, 1, 2, 3, 5, 'Kecamatan Taman', 2, 'Kelurahan', 0, 40, 1, '2020-11-24 08:25:32', '2020-12-17 00:01:15'),
(50, 1, 2, 3, 5, 'Kecamatan Petarukan', 2, 'Kelurahan', 0, 40, 1, '2020-11-24 08:25:32', '2020-12-17 00:01:15'),
(51, 1, 2, 3, 5, 'Kecamatan Ampelgading', 2, 'Kelurahan', 0, 40, 1, '2020-11-24 08:25:32', '2020-12-17 00:01:15'),
(52, 1, 2, 3, 5, 'Kecamatan Comal', 2, 'Kelurahan', 0, 40, 1, '2020-11-24 08:25:32', '2020-12-17 00:01:15'),
(53, 1, 2, 3, 5, 'Kecamatan Ulujami', 2, 'Kelurahan', 0, 40, 1, '2020-11-24 08:25:32', '2020-12-17 00:01:15'),
(54, 1, 2, 3, 5, 'Kecamatan Warungpring', 2, 'Kelurahan', 0, 40, 1, '2020-11-24 08:25:32', '2020-12-17 00:01:15'),
(55, 1, 2, 3, 5, 'Kecamatan Moga', 0, '', 0, 40, 1, '2020-11-24 08:25:32', '2020-12-17 00:01:15'),
(56, 1, 2, 3, 5, 'Kelurahan', 2, 'Kelurahan', 0, NULL, 1, '2020-11-24 08:27:53', '2020-12-17 00:01:15'),
(57, 1, 2, 3, 5, 'Kecamatan Moga', 2, 'Kelurahan', 0, 56, 1, '2020-11-24 08:27:53', '2020-12-17 00:01:15'),
(58, 1, 2, 3, 5, 'Kecamatan Pulosari', 2, 'Kelurahan', 0, 56, 1, '2020-11-24 08:27:53', '2020-12-17 00:01:15'),
(59, 1, 2, 3, 5, 'Kecamatan Belik', 2, 'Kelurahan', 0, 56, 1, '2020-11-24 08:27:53', '2020-12-17 00:01:15'),
(60, 1, 2, 3, 5, 'Kecamatan Watukumpul', 2, 'Kelurahan', 0, 56, 1, '2020-11-24 08:27:53', '2020-12-17 00:01:15'),
(61, 1, 2, 3, 5, 'Kecamatan Bodeh', 2, 'Kelurahan', 0, 56, 1, '2020-11-24 08:27:53', '2020-12-17 00:01:15'),
(62, 1, 2, 3, 5, 'Kecamatan Bantarbolang', 2, 'Kelurahan', 0, 56, 1, '2020-11-24 08:27:53', '2020-12-17 00:01:15'),
(63, 1, 2, 3, 5, 'Kecamatan Randudongkal', 2, 'Kelurahan', 0, 56, 1, '2020-11-24 08:27:53', '2020-12-17 00:01:15'),
(64, 1, 2, 3, 5, 'Kecamatan Pemalang', 2, 'Kelurahan', 0, 56, 1, '2020-11-24 08:27:53', '2020-12-17 00:01:15'),
(65, 1, 2, 3, 5, 'Kecamatan Taman', 2, 'Kelurahan', 0, 56, 1, '2020-11-24 08:27:54', '2020-12-17 00:01:15'),
(66, 1, 2, 3, 5, 'Kecamatan Petarukan', 2, 'Kelurahan', 0, 56, 1, '2020-11-24 08:27:54', '2020-12-17 00:01:15'),
(67, 1, 2, 3, 5, 'Kecamatan Ampelgading', 2, 'Kelurahan', 0, 56, 1, '2020-11-24 08:27:54', '2020-12-17 00:01:15'),
(68, 1, 2, 3, 5, 'Kecamatan Comal', 2, 'Kelurahan', 0, 56, 1, '2020-11-24 08:27:54', '2020-12-17 00:01:15'),
(69, 1, 2, 3, 5, 'Kecamatan Ulujami', 2, 'Kelurahan', 0, 56, 1, '2020-11-24 08:27:54', '2020-12-17 00:01:15'),
(70, 1, 2, 3, 5, 'Kecamatan Warungpring', 2, 'Kelurahan', 0, 56, 1, '2020-11-24 08:27:54', '2020-12-17 00:01:15'),
(71, 1, 2, 3, 5, 'Kecamatan Moga', 0, '', 0, 56, 1, '2020-11-24 08:27:54', '2020-12-17 00:01:15'),
(72, 1, 2, 3, 5, 'Kelurahan Kab Pemalang', 2, 'Kelurahan', 0, NULL, 1, '2020-11-24 08:29:08', '2020-12-17 00:01:15'),
(73, 1, 2, 3, 5, 'Kecamatan Moga', 2, 'Kelurahan', 0, 72, 1, '2020-11-24 08:29:08', '2020-12-17 00:01:15'),
(74, 1, 2, 3, 5, 'Kecamatan Pulosari', 2, 'Kelurahan', 0, 72, 1, '2020-11-24 08:29:08', '2020-12-17 00:01:15'),
(75, 1, 2, 3, 5, 'Kecamatan Belik', 2, 'Kelurahan', 0, 72, 1, '2020-11-24 08:29:08', '2020-12-17 00:01:15'),
(76, 1, 2, 3, 5, 'Kecamatan Watukumpul', 2, 'Kelurahan', 0, 72, 1, '2020-11-24 08:29:08', '2020-12-17 00:01:15'),
(77, 1, 2, 3, 5, 'Kecamatan Bodeh', 2, 'Kelurahan', 0, 72, 1, '2020-11-24 08:29:08', '2020-12-17 00:01:15'),
(78, 1, 2, 3, 5, 'Kecamatan Bantarbolang', 2, 'Kelurahan', 0, 72, 1, '2020-11-24 08:29:08', '2020-12-17 00:01:15'),
(79, 1, 2, 3, 5, 'Kecamatan Randudongkal', 2, 'Kelurahan', 0, 72, 1, '2020-11-24 08:29:08', '2020-12-17 00:01:15'),
(80, 1, 2, 3, 5, 'Kecamatan Pemalang', 2, 'Kelurahan', 0, 72, 1, '2020-11-24 08:29:08', '2020-12-17 00:01:15'),
(81, 1, 2, 3, 5, 'Kecamatan Taman', 2, 'Kelurahan', 0, 72, 1, '2020-11-24 08:29:08', '2020-12-17 00:01:15'),
(82, 1, 2, 3, 5, 'Kecamatan Petarukan', 2, 'Kelurahan', 0, 72, 1, '2020-11-24 08:29:08', '2020-12-17 00:01:15'),
(83, 1, 2, 3, 5, 'Kecamatan Ampelgading', 2, 'Kelurahan', 0, 72, 1, '2020-11-24 08:29:08', '2020-12-17 00:01:15'),
(84, 1, 2, 3, 5, 'Kecamatan Comal', 2, 'Kelurahan', 0, 72, 1, '2020-11-24 08:29:08', '2020-12-17 00:01:15'),
(85, 1, 2, 3, 5, 'Kecamatan Ulujami', 2, 'Kelurahan', 0, 72, 1, '2020-11-24 08:29:09', '2020-12-17 00:01:15'),
(86, 1, 2, 3, 5, 'Kecamatan Warungpring', 2, 'Kelurahan', 0, 72, 1, '2020-11-24 08:29:09', '2020-12-17 00:01:15'),
(87, 1, 2, 3, 5, 'Kecamatan Moga', 0, '', 0, 72, 1, '2020-11-24 08:29:09', '2020-12-17 00:01:15'),
(88, 1, 2, 3, 5, 'Kelurahan Kab Pemalang', 2, 'Kelurahan', 0, NULL, 1, '2020-11-24 08:31:24', '2020-12-17 00:01:15'),
(89, 1, 2, 3, 5, 'Kecamatan Moga', 2, 'Kelurahan', 0, 88, 1, '2020-11-24 08:31:24', '2020-12-17 00:01:15'),
(90, 1, 2, 3, 5, 'Kecamatan Pulosari', 2, 'Kelurahan', 0, 88, 1, '2020-11-24 08:31:24', '2020-12-17 00:01:15'),
(91, 1, 2, 3, 5, 'Kecamatan Belik', 2, 'Kelurahan', 0, 88, 1, '2020-11-24 08:31:24', '2020-12-17 00:01:15'),
(92, 1, 2, 3, 5, 'Kecamatan Watukumpul', 2, 'Kelurahan', 0, 88, 1, '2020-11-24 08:31:24', '2020-12-17 00:01:15'),
(93, 1, 2, 3, 5, 'Kecamatan Bodeh', 2, 'Kelurahan', 0, 88, 1, '2020-11-24 08:31:24', '2020-12-17 00:01:15'),
(94, 1, 2, 3, 5, 'Kecamatan Bantarbolang', 2, 'Kelurahan', 0, 88, 1, '2020-11-24 08:31:24', '2020-12-17 00:01:15'),
(95, 1, 2, 3, 5, 'Kecamatan Randudongkal', 2, 'Kelurahan', 0, 88, 1, '2020-11-24 08:31:24', '2020-12-17 00:01:15'),
(96, 1, 2, 3, 5, 'Kecamatan Pemalang', 2, 'Kelurahan', 0, 88, 1, '2020-11-24 08:31:24', '2020-12-17 00:01:15'),
(97, 1, 2, 3, 5, 'Kecamatan Taman', 2, 'Kelurahan', 0, 88, 1, '2020-11-24 08:31:24', '2020-12-17 00:01:15'),
(98, 1, 2, 3, 5, 'Kecamatan Petarukan', 2, 'Kelurahan', 0, 88, 1, '2020-11-24 08:31:24', '2020-12-17 00:01:15'),
(99, 1, 2, 3, 5, 'Kecamatan Ampelgading', 2, 'Kelurahan', 0, 88, 1, '2020-11-24 08:31:24', '2020-12-17 00:01:15'),
(100, 1, 2, 3, 5, 'Kecamatan Comal', 2, 'Kelurahan', 0, 88, 1, '2020-11-24 08:31:24', '2020-12-17 00:01:15'),
(101, 1, 2, 3, 5, 'Kecamatan Ulujami', 2, 'Kelurahan', 0, 88, 1, '2020-11-24 08:31:24', '2020-12-17 00:01:15'),
(102, 1, 2, 3, 5, 'Kecamatan Warungpring', 2, 'Kelurahan', 0, 88, 1, '2020-11-24 08:31:24', '2020-12-17 00:01:15'),
(103, 1, 2, 3, 5, 'Kecamatan Moga', 0, '', 0, 88, 1, '2020-11-24 08:31:24', '2020-12-17 00:01:15'),
(104, 1, 2, 3, 5, 'Kelurahan Kab Pemalang', 2, 'Kelurahan', 0, NULL, 1, '2020-11-24 08:35:01', '2020-12-17 00:01:15'),
(105, 1, 2, 3, 5, 'Kecamatan Moga', 0, '', 0, 104, 1, '2020-11-24 08:35:01', '2020-12-17 00:01:15'),
(106, 1, 2, 3, 5, 'Desa Banyumudal', 2, 'Kelurahan', 0, 104, 1, '2020-11-24 08:35:01', '2020-12-17 00:01:15'),
(107, 1, 2, 3, 5, 'Desa Walangsanga', 2, 'Kelurahan', 0, 104, 1, '2020-11-24 08:35:01', '2020-12-17 00:01:15'),
(108, 1, 2, 3, 5, 'Desa Wangkelang', 2, 'Kelurahan', 0, 104, 1, '2020-11-24 08:35:02', '2020-12-17 00:01:15'),
(109, 1, 2, 3, 5, 'Desa Sima', 2, 'Kelurahan', 0, 104, 1, '2020-11-24 08:35:02', '2020-12-17 00:01:15'),
(110, 1, 2, 3, 5, 'Desa Plakaran', 2, 'Kelurahan', 0, 104, 1, '2020-11-24 08:35:02', '2020-12-17 00:01:15'),
(111, 1, 2, 3, 5, 'Desa Pepedan', 2, 'Kelurahan', 0, 104, 1, '2020-11-24 08:35:02', '2020-12-17 00:01:15'),
(112, 1, 2, 3, 5, 'Desa Moga', 2, 'Kelurahan', 0, 104, 1, '2020-11-24 08:35:02', '2020-12-17 00:01:15'),
(113, 1, 2, 3, 5, 'Desa Mandiraja', 2, 'Kelurahan', 0, 104, 1, '2020-11-24 08:35:02', '2020-12-17 00:01:15'),
(114, 1, 2, 3, 5, 'Desa Kebanggan', 2, 'Kelurahan', 0, 104, 1, '2020-11-24 08:35:02', '2020-12-17 00:01:15'),
(115, 1, 2, 3, 5, 'Desa Gendowang', 2, 'Kelurahan', 0, 104, 1, '2020-11-24 08:35:02', '2020-12-17 00:01:15'),
(116, 1, 2, 3, 5, 'Kecamatan Pulosari', 0, '', 0, 104, 1, '2020-11-24 08:35:02', '2020-12-17 00:01:15'),
(117, 1, 2, 3, 5, 'Desa Siremeng', 2, 'Kelurahan', 0, 104, 1, '2020-11-24 08:35:02', '2020-12-17 00:01:15'),
(118, 1, 2, 3, 5, 'Desa Pulosari', 2, 'Kelurahan', 0, 104, 1, '2020-11-24 08:35:02', '2020-12-17 00:01:15'),
(119, 1, 2, 3, 5, 'Desa Penakir', 2, 'Kelurahan', 0, 104, 1, '2020-11-24 08:35:02', '2020-12-17 00:01:15'),
(120, 1, 2, 3, 5, 'Desa Pagenteran', 2, 'Kelurahan', 0, 104, 1, '2020-11-24 08:35:02', '2020-12-17 00:01:15'),
(121, 1, 2, 3, 5, 'Desa Nyalembeng', 2, 'Kelurahan', 0, 104, 1, '2020-11-24 08:35:02', '2020-12-17 00:01:15'),
(122, 1, 2, 3, 5, 'Desa Karangsari', 2, 'Kelurahan', 0, 104, 1, '2020-11-24 08:35:02', '2020-12-17 00:01:15'),
(123, 1, 2, 3, 5, 'Desa Jurangmangu', 2, 'Kelurahan', 0, 104, 1, '2020-11-24 08:35:02', '2020-12-17 00:01:15'),
(124, 1, 2, 3, 5, 'Desa Gunungsari', 2, 'Kelurahan', 0, 104, 1, '2020-11-24 08:35:02', '2020-12-17 00:01:15'),
(125, 1, 2, 3, 5, 'Desa Gambuhan', 2, 'Kelurahan', 0, 104, 1, '2020-11-24 08:35:02', '2020-12-17 00:01:15'),
(126, 1, 2, 3, 5, 'Desa Clekatakan', 2, 'Kelurahan', 0, 104, 1, '2020-11-24 08:35:02', '2020-12-17 00:01:15'),
(127, 1, 2, 3, 5, 'Desa Cikendung', 2, 'Kelurahan', 0, 104, 1, '2020-11-24 08:35:02', '2020-12-17 00:01:15'),
(128, 1, 2, 3, 5, 'Desa Batursari', 2, 'Kelurahan', 0, 104, 1, '2020-11-24 08:35:02', '2020-12-17 00:01:15'),
(129, 1, 2, 3, 5, 'Kecamatan Belik', 0, '', 0, 104, 1, '2020-11-24 08:35:02', '2020-12-17 00:01:15'),
(130, 1, 2, 3, 5, 'Desa Simpur', 2, 'Kelurahan', 0, 104, 1, '2020-11-24 08:35:02', '2020-12-17 00:01:15'),
(131, 1, 2, 3, 5, 'Desa Sikasur', 2, 'Kelurahan', 0, 104, 1, '2020-11-24 08:35:02', '2020-12-17 00:01:15'),
(132, 1, 2, 3, 5, 'Desa Mendelem', 2, 'Kelurahan', 0, 104, 1, '2020-11-24 08:35:02', '2020-12-17 00:01:15'),
(133, 1, 2, 3, 5, 'Desa Kuta', 2, 'Kelurahan', 0, 104, 1, '2020-11-24 08:35:02', '2020-12-17 00:01:15'),
(134, 1, 2, 3, 5, 'Desa Kalisaleh', 2, 'Kelurahan', 0, 104, 1, '2020-11-24 08:35:02', '2020-12-17 00:01:15'),
(135, 1, 2, 3, 5, 'Desa Gunungtiga', 2, 'Kelurahan', 0, 104, 1, '2020-11-24 08:35:02', '2020-12-17 00:01:15'),
(136, 1, 2, 3, 5, 'Desa Gunungjaya', 2, 'Kelurahan', 0, 104, 1, '2020-11-24 08:35:02', '2020-12-17 00:01:15'),
(137, 1, 2, 3, 5, 'Desa Gombong', 2, 'Kelurahan', 0, 104, 1, '2020-11-24 08:35:02', '2020-12-17 00:01:15'),
(138, 1, 2, 3, 5, 'Desa Bulakan', 2, 'Kelurahan', 0, 104, 1, '2020-11-24 08:35:02', '2020-12-17 00:01:15'),
(139, 1, 2, 3, 5, 'Desa Beluk', 2, 'Kelurahan', 0, 104, 1, '2020-11-24 08:35:02', '2020-12-17 00:01:15'),
(140, 1, 2, 3, 5, 'Desa Belik', 2, 'Kelurahan', 0, 104, 1, '2020-11-24 08:35:02', '2020-12-17 00:01:15'),
(141, 1, 2, 3, 5, 'Desa Badak', 2, 'Kelurahan', 0, 104, 1, '2020-11-24 08:35:02', '2020-12-17 00:01:15'),
(142, 1, 2, 3, 5, 'Kecamatan Watukumpul', 0, '', 0, 104, 1, '2020-11-24 08:35:02', '2020-12-17 00:01:15'),
(143, 1, 2, 3, 5, 'Desa Bodas', 2, 'Kelurahan', 0, 104, 1, '2020-11-24 08:35:02', '2020-12-17 00:01:15'),
(144, 1, 2, 3, 5, 'Desa Wisnu', 2, 'Kelurahan', 0, 104, 1, '2020-11-24 08:35:02', '2020-12-17 00:01:15'),
(145, 1, 2, 3, 5, 'Desa Watukumpul', 2, 'Kelurahan', 0, 104, 1, '2020-11-24 08:35:02', '2020-12-17 00:01:15'),
(146, 1, 2, 3, 5, 'Desa Tundagan', 2, 'Kelurahan', 0, 104, 1, '2020-11-24 08:35:02', '2020-12-17 00:01:15'),
(147, 1, 2, 3, 5, 'Desa Tlagasana', 2, 'Kelurahan', 0, 104, 1, '2020-11-24 08:35:02', '2020-12-17 00:01:15'),
(148, 1, 2, 3, 5, 'Desa Tambi', 2, 'Kelurahan', 0, 104, 1, '2020-11-24 08:35:02', '2020-12-17 00:01:15'),
(149, 1, 2, 3, 5, 'Desa Pagelaran', 2, 'Kelurahan', 0, 104, 1, '2020-11-24 08:35:02', '2020-12-17 00:01:15'),
(150, 1, 2, 3, 5, 'Desa Medayu', 2, 'Kelurahan', 0, 104, 1, '2020-11-24 08:35:02', '2020-12-17 00:01:15'),
(151, 1, 2, 3, 5, 'Desa Majalangu', 2, 'Kelurahan', 0, 104, 1, '2020-11-24 08:35:02', '2020-12-17 00:01:15'),
(152, 1, 2, 3, 5, 'Desa Majakerta', 2, 'Kelurahan', 0, 104, 1, '2020-11-24 08:35:03', '2020-12-17 00:01:15'),
(153, 1, 2, 3, 5, 'Desa Jojogan', 2, 'Kelurahan', 0, 104, 1, '2020-11-24 08:35:03', '2020-12-17 00:01:15'),
(154, 1, 2, 3, 5, 'Desa Gapura', 2, 'Kelurahan', 0, 104, 1, '2020-11-24 08:35:03', '2020-12-17 00:01:15'),
(155, 1, 2, 3, 5, 'Desa Cikadu', 2, 'Kelurahan', 0, 104, 1, '2020-11-24 08:35:03', '2020-12-17 00:01:15'),
(156, 1, 2, 3, 5, 'Desa Cawet', 2, 'Kelurahan', 0, 104, 1, '2020-11-24 08:35:03', '2020-12-17 00:01:15'),
(157, 1, 2, 3, 5, 'Desa Bongas', 2, 'Kelurahan', 0, 104, 1, '2020-11-24 08:35:03', '2020-12-17 00:01:15'),
(158, 1, 2, 3, 5, 'Kecamatan Bodeh', 0, '', 0, 104, 1, '2020-11-24 08:35:03', '2020-12-17 00:01:15'),
(159, 1, 2, 3, 5, 'Desa Babakan', 2, 'Kelurahan', 0, 104, 1, '2020-11-24 08:35:03', '2020-12-17 00:01:15'),
(160, 1, 2, 3, 5, 'Desa Bodeh', 2, 'Kelurahan', 0, 104, 1, '2020-11-24 08:35:03', '2020-12-17 00:01:15'),
(161, 1, 2, 3, 5, 'Desa Cangak', 2, 'Kelurahan', 0, 104, 1, '2020-11-24 08:35:03', '2020-12-17 00:01:15'),
(162, 1, 2, 3, 5, 'Desa Gunungbatu', 2, 'Kelurahan', 0, 104, 1, '2020-11-24 08:35:03', '2020-12-17 00:01:15'),
(163, 1, 2, 3, 5, 'Desa Jatingarang', 2, 'Kelurahan', 0, 104, 1, '2020-11-24 08:35:03', '2020-12-17 00:01:15'),
(164, 1, 2, 3, 5, 'Desa Jatiroyom', 2, 'Kelurahan', 0, 104, 1, '2020-11-24 08:35:03', '2020-12-17 00:01:15'),
(165, 1, 2, 3, 5, 'Desa Jraganan', 2, 'Kelurahan', 0, 104, 1, '2020-11-24 08:35:03', '2020-12-17 00:01:15'),
(166, 1, 2, 3, 5, 'Desa Karangbrai', 2, 'Kelurahan', 0, 104, 1, '2020-11-24 08:35:03', '2020-12-17 00:01:15'),
(167, 1, 2, 3, 5, 'Desa Kebandaran', 2, 'Kelurahan', 0, 104, 1, '2020-11-24 08:35:03', '2020-12-17 00:01:15'),
(168, 1, 2, 3, 5, 'Desa Kebandungan', 2, 'Kelurahan', 0, 104, 1, '2020-11-24 08:35:03', '2020-12-17 00:01:15'),
(169, 1, 2, 3, 5, 'Desa Kelangdepok', 2, 'Kelurahan', 0, 104, 1, '2020-11-24 08:35:03', '2020-12-17 00:01:15'),
(170, 1, 2, 3, 5, 'Desa Kesesirejo', 2, 'Kelurahan', 0, 104, 1, '2020-11-24 08:35:03', '2020-12-17 00:01:15'),
(171, 1, 2, 3, 5, 'Desa Kwasen', 2, 'Kelurahan', 0, 104, 1, '2020-11-24 08:35:03', '2020-12-17 00:01:15'),
(172, 1, 2, 3, 5, 'Desa Longkeyang', 2, 'Kelurahan', 0, 104, 1, '2020-11-24 08:35:03', '2020-12-17 00:01:15'),
(173, 1, 2, 3, 5, 'Desa Muncang', 2, 'Kelurahan', 0, 104, 1, '2020-11-24 08:35:03', '2020-12-17 00:01:15'),
(174, 1, 2, 3, 5, 'Desa Parunggalih', 2, 'Kelurahan', 0, 104, 1, '2020-11-24 08:35:03', '2020-12-17 00:01:15'),
(175, 1, 2, 3, 5, 'Desa Pasir', 2, 'Kelurahan', 0, 104, 1, '2020-11-24 08:35:03', '2020-12-17 00:01:15'),
(176, 1, 2, 3, 5, 'Desa Payung', 2, 'Kelurahan', 0, 104, 1, '2020-11-24 08:35:03', '2020-12-17 00:01:15'),
(177, 1, 2, 3, 5, 'Desa Pendowo', 2, 'Kelurahan', 0, 104, 1, '2020-11-24 08:35:03', '2020-12-17 00:01:15'),
(178, 1, 2, 3, 5, 'Kecamatan Bantarbolang', 0, '', 0, 104, 1, '2020-11-24 08:35:03', '2020-12-17 00:01:15'),
(179, 1, 2, 3, 5, 'Desa Banjarsari', 2, 'Kelurahan', 0, 104, 1, '2020-11-24 08:35:03', '2020-12-17 00:01:15'),
(180, 1, 2, 3, 5, 'Desa Bantarbolang', 2, 'Kelurahan', 0, 104, 1, '2020-11-24 08:35:03', '2020-12-17 00:01:15'),
(181, 1, 2, 3, 5, 'Desa Glandang', 2, 'Kelurahan', 0, 104, 1, '2020-11-24 08:35:03', '2020-12-17 00:01:15'),
(182, 1, 2, 3, 5, 'Desa Karanganyar', 2, 'Kelurahan', 0, 104, 1, '2020-11-24 08:35:03', '2020-12-17 00:01:15'),
(183, 1, 2, 3, 5, 'Desa Kebon Gede', 2, 'Kelurahan', 0, 104, 1, '2020-11-24 08:35:03', '2020-12-17 00:01:15'),
(184, 1, 2, 3, 5, 'Desa Kuta', 2, 'Kelurahan', 0, 104, 1, '2020-11-24 08:35:03', '2020-12-17 00:01:15'),
(185, 1, 2, 3, 5, 'Desa Lenggerong', 2, 'Kelurahan', 0, 104, 1, '2020-11-24 08:35:04', '2020-12-17 00:01:15'),
(186, 1, 2, 3, 5, 'Desa Pabuaran', 2, 'Kelurahan', 0, 104, 1, '2020-11-24 08:35:04', '2020-12-17 00:01:15'),
(187, 1, 2, 3, 5, 'Desa Paguyangan', 2, 'Kelurahan', 0, 104, 1, '2020-11-24 08:35:04', '2020-12-17 00:01:15'),
(188, 1, 2, 3, 5, 'Desa Pedagung', 2, 'Kelurahan', 0, 104, 1, '2020-11-24 08:35:04', '2020-12-17 00:01:15'),
(189, 1, 2, 3, 5, 'Desa Pegiringan', 2, 'Kelurahan', 0, 104, 1, '2020-11-24 08:35:04', '2020-12-17 00:01:15'),
(190, 1, 2, 3, 5, 'Desa Purana', 2, 'Kelurahan', 0, 104, 1, '2020-11-24 08:35:04', '2020-12-17 00:01:15'),
(191, 1, 2, 3, 5, 'Desa Sambeng', 2, 'Kelurahan', 0, 104, 1, '2020-11-24 08:35:04', '2020-12-17 00:01:15'),
(192, 1, 2, 3, 5, 'Desa Sarwodadi', 2, 'Kelurahan', 0, 104, 1, '2020-11-24 08:35:04', '2020-12-17 00:01:15'),
(193, 1, 2, 3, 5, 'Desa Sumurkidang', 2, 'Kelurahan', 0, 104, 1, '2020-11-24 08:35:04', '2020-12-17 00:01:15'),
(194, 1, 2, 3, 5, 'Desa Suru', 2, 'Kelurahan', 0, 104, 1, '2020-11-24 08:35:04', '2020-12-17 00:01:15'),
(195, 1, 2, 3, 5, 'Desa Wanarata', 2, 'Kelurahan', 0, 104, 1, '2020-11-24 08:35:04', '2020-12-17 00:01:15'),
(196, 1, 2, 3, 5, 'Kecamatan Randudongkal', 0, '', 0, 104, 1, '2020-11-24 08:35:04', '2020-12-17 00:01:15'),
(197, 1, 2, 3, 5, 'Desa Banjaranyar', 2, 'Kelurahan', 0, 104, 1, '2020-11-24 08:35:04', '2020-12-17 00:01:15'),
(198, 1, 2, 3, 5, 'Desa Gembyang', 2, 'Kelurahan', 0, 104, 1, '2020-11-24 08:35:04', '2020-12-17 00:01:15'),
(199, 1, 2, 3, 5, 'Desa Gongseng', 2, 'Kelurahan', 0, 104, 1, '2020-11-24 08:35:04', '2020-12-17 00:01:15'),
(200, 1, 2, 3, 5, 'Desa Kalimas', 2, 'Kelurahan', 0, 104, 1, '2020-11-24 08:35:04', '2020-12-17 00:01:15'),
(201, 1, 2, 3, 5, 'Desa Kalitorong', 2, 'Kelurahan', 0, 104, 1, '2020-11-24 08:35:04', '2020-12-17 00:01:15'),
(202, 1, 2, 3, 5, 'Desa Karangmoncol', 2, 'Kelurahan', 0, 104, 1, '2020-11-24 08:35:04', '2020-12-17 00:01:15'),
(203, 1, 2, 3, 5, 'Desa Kecepit', 2, 'Kelurahan', 0, 104, 1, '2020-11-24 08:35:04', '2020-12-17 00:01:15'),
(204, 1, 2, 3, 5, 'Desa Kejene', 2, 'Kelurahan', 0, 104, 1, '2020-11-24 08:35:04', '2020-12-17 00:01:15'),
(205, 1, 2, 3, 5, 'Desa Kreyo', 2, 'Kelurahan', 0, 104, 1, '2020-11-24 08:35:04', '2020-12-17 00:01:15'),
(206, 1, 2, 3, 5, 'Desa Lodaya', 2, 'Kelurahan', 0, 104, 1, '2020-11-24 08:35:04', '2020-12-17 00:01:15'),
(207, 1, 2, 3, 5, 'Desa Mangli', 2, 'Kelurahan', 0, 104, 1, '2020-11-24 08:35:04', '2020-12-17 00:01:15'),
(208, 1, 2, 3, 5, 'Desa Mejagong', 2, 'Kelurahan', 0, 104, 1, '2020-11-24 08:35:04', '2020-12-17 00:01:15'),
(209, 1, 2, 3, 5, 'Desa Penusupan', 2, 'Kelurahan', 0, 104, 1, '2020-11-24 08:35:04', '2020-12-17 00:01:15'),
(210, 1, 2, 3, 5, 'Desa Randudongkal', 2, 'Kelurahan', 0, 104, 1, '2020-11-24 08:35:04', '2020-12-17 00:01:15'),
(211, 1, 2, 3, 5, 'Desa Rembul', 2, 'Kelurahan', 0, 104, 1, '2020-11-24 08:35:04', '2020-12-17 00:01:15'),
(212, 1, 2, 3, 5, 'Desa Semaya', 2, 'Kelurahan', 0, 104, 1, '2020-11-24 08:35:04', '2020-12-17 00:01:15'),
(213, 1, 2, 3, 5, 'Desa Semingkir', 2, 'Kelurahan', 0, 104, 1, '2020-11-24 08:35:04', '2020-12-17 00:01:15'),
(214, 1, 2, 3, 5, 'Desa Tanahbaya', 2, 'Kelurahan', 0, 104, 1, '2020-11-24 08:35:04', '2020-12-17 00:01:15'),
(215, 1, 2, 3, 5, 'Kecamatan Pemalang', 0, '', 0, 104, 1, '2020-11-24 08:35:04', '2020-12-17 00:01:15'),
(216, 1, 2, 3, 5, 'Kelurahan Bojongbata', 2, 'Kelurahan', 0, 104, 1, '2020-11-24 08:35:04', '2020-12-17 00:01:15'),
(217, 1, 2, 3, 5, 'Kelurahan Kebondalem', 2, 'Kelurahan', 0, 104, 1, '2020-11-24 08:35:04', '2020-12-17 00:01:15'),
(218, 1, 2, 3, 5, 'Kelurahan Mulyoharjo', 2, 'Kelurahan', 0, 104, 1, '2020-11-24 08:35:04', '2020-12-17 00:01:15'),
(219, 1, 2, 3, 5, 'Kelurahan Paduraksa', 2, 'Kelurahan', 0, 104, 1, '2020-11-24 08:35:04', '2020-12-17 00:01:15'),
(220, 1, 2, 3, 5, 'Kelurahan Pelutan', 2, 'Kelurahan', 0, 104, 1, '2020-11-24 08:35:04', '2020-12-17 00:01:15'),
(221, 1, 2, 3, 5, 'Kelurahan Sugihwaras', 2, 'Kelurahan', 0, 104, 1, '2020-11-24 08:35:04', '2020-12-17 00:01:15'),
(222, 1, 2, 3, 5, 'Kelurahan Widuri', 2, 'Kelurahan', 0, 104, 1, '2020-11-24 08:35:04', '2020-12-17 00:01:15'),
(223, 1, 2, 3, 5, 'Desa Banjarmulya', 2, 'Kelurahan', 0, 104, 1, '2020-11-24 08:35:04', '2020-12-17 00:01:15'),
(224, 1, 2, 3, 5, 'Desa Bojongnangka', 2, 'Kelurahan', 0, 104, 1, '2020-11-24 08:35:04', '2020-12-17 00:01:15'),
(225, 1, 2, 3, 5, 'Desa Danasari', 2, 'Kelurahan', 0, 104, 1, '2020-11-24 08:35:04', '2020-12-17 00:01:15'),
(226, 1, 2, 3, 5, 'Desa Kramat', 2, 'Kelurahan', 0, 104, 1, '2020-11-24 08:35:04', '2020-12-17 00:01:15'),
(227, 1, 2, 3, 5, 'Desa Lawangrejo', 2, 'Kelurahan', 0, 104, 1, '2020-11-24 08:35:05', '2020-12-17 00:01:15'),
(228, 1, 2, 3, 5, 'Desa Mengori', 2, 'Kelurahan', 0, 104, 1, '2020-11-24 08:35:05', '2020-12-17 00:01:15'),
(229, 1, 2, 3, 5, 'Desa Pagongsoran', 2, 'Kelurahan', 0, 104, 1, '2020-11-24 08:35:05', '2020-12-17 00:01:15'),
(230, 1, 2, 3, 5, 'Desa Saradan', 2, 'Kelurahan', 0, 104, 1, '2020-11-24 08:35:05', '2020-12-17 00:01:15'),
(231, 1, 2, 3, 5, 'Desa Sewaka', 2, 'Kelurahan', 0, 104, 1, '2020-11-24 08:35:05', '2020-12-17 00:01:15'),
(232, 1, 2, 3, 5, 'Desa Sungapan', 2, 'Kelurahan', 0, 104, 1, '2020-11-24 08:35:05', '2020-12-17 00:01:15'),
(233, 1, 2, 3, 5, 'Desa Surajaya', 2, 'Kelurahan', 0, 104, 1, '2020-11-24 08:35:05', '2020-12-17 00:01:15'),
(234, 1, 2, 3, 5, 'Desa Tambakrejo', 2, 'Kelurahan', 0, 104, 1, '2020-11-24 08:35:05', '2020-12-17 00:01:15'),
(235, 1, 2, 3, 5, 'Desa Wanamulya', 2, 'Kelurahan', 0, 104, 1, '2020-11-24 08:35:05', '2020-12-17 00:01:15'),
(236, 1, 2, 3, 5, 'Kecamatan Taman', 0, '', 0, 104, 1, '2020-11-24 08:35:05', '2020-12-17 00:01:15'),
(237, 1, 2, 3, 5, 'Kelurahan Beji', 2, 'Kelurahan', 0, 104, 1, '2020-11-24 08:35:05', '2020-12-17 00:01:15'),
(238, 1, 2, 3, 5, 'Kelurahan Wanarejan Selatan', 2, 'Kelurahan', 0, 104, 1, '2020-11-24 08:35:05', '2020-12-17 00:01:15'),
(239, 1, 2, 3, 5, 'Desa Asemdoyong', 2, 'Kelurahan', 0, 104, 1, '2020-11-24 08:35:05', '2020-12-17 00:01:15'),
(240, 1, 2, 3, 5, 'Desa Banjaran', 2, 'Kelurahan', 0, 104, 1, '2020-11-24 08:35:05', '2020-12-17 00:01:15'),
(241, 1, 2, 3, 5, 'Desa Banjardawa', 2, 'Kelurahan', 0, 104, 1, '2020-11-24 08:35:05', '2020-12-17 00:01:15'),
(242, 1, 2, 3, 5, 'Desa Cibelok', 2, 'Kelurahan', 0, 104, 1, '2020-11-24 08:35:05', '2020-12-17 00:01:15'),
(243, 1, 2, 3, 5, 'Desa Gondang', 2, 'Kelurahan', 0, 104, 1, '2020-11-24 08:35:05', '2020-12-17 00:01:15'),
(244, 1, 2, 3, 5, 'Desa Jebed Selatan', 2, 'Kelurahan', 0, 104, 1, '2020-11-24 08:35:05', '2020-12-17 00:01:15'),
(245, 1, 2, 3, 5, 'Desa Jebed Utara', 2, 'Kelurahan', 0, 104, 1, '2020-11-24 08:35:05', '2020-12-17 00:01:15'),
(246, 1, 2, 3, 5, 'Desa Jrakah', 2, 'Kelurahan', 0, 104, 1, '2020-11-24 08:35:05', '2020-12-17 00:01:15'),
(247, 1, 2, 3, 5, 'Desa Kabunan', 2, 'Kelurahan', 0, 104, 1, '2020-11-24 08:35:05', '2020-12-17 00:01:15'),
(248, 1, 2, 3, 5, 'Desa Kaligelang', 2, 'Kelurahan', 0, 104, 1, '2020-11-24 08:35:05', '2020-12-17 00:01:15'),
(249, 1, 2, 3, 5, 'Desa Kedungbanjar', 2, 'Kelurahan', 0, 104, 1, '2020-11-24 08:35:05', '2020-12-17 00:01:15'),
(250, 1, 2, 3, 5, 'Desa Kejambon', 2, 'Kelurahan', 0, 104, 1, '2020-11-24 08:35:05', '2020-12-17 00:01:15'),
(251, 1, 2, 3, 5, 'Desa Pedurungan', 2, 'Kelurahan', 0, 104, 1, '2020-11-24 08:35:05', '2020-12-17 00:01:15'),
(252, 1, 2, 3, 5, 'Desa Pener', 2, 'Kelurahan', 0, 104, 1, '2020-11-24 08:35:05', '2020-12-17 00:01:15'),
(253, 1, 2, 3, 5, 'Desa Penggarit', 2, 'Kelurahan', 0, 104, 1, '2020-11-24 08:35:05', '2020-12-17 00:01:15'),
(254, 1, 2, 3, 5, 'Desa Sitemu', 2, 'Kelurahan', 0, 104, 1, '2020-11-24 08:35:05', '2020-12-17 00:01:15'),
(255, 1, 2, 3, 5, 'Desa Sokawangi', 2, 'Kelurahan', 0, 104, 1, '2020-11-24 08:35:05', '2020-12-17 00:01:15'),
(256, 1, 2, 3, 5, 'Desa Taman', 2, 'Kelurahan', 0, 104, 1, '2020-11-24 08:35:05', '2020-12-17 00:01:15'),
(257, 1, 2, 3, 5, 'Desa Wanarejan Utara', 2, 'Kelurahan', 0, 104, 1, '2020-11-24 08:35:05', '2020-12-17 00:01:15'),
(258, 1, 2, 3, 5, 'Kecamatan Petarukan', 0, '', 0, 104, 1, '2020-11-24 08:35:05', '2020-12-17 00:01:15'),
(259, 1, 2, 3, 5, 'Kelurahan Petarukan', 2, 'Kelurahan', 0, 104, 1, '2020-11-24 08:35:05', '2020-12-17 00:01:15'),
(260, 1, 2, 3, 5, 'Desa Bulu', 2, 'Kelurahan', 0, 104, 1, '2020-11-24 08:35:05', '2020-12-17 00:01:15'),
(261, 1, 2, 3, 5, 'Desa Iser', 2, 'Kelurahan', 0, 104, 1, '2020-11-24 08:35:05', '2020-12-17 00:01:15'),
(262, 1, 2, 3, 5, 'Desa Kalirandu', 2, 'Kelurahan', 0, 104, 1, '2020-11-24 08:35:05', '2020-12-17 00:01:15'),
(263, 1, 2, 3, 5, 'Desa Karangasem', 2, 'Kelurahan', 0, 104, 1, '2020-11-24 08:35:05', '2020-12-17 00:01:15'),
(264, 1, 2, 3, 5, 'Desa Kendaldoyong', 2, 'Kelurahan', 0, 104, 1, '2020-11-24 08:35:05', '2020-12-17 00:01:15'),
(265, 1, 2, 3, 5, 'Desa Kendalrejo', 2, 'Kelurahan', 0, 104, 1, '2020-11-24 08:35:05', '2020-12-17 00:01:15'),
(266, 1, 2, 3, 5, 'Desa Kendalsari', 2, 'Kelurahan', 0, 104, 1, '2020-11-24 08:35:05', '2020-12-17 00:01:15'),
(267, 1, 2, 3, 5, 'Desa Klareyan', 2, 'Kelurahan', 0, 104, 1, '2020-11-24 08:35:05', '2020-12-17 00:01:15'),
(268, 1, 2, 3, 5, 'Desa Loning', 2, 'Kelurahan', 0, 104, 1, '2020-11-24 08:35:05', '2020-12-17 00:01:15'),
(269, 1, 2, 3, 5, 'Desa Nyamplung Sari', 2, 'Kelurahan', 0, 104, 1, '2020-11-24 08:35:05', '2020-12-17 00:01:15'),
(270, 1, 2, 3, 5, 'Desa Panjunan', 2, 'Kelurahan', 0, 104, 1, '2020-11-24 08:35:05', '2020-12-17 00:01:15'),
(271, 1, 2, 3, 5, 'Desa Pegundan', 2, 'Kelurahan', 0, 104, 1, '2020-11-24 08:35:05', '2020-12-17 00:01:15'),
(272, 1, 2, 3, 5, 'Desa Pesucen', 2, 'Kelurahan', 0, 104, 1, '2020-11-24 08:35:05', '2020-12-17 00:01:15'),
(273, 1, 2, 3, 5, 'Desa Petanjungan', 2, 'Kelurahan', 0, 104, 1, '2020-11-24 08:35:05', '2020-12-17 00:01:15'),
(274, 1, 2, 3, 5, 'Desa Serang', 2, 'Kelurahan', 0, 104, 1, '2020-11-24 08:35:05', '2020-12-17 00:01:15'),
(275, 1, 2, 3, 5, 'Desa Sirangkang', 2, 'Kelurahan', 0, 104, 1, '2020-11-24 08:35:05', '2020-12-17 00:01:15'),
(276, 1, 2, 3, 5, 'Desa Tegalmlati', 2, 'Kelurahan', 0, 104, 1, '2020-11-24 08:35:05', '2020-12-17 00:01:15'),
(277, 1, 2, 3, 5, 'Desa Temuireng', 2, 'Kelurahan', 0, 104, 1, '2020-11-24 08:35:05', '2020-12-17 00:01:15'),
(278, 1, 2, 3, 5, 'Desa Widodaren', 2, 'Kelurahan', 0, 104, 1, '2020-11-24 08:35:05', '2020-12-17 00:01:15'),
(279, 1, 2, 3, 5, 'Kecamatan Ampelgading', 0, '', 0, 104, 1, '2020-11-24 08:35:05', '2020-12-17 00:01:15'),
(280, 1, 2, 3, 5, 'Desa Ampelgading', 2, 'Kelurahan', 0, 104, 1, '2020-11-24 08:35:05', '2020-12-17 00:01:15'),
(281, 1, 2, 3, 5, 'Desa Banglarangan', 2, 'Kelurahan', 0, 104, 1, '2020-11-24 08:35:05', '2020-12-17 00:01:15'),
(282, 1, 2, 3, 5, 'Desa Blimbing', 2, 'Kelurahan', 0, 104, 1, '2020-11-24 08:35:05', '2020-12-17 00:01:15'),
(283, 1, 2, 3, 5, 'Desa Cibiyuk', 2, 'Kelurahan', 0, 104, 1, '2020-11-24 08:35:06', '2020-12-17 00:01:15'),
(284, 1, 2, 3, 5, 'Desa Jatirejo', 2, 'Kelurahan', 0, 104, 1, '2020-11-24 08:35:06', '2020-12-17 00:01:15'),
(285, 1, 2, 3, 5, 'Desa Karangtalok', 2, 'Kelurahan', 0, 104, 1, '2020-11-24 08:35:06', '2020-12-17 00:01:15'),
(286, 1, 2, 3, 5, 'Desa Karangtengah', 2, 'Kelurahan', 0, 104, 1, '2020-11-24 08:35:06', '2020-12-17 00:01:15'),
(287, 1, 2, 3, 5, 'Desa Kebagusan', 2, 'Kelurahan', 0, 104, 1, '2020-11-24 08:35:06', '2020-12-17 00:01:15'),
(288, 1, 2, 3, 5, 'Desa Kemuning', 2, 'Kelurahan', 0, 104, 1, '2020-11-24 08:35:06', '2020-12-17 00:01:15'),
(289, 1, 2, 3, 5, 'Desa Losari', 2, 'Kelurahan', 0, 104, 1, '2020-11-24 08:35:06', '2020-12-17 00:01:15'),
(290, 1, 2, 3, 5, 'Desa Sidokare', 2, 'Kelurahan', 0, 104, 1, '2020-11-24 08:35:06', '2020-12-17 00:01:15'),
(291, 1, 2, 3, 5, 'Desa Sokawati', 2, 'Kelurahan', 0, 104, 1, '2020-11-24 08:35:06', '2020-12-17 00:01:15'),
(292, 1, 2, 3, 5, 'Desa Tegalsari Barat', 2, 'Kelurahan', 0, 104, 1, '2020-11-24 08:35:06', '2020-12-17 00:01:15'),
(293, 1, 2, 3, 5, 'Desa Tegalsari Timur', 2, 'Kelurahan', 0, 104, 1, '2020-11-24 08:35:06', '2020-12-17 00:01:15'),
(294, 1, 2, 3, 5, 'Desa Ujunggede', 2, 'Kelurahan', 0, 104, 1, '2020-11-24 08:35:06', '2020-12-17 00:01:15'),
(295, 1, 2, 3, 5, 'Desa Wonogiri', 2, 'Kelurahan', 0, 104, 1, '2020-11-24 08:35:06', '2020-12-17 00:01:15'),
(296, 1, 2, 3, 5, 'Kecamatan Comal', 0, '', 0, 104, 1, '2020-11-24 08:35:06', '2020-12-17 00:01:15'),
(297, 1, 2, 3, 5, 'Kelurahan Purwoharjo', 2, 'Kelurahan', 0, 104, 1, '2020-11-24 08:35:06', '2020-12-17 00:01:15'),
(298, 1, 2, 3, 5, 'Desa Ambokulon', 2, 'Kelurahan', 0, 104, 1, '2020-11-24 08:35:06', '2020-12-17 00:01:15'),
(299, 1, 2, 3, 5, 'Desa Gandu', 2, 'Kelurahan', 0, 104, 1, '2020-11-24 08:35:06', '2020-12-17 00:01:15'),
(300, 1, 2, 3, 5, 'Desa Gedeg', 2, 'Kelurahan', 0, 104, 1, '2020-11-24 08:35:06', '2020-12-17 00:01:15'),
(301, 1, 2, 3, 5, 'Desa Gintung', 2, 'Kelurahan', 0, 104, 1, '2020-11-24 08:35:06', '2020-12-17 00:01:15'),
(302, 1, 2, 3, 5, 'Desa Kandang', 2, 'Kelurahan', 0, 104, 1, '2020-11-24 08:35:06', '2020-12-17 00:01:15'),
(303, 1, 2, 3, 5, 'Desa Kauman', 2, 'Kelurahan', 0, 104, 1, '2020-11-24 08:35:06', '2020-12-17 00:01:15'),
(304, 1, 2, 3, 5, 'Desa Kebojongan', 2, 'Kelurahan', 0, 104, 1, '2020-11-24 08:35:06', '2020-12-17 00:01:15'),
(305, 1, 2, 3, 5, 'Desa Klegen', 2, 'Kelurahan', 0, 104, 1, '2020-11-24 08:35:06', '2020-12-17 00:01:15'),
(306, 1, 2, 3, 5, 'Desa Lowa', 2, 'Kelurahan', 0, 104, 1, '2020-11-24 08:35:06', '2020-12-17 00:01:15'),
(307, 1, 2, 3, 5, 'Desa Pecangakan', 2, 'Kelurahan', 0, 104, 1, '2020-11-24 08:35:06', '2020-12-17 00:01:15'),
(308, 1, 2, 3, 5, 'Desa Purwosari', 2, 'Kelurahan', 0, 104, 1, '2020-11-24 08:35:06', '2020-12-17 00:01:15'),
(309, 1, 2, 3, 5, 'Desa Sarwodadi', 2, 'Kelurahan', 0, 104, 1, '2020-11-24 08:35:06', '2020-12-17 00:01:15'),
(310, 1, 2, 3, 5, 'Desa Sidorejo', 2, 'Kelurahan', 0, 104, 1, '2020-11-24 08:35:06', '2020-12-17 00:01:15'),
(311, 1, 2, 3, 5, 'Desa Sikayu', 2, 'Kelurahan', 0, 104, 1, '2020-11-24 08:35:06', '2020-12-17 00:01:15'),
(312, 1, 2, 3, 5, 'Desa Susukan', 2, 'Kelurahan', 0, 104, 1, '2020-11-24 08:35:06', '2020-12-17 00:01:15'),
(313, 1, 2, 3, 5, 'Desa Tumbal', 2, 'Kelurahan', 0, 104, 1, '2020-11-24 08:35:06', '2020-12-17 00:01:15'),
(314, 1, 2, 3, 5, 'Desa Wonokromo', 2, 'Kelurahan', 0, 104, 1, '2020-11-24 08:35:06', '2020-12-17 00:01:15'),
(315, 1, 2, 3, 5, 'Kecamatan Ulujami', 0, '', 0, 104, 1, '2020-11-24 08:35:06', '2020-12-17 00:01:15'),
(316, 1, 2, 3, 5, 'Desa Ambowetan', 2, 'Kelurahan', 0, 104, 1, '2020-11-24 08:35:06', '2020-12-17 00:01:15'),
(317, 1, 2, 3, 5, 'Desa Blendung', 2, 'Kelurahan', 0, 104, 1, '2020-11-24 08:35:06', '2020-12-17 00:01:15'),
(318, 1, 2, 3, 5, 'Desa Botekan', 2, 'Kelurahan', 0, 104, 1, '2020-11-24 08:35:06', '2020-12-17 00:01:15'),
(319, 1, 2, 3, 5, 'Desa Bumirejo', 2, 'Kelurahan', 0, 104, 1, '2020-11-24 08:35:06', '2020-12-17 00:01:15'),
(320, 1, 2, 3, 5, 'Desa Kaliprau', 2, 'Kelurahan', 0, 104, 1, '2020-11-24 08:35:06', '2020-12-17 00:01:15'),
(321, 1, 2, 3, 5, 'Desa Kertosari', 2, 'Kelurahan', 0, 104, 1, '2020-11-24 08:35:06', '2020-12-17 00:01:15'),
(322, 1, 2, 3, 5, 'Desa Ketapang', 2, 'Kelurahan', 0, 104, 1, '2020-11-24 08:35:06', '2020-12-17 00:01:15'),
(323, 1, 2, 3, 5, 'Desa Limbangan', 2, 'Kelurahan', 0, 104, 1, '2020-11-24 08:35:06', '2020-12-17 00:01:15'),
(324, 1, 2, 3, 5, 'Desa Mojo', 2, 'Kelurahan', 0, 104, 1, '2020-11-24 08:35:06', '2020-12-17 00:01:15'),
(325, 1, 2, 3, 5, 'Desa Padek', 2, 'Kelurahan', 0, 104, 1, '2020-11-24 08:35:06', '2020-12-17 00:01:15'),
(326, 1, 2, 3, 5, 'Desa Pagergunung', 2, 'Kelurahan', 0, 104, 1, '2020-11-24 08:35:06', '2020-12-17 00:01:15'),
(327, 1, 2, 3, 5, 'Desa Pamutih', 2, 'Kelurahan', 0, 104, 1, '2020-11-24 08:35:06', '2020-12-17 00:01:15'),
(328, 1, 2, 3, 5, 'Desa Pesantren', 2, 'Kelurahan', 0, 104, 1, '2020-11-24 08:35:06', '2020-12-17 00:01:15'),
(329, 1, 2, 3, 5, 'Desa Rowosari', 2, 'Kelurahan', 0, 104, 1, '2020-11-24 08:35:06', '2020-12-17 00:01:15'),
(330, 1, 2, 3, 5, 'Desa Samong', 2, 'Kelurahan', 0, 104, 1, '2020-11-24 08:35:06', '2020-12-17 00:01:15'),
(331, 1, 2, 3, 5, 'Desa Sukorejo', 2, 'Kelurahan', 0, 104, 1, '2020-11-24 08:35:06', '2020-12-17 00:01:15'),
(332, 1, 2, 3, 5, 'Desa Tasikrejo', 2, 'Kelurahan', 0, 104, 1, '2020-11-24 08:35:06', '2020-12-17 00:01:15'),
(333, 1, 2, 3, 5, 'Desa Wiyorowetan', 2, 'Kelurahan', 0, 104, 1, '2020-11-24 08:35:06', '2020-12-17 00:01:15'),
(334, 1, 2, 3, 5, 'Kecamatan Warungpring', 0, '', 0, 104, 1, '2020-11-24 08:35:07', '2020-12-17 00:01:15'),
(335, 1, 2, 3, 5, 'Desa Warungpring', 2, 'Kelurahan', 0, 104, 1, '2020-11-24 08:35:07', '2020-12-17 00:01:15'),
(336, 1, 2, 3, 5, 'Desa Pakembaran', 2, 'Kelurahan', 0, 104, 1, '2020-11-24 08:35:07', '2020-12-17 00:01:15'),
(337, 1, 2, 3, 5, 'Desa Mereng', 2, 'Kelurahan', 0, 104, 1, '2020-11-24 08:35:07', '2020-12-17 00:01:15'),
(338, 1, 2, 3, 5, 'Desa Karangdawa', 2, 'Kelurahan', 0, 104, 1, '2020-11-24 08:35:07', '2020-12-17 00:01:15'),
(339, 1, 2, 3, 5, 'Desa Datar', 2, 'Kelurahan', 0, 104, 1, '2020-11-24 08:35:07', '2020-12-17 00:01:15'),
(340, 1, 2, 3, 5, 'Desa Cibuyur', 2, 'Kelurahan', 0, 104, 1, '2020-11-24 08:35:07', '2020-12-17 00:01:15'),
(341, 1, 2, 3, 5, 'Uji Coba Kesehatan', 2, 'Dinas Kesehatan', 0, NULL, 1, '2020-11-25 01:45:05', '2020-12-17 00:01:15'),
(342, 2, 3, 2, 1, 'Data Kecamatan', 2, 'Kecamatan', 0, NULL, 0, '2020-11-29 13:51:52', '2020-11-29 13:51:52'),
(343, 2, 3, 2, 1, 'Kecamatan Moga', 2, 'Kecamatan', 0, 342, 0, '2020-11-29 13:51:52', '2020-11-29 13:51:52'),
(344, 2, 3, 2, 1, 'Kecamatan Pulosari', 2, 'Kecamatan', 0, 342, 0, '2020-11-29 13:51:52', '2020-11-29 13:51:52'),
(345, 2, 3, 2, 1, 'Kecamatan Belik', 2, 'Kecamatan', 0, 342, 0, '2020-11-29 13:51:52', '2020-11-29 13:51:52'),
(346, 2, 3, 2, 1, 'Kecamatan Watukumpul', 2, 'Kecamatan', 0, 342, 0, '2020-11-29 13:51:52', '2020-11-29 13:51:52'),
(347, 2, 3, 2, 1, 'Kecamatan Bodeh', 2, 'Kecamatan', 0, 342, 0, '2020-11-29 13:51:52', '2020-11-29 13:51:52'),
(348, 2, 3, 2, 1, 'Kecamatan Bantarbolang', 2, 'Kecamatan', 0, 342, 0, '2020-11-29 13:51:52', '2020-11-29 13:51:52'),
(349, 2, 3, 2, 1, 'Kecamatan Randudongkal', 2, 'Kecamatan', 0, 342, 0, '2020-11-29 13:51:52', '2020-11-29 13:51:52'),
(350, 2, 3, 2, 1, 'Kecamatan Pemalang', 2, 'Kecamatan', 0, 342, 0, '2020-11-29 13:51:52', '2020-11-29 13:51:52'),
(351, 2, 3, 2, 1, 'Kecamatan Taman', 2, 'Kecamatan', 0, 342, 0, '2020-11-29 13:51:52', '2020-11-29 13:51:52'),
(352, 2, 3, 2, 1, 'Kecamatan Petarukan', 2, 'Kecamatan', 0, 342, 0, '2020-11-29 13:51:52', '2020-11-29 13:51:52'),
(353, 2, 3, 2, 1, 'Kecamatan Ampelgading', 2, 'Kecamatan', 0, 342, 0, '2020-11-29 13:51:52', '2020-11-29 13:51:52'),
(354, 2, 3, 2, 1, 'Kecamatan Comal', 2, 'Kecamatan', 0, 342, 0, '2020-11-29 13:51:52', '2020-11-29 13:51:52'),
(355, 2, 3, 2, 1, 'Kecamatan Ulujami', 2, 'Kecamatan', 0, 342, 0, '2020-11-29 13:51:52', '2020-11-29 13:51:52'),
(356, 2, 3, 2, 1, 'Kecamatan Warungpring', 2, 'Kecamatan', 0, 342, 0, '2020-11-29 13:51:52', '2020-11-29 13:51:52'),
(357, 2, 3, 2, 1, 'Data Kelurahan', 4, 'Kelurahan', 0, NULL, 0, '2020-11-29 14:00:49', '2020-11-29 14:00:49'),
(358, 2, 3, 2, 1, 'Kecamatan Moga', 0, '', 0, 357, 0, '2020-11-29 14:00:49', '2020-11-29 14:00:49'),
(359, 2, 3, 2, 1, 'Desa Banyumudal', 4, 'Kelurahan', 0, 357, 0, '2020-11-29 14:00:49', '2020-11-29 14:00:49'),
(360, 2, 3, 2, 1, 'Desa Walangsanga', 4, 'Kelurahan', 0, 357, 0, '2020-11-29 14:00:49', '2020-11-29 14:00:49'),
(361, 2, 3, 2, 1, 'Desa Wangkelang', 4, 'Kelurahan', 0, 357, 0, '2020-11-29 14:00:49', '2020-11-29 14:00:49'),
(362, 2, 3, 2, 1, 'Desa Sima', 4, 'Kelurahan', 0, 357, 0, '2020-11-29 14:00:49', '2020-11-29 14:00:49'),
(363, 2, 3, 2, 1, 'Desa Plakaran', 4, 'Kelurahan', 0, 357, 0, '2020-11-29 14:00:49', '2020-11-29 14:00:49'),
(364, 2, 3, 2, 1, 'Desa Pepedan', 4, 'Kelurahan', 0, 357, 0, '2020-11-29 14:00:49', '2020-11-29 14:00:49'),
(365, 2, 3, 2, 1, 'Desa Moga', 4, 'Kelurahan', 0, 357, 0, '2020-11-29 14:00:49', '2020-11-29 14:00:49'),
(366, 2, 3, 2, 1, 'Desa Mandiraja', 4, 'Kelurahan', 0, 357, 0, '2020-11-29 14:00:49', '2020-11-29 14:00:49'),
(367, 2, 3, 2, 1, 'Desa Kebanggan', 4, 'Kelurahan', 0, 357, 0, '2020-11-29 14:00:49', '2020-11-29 14:00:49'),
(368, 2, 3, 2, 1, 'Desa Gendowang', 4, 'Kelurahan', 0, 357, 0, '2020-11-29 14:00:49', '2020-11-29 14:00:49'),
(369, 2, 3, 2, 1, 'Kecamatan Pulosari', 0, '', 0, 357, 0, '2020-11-29 14:00:49', '2020-11-29 14:00:49'),
(370, 2, 3, 2, 1, 'Desa Siremeng', 4, 'Kelurahan', 0, 357, 0, '2020-11-29 14:00:49', '2020-11-29 14:00:49'),
(371, 2, 3, 2, 1, 'Desa Pulosari', 4, 'Kelurahan', 0, 357, 0, '2020-11-29 14:00:49', '2020-11-29 14:00:49'),
(372, 2, 3, 2, 1, 'Desa Penakir', 4, 'Kelurahan', 0, 357, 0, '2020-11-29 14:00:49', '2020-11-29 14:00:49'),
(373, 2, 3, 2, 1, 'Desa Pagenteran', 4, 'Kelurahan', 0, 357, 0, '2020-11-29 14:00:49', '2020-11-29 14:00:49'),
(374, 2, 3, 2, 1, 'Desa Nyalembeng', 4, 'Kelurahan', 0, 357, 0, '2020-11-29 14:00:49', '2020-11-29 14:00:49'),
(375, 2, 3, 2, 1, 'Desa Karangsari', 4, 'Kelurahan', 0, 357, 0, '2020-11-29 14:00:49', '2020-11-29 14:00:49'),
(376, 2, 3, 2, 1, 'Desa Jurangmangu', 4, 'Kelurahan', 0, 357, 0, '2020-11-29 14:00:49', '2020-11-29 14:00:49'),
(377, 2, 3, 2, 1, 'Desa Gunungsari', 4, 'Kelurahan', 0, 357, 0, '2020-11-29 14:00:49', '2020-11-29 14:00:49'),
(378, 2, 3, 2, 1, 'Desa Gambuhan', 4, 'Kelurahan', 0, 357, 0, '2020-11-29 14:00:49', '2020-11-29 14:00:49'),
(379, 2, 3, 2, 1, 'Desa Clekatakan', 4, 'Kelurahan', 0, 357, 0, '2020-11-29 14:00:49', '2020-11-29 14:00:49'),
(380, 2, 3, 2, 1, 'Desa Cikendung', 4, 'Kelurahan', 0, 357, 0, '2020-11-29 14:00:49', '2020-11-29 14:00:49'),
(381, 2, 3, 2, 1, 'Desa Batursari', 4, 'Kelurahan', 0, 357, 0, '2020-11-29 14:00:49', '2020-11-29 14:00:49'),
(382, 2, 3, 2, 1, 'Kecamatan Belik', 0, '', 0, 357, 0, '2020-11-29 14:00:49', '2020-11-29 14:00:49'),
(383, 2, 3, 2, 1, 'Desa Simpur', 4, 'Kelurahan', 0, 357, 0, '2020-11-29 14:00:49', '2020-11-29 14:00:49'),
(384, 2, 3, 2, 1, 'Desa Sikasur', 4, 'Kelurahan', 0, 357, 0, '2020-11-29 14:00:49', '2020-11-29 14:00:49'),
(385, 2, 3, 2, 1, 'Desa Mendelem', 4, 'Kelurahan', 0, 357, 0, '2020-11-29 14:00:49', '2020-11-29 14:00:49'),
(386, 2, 3, 2, 1, 'Desa Kuta', 4, 'Kelurahan', 0, 357, 0, '2020-11-29 14:00:49', '2020-11-29 14:00:49'),
(387, 2, 3, 2, 1, 'Desa Kalisaleh', 4, 'Kelurahan', 0, 357, 0, '2020-11-29 14:00:49', '2020-11-29 14:00:49'),
(388, 2, 3, 2, 1, 'Desa Gunungtiga', 4, 'Kelurahan', 0, 357, 0, '2020-11-29 14:00:49', '2020-11-29 14:00:49'),
(389, 2, 3, 2, 1, 'Desa Gunungjaya', 4, 'Kelurahan', 0, 357, 0, '2020-11-29 14:00:49', '2020-11-29 14:00:49'),
(390, 2, 3, 2, 1, 'Desa Gombong', 4, 'Kelurahan', 0, 357, 0, '2020-11-29 14:00:49', '2020-11-29 14:00:49'),
(391, 2, 3, 2, 1, 'Desa Bulakan', 4, 'Kelurahan', 0, 357, 0, '2020-11-29 14:00:49', '2020-11-29 14:00:49'),
(392, 2, 3, 2, 1, 'Desa Beluk', 4, 'Kelurahan', 0, 357, 0, '2020-11-29 14:00:49', '2020-11-29 14:00:49'),
(393, 2, 3, 2, 1, 'Desa Belik', 4, 'Kelurahan', 0, 357, 0, '2020-11-29 14:00:49', '2020-11-29 14:00:49'),
(394, 2, 3, 2, 1, 'Desa Badak', 4, 'Kelurahan', 0, 357, 0, '2020-11-29 14:00:49', '2020-11-29 14:00:49'),
(395, 2, 3, 2, 1, 'Kecamatan Watukumpul', 0, '', 0, 357, 0, '2020-11-29 14:00:49', '2020-11-29 14:00:49'),
(396, 2, 3, 2, 1, 'Desa Bodas', 4, 'Kelurahan', 0, 357, 0, '2020-11-29 14:00:49', '2020-11-29 14:00:49'),
(397, 2, 3, 2, 1, 'Desa Wisnu', 4, 'Kelurahan', 0, 357, 0, '2020-11-29 14:00:49', '2020-11-29 14:00:49'),
(398, 2, 3, 2, 1, 'Desa Watukumpul', 4, 'Kelurahan', 0, 357, 0, '2020-11-29 14:00:49', '2020-11-29 14:00:49'),
(399, 2, 3, 2, 1, 'Desa Tundagan', 4, 'Kelurahan', 0, 357, 0, '2020-11-29 14:00:49', '2020-11-29 14:00:49'),
(400, 2, 3, 2, 1, 'Desa Tlagasana', 4, 'Kelurahan', 0, 357, 0, '2020-11-29 14:00:49', '2020-11-29 14:00:49'),
(401, 2, 3, 2, 1, 'Desa Tambi', 4, 'Kelurahan', 0, 357, 0, '2020-11-29 14:00:49', '2020-11-29 14:00:49'),
(402, 2, 3, 2, 1, 'Desa Pagelaran', 4, 'Kelurahan', 0, 357, 0, '2020-11-29 14:00:49', '2020-11-29 14:00:49'),
(403, 2, 3, 2, 1, 'Desa Medayu', 4, 'Kelurahan', 0, 357, 0, '2020-11-29 14:00:49', '2020-11-29 14:00:49'),
(404, 2, 3, 2, 1, 'Desa Majalangu', 4, 'Kelurahan', 0, 357, 0, '2020-11-29 14:00:49', '2020-11-29 14:00:49'),
(405, 2, 3, 2, 1, 'Desa Majakerta', 4, 'Kelurahan', 0, 357, 0, '2020-11-29 14:00:49', '2020-11-29 14:00:49'),
(406, 2, 3, 2, 1, 'Desa Jojogan', 4, 'Kelurahan', 0, 357, 0, '2020-11-29 14:00:49', '2020-11-29 14:00:49'),
(407, 2, 3, 2, 1, 'Desa Gapura', 4, 'Kelurahan', 0, 357, 0, '2020-11-29 14:00:49', '2020-11-29 14:00:49'),
(408, 2, 3, 2, 1, 'Desa Cikadu', 4, 'Kelurahan', 0, 357, 0, '2020-11-29 14:00:49', '2020-11-29 14:00:49'),
(409, 2, 3, 2, 1, 'Desa Cawet', 4, 'Kelurahan', 0, 357, 0, '2020-11-29 14:00:49', '2020-11-29 14:00:49'),
(410, 2, 3, 2, 1, 'Desa Bongas', 4, 'Kelurahan', 0, 357, 0, '2020-11-29 14:00:49', '2020-11-29 14:00:49'),
(411, 2, 3, 2, 1, 'Kecamatan Bodeh', 0, '', 0, 357, 0, '2020-11-29 14:00:49', '2020-11-29 14:00:49'),
(412, 2, 3, 2, 1, 'Desa Babakan', 4, 'Kelurahan', 0, 357, 0, '2020-11-29 14:00:49', '2020-11-29 14:00:49'),
(413, 2, 3, 2, 1, 'Desa Bodeh', 4, 'Kelurahan', 0, 357, 0, '2020-11-29 14:00:49', '2020-11-29 14:00:49'),
(414, 2, 3, 2, 1, 'Desa Cangak', 4, 'Kelurahan', 0, 357, 0, '2020-11-29 14:00:49', '2020-11-29 14:00:49'),
(415, 2, 3, 2, 1, 'Desa Gunungbatu', 4, 'Kelurahan', 0, 357, 0, '2020-11-29 14:00:49', '2020-11-29 14:00:49'),
(416, 2, 3, 2, 1, 'Desa Jatingarang', 4, 'Kelurahan', 0, 357, 0, '2020-11-29 14:00:49', '2020-11-29 14:00:49'),
(417, 2, 3, 2, 1, 'Desa Jatiroyom', 4, 'Kelurahan', 0, 357, 0, '2020-11-29 14:00:49', '2020-11-29 14:00:49'),
(418, 2, 3, 2, 1, 'Desa Jraganan', 4, 'Kelurahan', 0, 357, 0, '2020-11-29 14:00:49', '2020-11-29 14:00:49'),
(419, 2, 3, 2, 1, 'Desa Karangbrai', 4, 'Kelurahan', 0, 357, 0, '2020-11-29 14:00:49', '2020-11-29 14:00:49'),
(420, 2, 3, 2, 1, 'Desa Kebandaran', 4, 'Kelurahan', 0, 357, 0, '2020-11-29 14:00:49', '2020-11-29 14:00:49'),
(421, 2, 3, 2, 1, 'Desa Kebandungan', 4, 'Kelurahan', 0, 357, 0, '2020-11-29 14:00:49', '2020-11-29 14:00:49'),
(422, 2, 3, 2, 1, 'Desa Kelangdepok', 4, 'Kelurahan', 0, 357, 0, '2020-11-29 14:00:49', '2020-11-29 14:00:49'),
(423, 2, 3, 2, 1, 'Desa Kesesirejo', 4, 'Kelurahan', 0, 357, 0, '2020-11-29 14:00:49', '2020-11-29 14:00:49'),
(424, 2, 3, 2, 1, 'Desa Kwasen', 4, 'Kelurahan', 0, 357, 0, '2020-11-29 14:00:49', '2020-11-29 14:00:49'),
(425, 2, 3, 2, 1, 'Desa Longkeyang', 4, 'Kelurahan', 0, 357, 0, '2020-11-29 14:00:49', '2020-11-29 14:00:49'),
(426, 2, 3, 2, 1, 'Desa Muncang', 4, 'Kelurahan', 0, 357, 0, '2020-11-29 14:00:49', '2020-11-29 14:00:49'),
(427, 2, 3, 2, 1, 'Desa Parunggalih', 4, 'Kelurahan', 0, 357, 0, '2020-11-29 14:00:49', '2020-11-29 14:00:49'),
(428, 2, 3, 2, 1, 'Desa Pasir', 4, 'Kelurahan', 0, 357, 0, '2020-11-29 14:00:49', '2020-11-29 14:00:49'),
(429, 2, 3, 2, 1, 'Desa Payung', 4, 'Kelurahan', 0, 357, 0, '2020-11-29 14:00:49', '2020-11-29 14:00:49'),
(430, 2, 3, 2, 1, 'Desa Pendowo', 4, 'Kelurahan', 0, 357, 0, '2020-11-29 14:00:49', '2020-11-29 14:00:49'),
(431, 2, 3, 2, 1, 'Kecamatan Bantarbolang', 0, '', 0, 357, 0, '2020-11-29 14:00:49', '2020-11-29 14:00:49'),
(432, 2, 3, 2, 1, 'Desa Banjarsari', 4, 'Kelurahan', 0, 357, 0, '2020-11-29 14:00:49', '2020-11-29 14:00:49'),
(433, 2, 3, 2, 1, 'Desa Bantarbolang', 4, 'Kelurahan', 0, 357, 0, '2020-11-29 14:00:49', '2020-11-29 14:00:49'),
(434, 2, 3, 2, 1, 'Desa Glandang', 4, 'Kelurahan', 0, 357, 0, '2020-11-29 14:00:49', '2020-11-29 14:00:49'),
(435, 2, 3, 2, 1, 'Desa Karanganyar', 4, 'Kelurahan', 0, 357, 0, '2020-11-29 14:00:49', '2020-11-29 14:00:49'),
(436, 2, 3, 2, 1, 'Desa Kebon Gede', 4, 'Kelurahan', 0, 357, 0, '2020-11-29 14:00:49', '2020-11-29 14:00:49'),
(437, 2, 3, 2, 1, 'Desa Kuta', 4, 'Kelurahan', 0, 357, 0, '2020-11-29 14:00:49', '2020-11-29 14:00:49'),
(438, 2, 3, 2, 1, 'Desa Lenggerong', 4, 'Kelurahan', 0, 357, 0, '2020-11-29 14:00:49', '2020-11-29 14:00:49'),
(439, 2, 3, 2, 1, 'Desa Pabuaran', 4, 'Kelurahan', 0, 357, 0, '2020-11-29 14:00:49', '2020-11-29 14:00:49'),
(440, 2, 3, 2, 1, 'Desa Paguyangan', 4, 'Kelurahan', 0, 357, 0, '2020-11-29 14:00:49', '2020-11-29 14:00:49'),
(441, 2, 3, 2, 1, 'Desa Pedagung', 4, 'Kelurahan', 0, 357, 0, '2020-11-29 14:00:49', '2020-11-29 14:00:49'),
(442, 2, 3, 2, 1, 'Desa Pegiringan', 4, 'Kelurahan', 0, 357, 0, '2020-11-29 14:00:49', '2020-11-29 14:00:49'),
(443, 2, 3, 2, 1, 'Desa Purana', 4, 'Kelurahan', 0, 357, 0, '2020-11-29 14:00:49', '2020-11-29 14:00:49'),
(444, 2, 3, 2, 1, 'Desa Sambeng', 4, 'Kelurahan', 0, 357, 0, '2020-11-29 14:00:49', '2020-11-29 14:00:49'),
(445, 2, 3, 2, 1, 'Desa Sarwodadi', 4, 'Kelurahan', 0, 357, 0, '2020-11-29 14:00:49', '2020-11-29 14:00:49'),
(446, 2, 3, 2, 1, 'Desa Sumurkidang', 4, 'Kelurahan', 0, 357, 0, '2020-11-29 14:00:49', '2020-11-29 14:00:49'),
(447, 2, 3, 2, 1, 'Desa Suru', 4, 'Kelurahan', 0, 357, 0, '2020-11-29 14:00:49', '2020-11-29 14:00:49'),
(448, 2, 3, 2, 1, 'Desa Wanarata', 4, 'Kelurahan', 0, 357, 0, '2020-11-29 14:00:49', '2020-11-29 14:00:49'),
(449, 2, 3, 2, 1, 'Kecamatan Randudongkal', 0, '', 0, 357, 0, '2020-11-29 14:00:49', '2020-11-29 14:00:49'),
(450, 2, 3, 2, 1, 'Desa Banjaranyar', 4, 'Kelurahan', 0, 357, 0, '2020-11-29 14:00:49', '2020-11-29 14:00:49'),
(451, 2, 3, 2, 1, 'Desa Gembyang', 4, 'Kelurahan', 0, 357, 0, '2020-11-29 14:00:49', '2020-11-29 14:00:49'),
(452, 2, 3, 2, 1, 'Desa Gongseng', 4, 'Kelurahan', 0, 357, 0, '2020-11-29 14:00:49', '2020-11-29 14:00:49'),
(453, 2, 3, 2, 1, 'Desa Kalimas', 4, 'Kelurahan', 0, 357, 0, '2020-11-29 14:00:49', '2020-11-29 14:00:49'),
(454, 2, 3, 2, 1, 'Desa Kalitorong', 4, 'Kelurahan', 0, 357, 0, '2020-11-29 14:00:49', '2020-11-29 14:00:49'),
(455, 2, 3, 2, 1, 'Desa Karangmoncol', 4, 'Kelurahan', 0, 357, 0, '2020-11-29 14:00:49', '2020-11-29 14:00:49'),
(456, 2, 3, 2, 1, 'Desa Kecepit', 4, 'Kelurahan', 0, 357, 0, '2020-11-29 14:00:49', '2020-11-29 14:00:49'),
(457, 2, 3, 2, 1, 'Desa Kejene', 4, 'Kelurahan', 0, 357, 0, '2020-11-29 14:00:49', '2020-11-29 14:00:49'),
(458, 2, 3, 2, 1, 'Desa Kreyo', 4, 'Kelurahan', 0, 357, 0, '2020-11-29 14:00:49', '2020-11-29 14:00:49'),
(459, 2, 3, 2, 1, 'Desa Lodaya', 4, 'Kelurahan', 0, 357, 0, '2020-11-29 14:00:49', '2020-11-29 14:00:49'),
(460, 2, 3, 2, 1, 'Desa Mangli', 4, 'Kelurahan', 0, 357, 0, '2020-11-29 14:00:49', '2020-11-29 14:00:49'),
(461, 2, 3, 2, 1, 'Desa Mejagong', 4, 'Kelurahan', 0, 357, 0, '2020-11-29 14:00:49', '2020-11-29 14:00:49'),
(462, 2, 3, 2, 1, 'Desa Penusupan', 4, 'Kelurahan', 0, 357, 0, '2020-11-29 14:00:49', '2020-11-29 14:00:49'),
(463, 2, 3, 2, 1, 'Desa Randudongkal', 4, 'Kelurahan', 0, 357, 0, '2020-11-29 14:00:49', '2020-11-29 14:00:49');
INSERT INTO `sub_indicators` (`id`, `business_id`, `area_id`, `sub_area_id`, `indicator_id`, `sub_indicator_name`, `unit_id`, `role`, `check_sub`, `parent_id`, `active`, `created_at`, `updated_at`) VALUES
(464, 2, 3, 2, 1, 'Desa Rembul', 4, 'Kelurahan', 0, 357, 0, '2020-11-29 14:00:49', '2020-11-29 14:00:49'),
(465, 2, 3, 2, 1, 'Desa Semaya', 4, 'Kelurahan', 0, 357, 0, '2020-11-29 14:00:49', '2020-11-29 14:00:49'),
(466, 2, 3, 2, 1, 'Desa Semingkir', 4, 'Kelurahan', 0, 357, 0, '2020-11-29 14:00:49', '2020-11-29 14:00:49'),
(467, 2, 3, 2, 1, 'Desa Tanahbaya', 4, 'Kelurahan', 0, 357, 0, '2020-11-29 14:00:49', '2020-11-29 14:00:49'),
(468, 2, 3, 2, 1, 'Kecamatan Pemalang', 0, '', 0, 357, 0, '2020-11-29 14:00:49', '2020-11-29 14:00:49'),
(469, 2, 3, 2, 1, 'Kelurahan Bojongbata', 4, 'Kelurahan', 0, 357, 0, '2020-11-29 14:00:49', '2020-11-29 14:00:49'),
(470, 2, 3, 2, 1, 'Kelurahan Kebondalem', 4, 'Kelurahan', 0, 357, 0, '2020-11-29 14:00:49', '2020-11-29 14:00:49'),
(471, 2, 3, 2, 1, 'Kelurahan Mulyoharjo', 4, 'Kelurahan', 0, 357, 0, '2020-11-29 14:00:49', '2020-11-29 14:00:49'),
(472, 2, 3, 2, 1, 'Kelurahan Paduraksa', 4, 'Kelurahan', 0, 357, 0, '2020-11-29 14:00:49', '2020-11-29 14:00:49'),
(473, 2, 3, 2, 1, 'Kelurahan Pelutan', 4, 'Kelurahan', 0, 357, 0, '2020-11-29 14:00:49', '2020-11-29 14:00:49'),
(474, 2, 3, 2, 1, 'Kelurahan Sugihwaras', 4, 'Kelurahan', 0, 357, 0, '2020-11-29 14:00:49', '2020-11-29 14:00:49'),
(475, 2, 3, 2, 1, 'Kelurahan Widuri', 4, 'Kelurahan', 0, 357, 0, '2020-11-29 14:00:49', '2020-11-29 14:00:49'),
(476, 2, 3, 2, 1, 'Desa Banjarmulya', 4, 'Kelurahan', 0, 357, 0, '2020-11-29 14:00:49', '2020-11-29 14:00:49'),
(477, 2, 3, 2, 1, 'Desa Bojongnangka', 4, 'Kelurahan', 0, 357, 0, '2020-11-29 14:00:49', '2020-11-29 14:00:49'),
(478, 2, 3, 2, 1, 'Desa Danasari', 4, 'Kelurahan', 0, 357, 0, '2020-11-29 14:00:49', '2020-11-29 14:00:49'),
(479, 2, 3, 2, 1, 'Desa Kramat', 4, 'Kelurahan', 0, 357, 0, '2020-11-29 14:00:49', '2020-11-29 14:00:49'),
(480, 2, 3, 2, 1, 'Desa Lawangrejo', 4, 'Kelurahan', 0, 357, 0, '2020-11-29 14:00:49', '2020-11-29 14:00:49'),
(481, 2, 3, 2, 1, 'Desa Mengori', 4, 'Kelurahan', 0, 357, 0, '2020-11-29 14:00:49', '2020-11-29 14:00:49'),
(482, 2, 3, 2, 1, 'Desa Pagongsoran', 4, 'Kelurahan', 0, 357, 0, '2020-11-29 14:00:49', '2020-11-29 14:00:49'),
(483, 2, 3, 2, 1, 'Desa Saradan', 4, 'Kelurahan', 0, 357, 0, '2020-11-29 14:00:49', '2020-11-29 14:00:49'),
(484, 2, 3, 2, 1, 'Desa Sewaka', 4, 'Kelurahan', 0, 357, 0, '2020-11-29 14:00:49', '2020-11-29 14:00:49'),
(485, 2, 3, 2, 1, 'Desa Sungapan', 4, 'Kelurahan', 0, 357, 0, '2020-11-29 14:00:49', '2020-11-29 14:00:49'),
(486, 2, 3, 2, 1, 'Desa Surajaya', 4, 'Kelurahan', 0, 357, 0, '2020-11-29 14:00:49', '2020-11-29 14:00:49'),
(487, 2, 3, 2, 1, 'Desa Tambakrejo', 4, 'Kelurahan', 0, 357, 0, '2020-11-29 14:00:49', '2020-11-29 14:00:49'),
(488, 2, 3, 2, 1, 'Desa Wanamulya', 4, 'Kelurahan', 0, 357, 0, '2020-11-29 14:00:49', '2020-11-29 14:00:49'),
(489, 2, 3, 2, 1, 'Kecamatan Taman', 0, '', 0, 357, 0, '2020-11-29 14:00:49', '2020-11-29 14:00:49'),
(490, 2, 3, 2, 1, 'Kelurahan Beji', 4, 'Kelurahan', 0, 357, 0, '2020-11-29 14:00:49', '2020-11-29 14:00:49'),
(491, 2, 3, 2, 1, 'Kelurahan Wanarejan Selatan', 4, 'Kelurahan', 0, 357, 0, '2020-11-29 14:00:49', '2020-11-29 14:00:49'),
(492, 2, 3, 2, 1, 'Desa Asemdoyong', 4, 'Kelurahan', 0, 357, 0, '2020-11-29 14:00:49', '2020-11-29 14:00:49'),
(493, 2, 3, 2, 1, 'Desa Banjaran', 4, 'Kelurahan', 0, 357, 0, '2020-11-29 14:00:49', '2020-11-29 14:00:49'),
(494, 2, 3, 2, 1, 'Desa Banjardawa', 4, 'Kelurahan', 0, 357, 0, '2020-11-29 14:00:49', '2020-11-29 14:00:49'),
(495, 2, 3, 2, 1, 'Desa Cibelok', 4, 'Kelurahan', 0, 357, 0, '2020-11-29 14:00:49', '2020-11-29 14:00:49'),
(496, 2, 3, 2, 1, 'Desa Gondang', 4, 'Kelurahan', 0, 357, 0, '2020-11-29 14:00:49', '2020-11-29 14:00:49'),
(497, 2, 3, 2, 1, 'Desa Jebed Selatan', 4, 'Kelurahan', 0, 357, 0, '2020-11-29 14:00:49', '2020-11-29 14:00:49'),
(498, 2, 3, 2, 1, 'Desa Jebed Utara', 4, 'Kelurahan', 0, 357, 0, '2020-11-29 14:00:49', '2020-11-29 14:00:49'),
(499, 2, 3, 2, 1, 'Desa Jrakah', 4, 'Kelurahan', 0, 357, 0, '2020-11-29 14:00:49', '2020-11-29 14:00:49'),
(500, 2, 3, 2, 1, 'Desa Kabunan', 4, 'Kelurahan', 0, 357, 0, '2020-11-29 14:00:49', '2020-11-29 14:00:49'),
(501, 2, 3, 2, 1, 'Desa Kaligelang', 4, 'Kelurahan', 0, 357, 0, '2020-11-29 14:00:49', '2020-11-29 14:00:49'),
(502, 2, 3, 2, 1, 'Desa Kedungbanjar', 4, 'Kelurahan', 0, 357, 0, '2020-11-29 14:00:49', '2020-11-29 14:00:49'),
(503, 2, 3, 2, 1, 'Desa Kejambon', 4, 'Kelurahan', 0, 357, 0, '2020-11-29 14:00:49', '2020-11-29 14:00:49'),
(504, 2, 3, 2, 1, 'Desa Pedurungan', 4, 'Kelurahan', 0, 357, 0, '2020-11-29 14:00:49', '2020-11-29 14:00:49'),
(505, 2, 3, 2, 1, 'Desa Pener', 4, 'Kelurahan', 0, 357, 0, '2020-11-29 14:00:49', '2020-11-29 14:00:49'),
(506, 2, 3, 2, 1, 'Desa Penggarit', 4, 'Kelurahan', 0, 357, 0, '2020-11-29 14:00:49', '2020-11-29 14:00:49'),
(507, 2, 3, 2, 1, 'Desa Sitemu', 4, 'Kelurahan', 0, 357, 0, '2020-11-29 14:00:49', '2020-11-29 14:00:49'),
(508, 2, 3, 2, 1, 'Desa Sokawangi', 4, 'Kelurahan', 0, 357, 0, '2020-11-29 14:00:49', '2020-11-29 14:00:49'),
(509, 2, 3, 2, 1, 'Desa Taman', 4, 'Kelurahan', 0, 357, 0, '2020-11-29 14:00:49', '2020-11-29 14:00:49'),
(510, 2, 3, 2, 1, 'Desa Wanarejan Utara', 4, 'Kelurahan', 0, 357, 0, '2020-11-29 14:00:49', '2020-11-29 14:00:49'),
(511, 2, 3, 2, 1, 'Kecamatan Petarukan', 0, '', 0, 357, 0, '2020-11-29 14:00:49', '2020-11-29 14:00:49'),
(512, 2, 3, 2, 1, 'Kelurahan Petarukan', 4, 'Kelurahan', 0, 357, 0, '2020-11-29 14:00:49', '2020-11-29 14:00:49'),
(513, 2, 3, 2, 1, 'Desa Bulu', 4, 'Kelurahan', 0, 357, 0, '2020-11-29 14:00:49', '2020-11-29 14:00:49'),
(514, 2, 3, 2, 1, 'Desa Iser', 4, 'Kelurahan', 0, 357, 0, '2020-11-29 14:00:49', '2020-11-29 14:00:49'),
(515, 2, 3, 2, 1, 'Desa Kalirandu', 4, 'Kelurahan', 0, 357, 0, '2020-11-29 14:00:49', '2020-11-29 14:00:49'),
(516, 2, 3, 2, 1, 'Desa Karangasem', 4, 'Kelurahan', 0, 357, 0, '2020-11-29 14:00:49', '2020-11-29 14:00:49'),
(517, 2, 3, 2, 1, 'Desa Kendaldoyong', 4, 'Kelurahan', 0, 357, 0, '2020-11-29 14:00:49', '2020-11-29 14:00:49'),
(518, 2, 3, 2, 1, 'Desa Kendalrejo', 4, 'Kelurahan', 0, 357, 0, '2020-11-29 14:00:49', '2020-11-29 14:00:49'),
(519, 2, 3, 2, 1, 'Desa Kendalsari', 4, 'Kelurahan', 0, 357, 0, '2020-11-29 14:00:49', '2020-11-29 14:00:49'),
(520, 2, 3, 2, 1, 'Desa Klareyan', 4, 'Kelurahan', 0, 357, 0, '2020-11-29 14:00:49', '2020-11-29 14:00:49'),
(521, 2, 3, 2, 1, 'Desa Loning', 4, 'Kelurahan', 0, 357, 0, '2020-11-29 14:00:49', '2020-11-29 14:00:49'),
(522, 2, 3, 2, 1, 'Desa Nyamplung Sari', 4, 'Kelurahan', 0, 357, 0, '2020-11-29 14:00:49', '2020-11-29 14:00:49'),
(523, 2, 3, 2, 1, 'Desa Panjunan', 4, 'Kelurahan', 0, 357, 0, '2020-11-29 14:00:49', '2020-11-29 14:00:49'),
(524, 2, 3, 2, 1, 'Desa Pegundan', 4, 'Kelurahan', 0, 357, 0, '2020-11-29 14:00:49', '2020-11-29 14:00:49'),
(525, 2, 3, 2, 1, 'Desa Pesucen', 4, 'Kelurahan', 0, 357, 0, '2020-11-29 14:00:49', '2020-11-29 14:00:49'),
(526, 2, 3, 2, 1, 'Desa Petanjungan', 4, 'Kelurahan', 0, 357, 0, '2020-11-29 14:00:49', '2020-11-29 14:00:49'),
(527, 2, 3, 2, 1, 'Desa Serang', 4, 'Kelurahan', 0, 357, 0, '2020-11-29 14:00:49', '2020-11-29 14:00:49'),
(528, 2, 3, 2, 1, 'Desa Sirangkang', 4, 'Kelurahan', 0, 357, 0, '2020-11-29 14:00:49', '2020-11-29 14:00:49'),
(529, 2, 3, 2, 1, 'Desa Tegalmlati', 4, 'Kelurahan', 0, 357, 0, '2020-11-29 14:00:49', '2020-11-29 14:00:49'),
(530, 2, 3, 2, 1, 'Desa Temuireng', 4, 'Kelurahan', 0, 357, 0, '2020-11-29 14:00:49', '2020-11-29 14:00:49'),
(531, 2, 3, 2, 1, 'Desa Widodaren', 4, 'Kelurahan', 0, 357, 0, '2020-11-29 14:00:49', '2020-11-29 14:00:49'),
(532, 2, 3, 2, 1, 'Kecamatan Ampelgading', 0, '', 0, 357, 0, '2020-11-29 14:00:49', '2020-11-29 14:00:49'),
(533, 2, 3, 2, 1, 'Desa Ampelgading', 4, 'Kelurahan', 0, 357, 0, '2020-11-29 14:00:49', '2020-11-29 14:00:49'),
(534, 2, 3, 2, 1, 'Desa Banglarangan', 4, 'Kelurahan', 0, 357, 0, '2020-11-29 14:00:49', '2020-11-29 14:00:49'),
(535, 2, 3, 2, 1, 'Desa Blimbing', 4, 'Kelurahan', 0, 357, 0, '2020-11-29 14:00:49', '2020-11-29 14:00:49'),
(536, 2, 3, 2, 1, 'Desa Cibiyuk', 4, 'Kelurahan', 0, 357, 0, '2020-11-29 14:00:49', '2020-11-29 14:00:49'),
(537, 2, 3, 2, 1, 'Desa Jatirejo', 4, 'Kelurahan', 0, 357, 0, '2020-11-29 14:00:49', '2020-11-29 14:00:49'),
(538, 2, 3, 2, 1, 'Desa Karangtalok', 4, 'Kelurahan', 0, 357, 0, '2020-11-29 14:00:49', '2020-11-29 14:00:49'),
(539, 2, 3, 2, 1, 'Desa Karangtengah', 4, 'Kelurahan', 0, 357, 0, '2020-11-29 14:00:49', '2020-11-29 14:00:49'),
(540, 2, 3, 2, 1, 'Desa Kebagusan', 4, 'Kelurahan', 0, 357, 0, '2020-11-29 14:00:49', '2020-11-29 14:00:49'),
(541, 2, 3, 2, 1, 'Desa Kemuning', 4, 'Kelurahan', 0, 357, 0, '2020-11-29 14:00:49', '2020-11-29 14:00:49'),
(542, 2, 3, 2, 1, 'Desa Losari', 4, 'Kelurahan', 0, 357, 0, '2020-11-29 14:00:49', '2020-11-29 14:00:49'),
(543, 2, 3, 2, 1, 'Desa Sidokare', 4, 'Kelurahan', 0, 357, 0, '2020-11-29 14:00:49', '2020-11-29 14:00:49'),
(544, 2, 3, 2, 1, 'Desa Sokawati', 4, 'Kelurahan', 0, 357, 0, '2020-11-29 14:00:49', '2020-11-29 14:00:49'),
(545, 2, 3, 2, 1, 'Desa Tegalsari Barat', 4, 'Kelurahan', 0, 357, 0, '2020-11-29 14:00:49', '2020-11-29 14:00:49'),
(546, 2, 3, 2, 1, 'Desa Tegalsari Timur', 4, 'Kelurahan', 0, 357, 0, '2020-11-29 14:00:49', '2020-11-29 14:00:49'),
(547, 2, 3, 2, 1, 'Desa Ujunggede', 4, 'Kelurahan', 0, 357, 0, '2020-11-29 14:00:49', '2020-11-29 14:00:49'),
(548, 2, 3, 2, 1, 'Desa Wonogiri', 4, 'Kelurahan', 0, 357, 0, '2020-11-29 14:00:49', '2020-11-29 14:00:49'),
(549, 2, 3, 2, 1, 'Kecamatan Comal', 0, '', 0, 357, 0, '2020-11-29 14:00:49', '2020-11-29 14:00:49'),
(550, 2, 3, 2, 1, 'Kelurahan Purwoharjo', 4, 'Kelurahan', 0, 357, 0, '2020-11-29 14:00:49', '2020-11-29 14:00:49'),
(551, 2, 3, 2, 1, 'Desa Ambokulon', 4, 'Kelurahan', 0, 357, 0, '2020-11-29 14:00:49', '2020-11-29 14:00:49'),
(552, 2, 3, 2, 1, 'Desa Gandu', 4, 'Kelurahan', 0, 357, 0, '2020-11-29 14:00:49', '2020-11-29 14:00:49'),
(553, 2, 3, 2, 1, 'Desa Gedeg', 4, 'Kelurahan', 0, 357, 0, '2020-11-29 14:00:49', '2020-11-29 14:00:49'),
(554, 2, 3, 2, 1, 'Desa Gintung', 4, 'Kelurahan', 0, 357, 0, '2020-11-29 14:00:49', '2020-11-29 14:00:49'),
(555, 2, 3, 2, 1, 'Desa Kandang', 4, 'Kelurahan', 0, 357, 0, '2020-11-29 14:00:49', '2020-11-29 14:00:49'),
(556, 2, 3, 2, 1, 'Desa Kauman', 4, 'Kelurahan', 0, 357, 0, '2020-11-29 14:00:49', '2020-11-29 14:00:49'),
(557, 2, 3, 2, 1, 'Desa Kebojongan', 4, 'Kelurahan', 0, 357, 0, '2020-11-29 14:00:49', '2020-11-29 14:00:49'),
(558, 2, 3, 2, 1, 'Desa Klegen', 4, 'Kelurahan', 0, 357, 0, '2020-11-29 14:00:49', '2020-11-29 14:00:49'),
(559, 2, 3, 2, 1, 'Desa Lowa', 4, 'Kelurahan', 0, 357, 0, '2020-11-29 14:00:49', '2020-11-29 14:00:49'),
(560, 2, 3, 2, 1, 'Desa Pecangakan', 4, 'Kelurahan', 0, 357, 0, '2020-11-29 14:00:49', '2020-11-29 14:00:49'),
(561, 2, 3, 2, 1, 'Desa Purwosari', 4, 'Kelurahan', 0, 357, 0, '2020-11-29 14:00:49', '2020-11-29 14:00:49'),
(562, 2, 3, 2, 1, 'Desa Sarwodadi', 4, 'Kelurahan', 0, 357, 0, '2020-11-29 14:00:49', '2020-11-29 14:00:49'),
(563, 2, 3, 2, 1, 'Desa Sidorejo', 4, 'Kelurahan', 0, 357, 0, '2020-11-29 14:00:49', '2020-11-29 14:00:49'),
(564, 2, 3, 2, 1, 'Desa Sikayu', 4, 'Kelurahan', 0, 357, 0, '2020-11-29 14:00:49', '2020-11-29 14:00:49'),
(565, 2, 3, 2, 1, 'Desa Susukan', 4, 'Kelurahan', 0, 357, 0, '2020-11-29 14:00:49', '2020-11-29 14:00:49'),
(566, 2, 3, 2, 1, 'Desa Tumbal', 4, 'Kelurahan', 0, 357, 0, '2020-11-29 14:00:49', '2020-11-29 14:00:49'),
(567, 2, 3, 2, 1, 'Desa Wonokromo', 4, 'Kelurahan', 0, 357, 0, '2020-11-29 14:00:49', '2020-11-29 14:00:49'),
(568, 2, 3, 2, 1, 'Kecamatan Ulujami', 0, '', 0, 357, 0, '2020-11-29 14:00:49', '2020-11-29 14:00:49'),
(569, 2, 3, 2, 1, 'Desa Ambowetan', 4, 'Kelurahan', 0, 357, 0, '2020-11-29 14:00:49', '2020-11-29 14:00:49'),
(570, 2, 3, 2, 1, 'Desa Blendung', 4, 'Kelurahan', 0, 357, 0, '2020-11-29 14:00:49', '2020-11-29 14:00:49'),
(571, 2, 3, 2, 1, 'Desa Botekan', 4, 'Kelurahan', 0, 357, 0, '2020-11-29 14:00:49', '2020-11-29 14:00:49'),
(572, 2, 3, 2, 1, 'Desa Bumirejo', 4, 'Kelurahan', 0, 357, 0, '2020-11-29 14:00:49', '2020-11-29 14:00:49'),
(573, 2, 3, 2, 1, 'Desa Kaliprau', 4, 'Kelurahan', 0, 357, 0, '2020-11-29 14:00:49', '2020-11-29 14:00:49'),
(574, 2, 3, 2, 1, 'Desa Kertosari', 4, 'Kelurahan', 0, 357, 0, '2020-11-29 14:00:49', '2020-11-29 14:00:49'),
(575, 2, 3, 2, 1, 'Desa Ketapang', 4, 'Kelurahan', 0, 357, 0, '2020-11-29 14:00:49', '2020-11-29 14:00:49'),
(576, 2, 3, 2, 1, 'Desa Limbangan', 4, 'Kelurahan', 0, 357, 0, '2020-11-29 14:00:49', '2020-11-29 14:00:49'),
(577, 2, 3, 2, 1, 'Desa Mojo', 4, 'Kelurahan', 0, 357, 0, '2020-11-29 14:00:49', '2020-11-29 14:00:49'),
(578, 2, 3, 2, 1, 'Desa Padek', 4, 'Kelurahan', 0, 357, 0, '2020-11-29 14:00:49', '2020-11-29 14:00:49'),
(579, 2, 3, 2, 1, 'Desa Pagergunung', 4, 'Kelurahan', 0, 357, 0, '2020-11-29 14:00:49', '2020-11-29 14:00:49'),
(580, 2, 3, 2, 1, 'Desa Pamutih', 4, 'Kelurahan', 0, 357, 0, '2020-11-29 14:00:49', '2020-11-29 14:00:49'),
(581, 2, 3, 2, 1, 'Desa Pesantren', 4, 'Kelurahan', 0, 357, 0, '2020-11-29 14:00:49', '2020-11-29 14:00:49'),
(582, 2, 3, 2, 1, 'Desa Rowosari', 4, 'Kelurahan', 0, 357, 0, '2020-11-29 14:00:49', '2020-11-29 14:00:49'),
(583, 2, 3, 2, 1, 'Desa Samong', 4, 'Kelurahan', 0, 357, 0, '2020-11-29 14:00:49', '2020-11-29 14:00:49'),
(584, 2, 3, 2, 1, 'Desa Sukorejo', 4, 'Kelurahan', 0, 357, 0, '2020-11-29 14:00:49', '2020-11-29 14:00:49'),
(585, 2, 3, 2, 1, 'Desa Tasikrejo', 4, 'Kelurahan', 0, 357, 0, '2020-11-29 14:00:49', '2020-11-29 14:00:49'),
(586, 2, 3, 2, 1, 'Desa Wiyorowetan', 4, 'Kelurahan', 0, 357, 0, '2020-11-29 14:00:49', '2020-11-29 14:00:49'),
(587, 2, 3, 2, 1, 'Kecamatan Warungpring', 0, '', 0, 357, 0, '2020-11-29 14:00:49', '2020-11-29 14:00:49'),
(588, 2, 3, 2, 1, 'Desa Warungpring', 4, 'Kelurahan', 0, 357, 0, '2020-11-29 14:00:49', '2020-11-29 14:00:49'),
(589, 2, 3, 2, 1, 'Desa Pakembaran', 4, 'Kelurahan', 0, 357, 0, '2020-11-29 14:00:49', '2020-11-29 14:00:49'),
(590, 2, 3, 2, 1, 'Desa Mereng', 4, 'Kelurahan', 0, 357, 0, '2020-11-29 14:00:49', '2020-11-29 14:00:49'),
(591, 2, 3, 2, 1, 'Desa Karangdawa', 4, 'Kelurahan', 0, 357, 0, '2020-11-29 14:00:49', '2020-11-29 14:00:49'),
(592, 2, 3, 2, 1, 'Desa Datar', 4, 'Kelurahan', 0, 357, 0, '2020-11-29 14:00:49', '2020-11-29 14:00:49'),
(593, 2, 3, 2, 1, 'Desa Cibuyur', 4, 'Kelurahan', 0, 357, 0, '2020-11-29 14:00:49', '2020-11-29 14:00:49'),
(594, 2, 3, 2, 1, 'Daftar Kecamatan', 2, 'Kecamatan', 0, 5, 0, '2020-11-30 06:56:29', '2020-11-30 06:56:29'),
(595, 2, 3, 2, 1, 'Kecamatan Moga', 2, 'Kecamatan', 0, 594, 0, '2020-11-30 06:56:29', '2020-11-30 06:56:29'),
(596, 2, 3, 2, 1, 'Kecamatan Pulosari', 2, 'Kecamatan', 0, 594, 0, '2020-11-30 06:56:29', '2020-11-30 06:56:29'),
(597, 2, 3, 2, 1, 'Kecamatan Belik', 2, 'Kecamatan', 0, 594, 0, '2020-11-30 06:56:29', '2020-11-30 06:56:29'),
(598, 2, 3, 2, 1, 'Kecamatan Watukumpul', 2, 'Kecamatan', 0, 594, 0, '2020-11-30 06:56:29', '2020-11-30 06:56:29'),
(599, 2, 3, 2, 1, 'Kecamatan Bodeh', 2, 'Kecamatan', 0, 594, 0, '2020-11-30 06:56:29', '2020-11-30 06:56:29'),
(600, 2, 3, 2, 1, 'Kecamatan Bantarbolang', 2, 'Kecamatan', 0, 594, 0, '2020-11-30 06:56:29', '2020-11-30 06:56:29'),
(601, 2, 3, 2, 1, 'Kecamatan Randudongkal', 2, 'Kecamatan', 0, 594, 0, '2020-11-30 06:56:29', '2020-11-30 06:56:29'),
(602, 2, 3, 2, 1, 'Kecamatan Pemalang', 2, 'Kecamatan', 0, 594, 0, '2020-11-30 06:56:29', '2020-11-30 06:56:29'),
(603, 2, 3, 2, 1, 'Kecamatan Taman', 2, 'Kecamatan', 0, 594, 0, '2020-11-30 06:56:29', '2020-11-30 06:56:29'),
(604, 2, 3, 2, 1, 'Kecamatan Petarukan', 2, 'Kecamatan', 0, 594, 0, '2020-11-30 06:56:29', '2020-11-30 06:56:29'),
(605, 2, 3, 2, 1, 'Kecamatan Ampelgading', 2, 'Kecamatan', 0, 594, 0, '2020-11-30 06:56:29', '2020-11-30 06:56:29'),
(606, 2, 3, 2, 1, 'Kecamatan Comal', 2, 'Kecamatan', 0, 594, 0, '2020-11-30 06:56:29', '2020-11-30 06:56:29'),
(607, 2, 3, 2, 1, 'Kecamatan Ulujami', 2, 'Kecamatan', 0, 594, 0, '2020-11-30 06:56:29', '2020-11-30 06:56:29'),
(608, 2, 3, 2, 1, 'Kecamatan Warungpring', 2, 'Kecamatan', 0, 594, 0, '2020-11-30 06:56:29', '2020-11-30 06:56:29'),
(609, 2, 3, 2, 1, 'Daftar Kecamatan 2', 3, 'Kecamatan', 0, 5, 0, '2020-11-30 07:08:31', '2020-11-30 07:08:31'),
(610, 2, 3, 2, 1, 'Kecamatan Moga', 3, 'Kecamatan', 0, 609, 0, '2020-11-30 07:08:31', '2020-11-30 07:08:31'),
(611, 2, 3, 2, 1, 'Kecamatan Pulosari', 3, 'Kecamatan', 0, 609, 0, '2020-11-30 07:08:31', '2020-11-30 07:08:31'),
(612, 2, 3, 2, 1, 'Kecamatan Belik', 3, 'Kecamatan', 0, 609, 0, '2020-11-30 07:08:31', '2020-11-30 07:08:31'),
(613, 2, 3, 2, 1, 'Kecamatan Watukumpul', 3, 'Kecamatan', 0, 609, 0, '2020-11-30 07:08:31', '2020-11-30 07:08:31'),
(614, 2, 3, 2, 1, 'Kecamatan Bodeh', 3, 'Kecamatan', 0, 609, 0, '2020-11-30 07:08:31', '2020-11-30 07:08:31'),
(615, 2, 3, 2, 1, 'Kecamatan Bantarbolang', 3, 'Kecamatan', 0, 609, 0, '2020-11-30 07:08:31', '2020-11-30 07:08:31'),
(616, 2, 3, 2, 1, 'Kecamatan Randudongkal', 3, 'Kecamatan', 0, 609, 0, '2020-11-30 07:08:31', '2020-11-30 07:08:31'),
(617, 2, 3, 2, 1, 'Kecamatan Pemalang', 3, 'Kecamatan', 0, 609, 0, '2020-11-30 07:08:31', '2020-11-30 07:08:31'),
(618, 2, 3, 2, 1, 'Kecamatan Taman', 3, 'Kecamatan', 0, 609, 0, '2020-11-30 07:08:31', '2020-11-30 07:08:31'),
(619, 2, 3, 2, 1, 'Kecamatan Petarukan', 3, 'Kecamatan', 0, 609, 0, '2020-11-30 07:08:31', '2020-11-30 07:08:31'),
(620, 2, 3, 2, 1, 'Kecamatan Ampelgading', 3, 'Kecamatan', 0, 609, 0, '2020-11-30 07:08:31', '2020-11-30 07:08:31'),
(621, 2, 3, 2, 1, 'Kecamatan Comal', 3, 'Kecamatan', 0, 609, 0, '2020-11-30 07:08:31', '2020-11-30 07:08:31'),
(622, 2, 3, 2, 1, 'Kecamatan Ulujami', 3, 'Kecamatan', 0, 609, 0, '2020-11-30 07:08:31', '2020-11-30 07:08:31'),
(623, 2, 3, 2, 1, 'Kecamatan Warungpring', 3, 'Kecamatan', 0, 609, 0, '2020-11-30 07:08:31', '2020-11-30 07:08:31'),
(624, 2, 3, 2, 1, 'Daftar Kecamatan123', 2, 'Kecamatan', 0, NULL, 0, '2020-12-03 01:51:32', '2020-12-03 03:52:32'),
(625, 2, 3, 2, 1, 'Kecamatan Moga', 3, 'Kecamatan', 0, 624, 0, '2020-12-03 01:51:32', '2020-12-03 01:51:32'),
(626, 2, 3, 2, 1, 'Kecamatan Pulosari', 3, 'Kecamatan', 0, 624, 0, '2020-12-03 01:51:32', '2020-12-03 01:51:32'),
(627, 2, 3, 2, 1, 'Kecamatan Belik', 3, 'Kecamatan', 0, 624, 0, '2020-12-03 01:51:32', '2020-12-03 01:51:32'),
(628, 2, 3, 2, 1, 'Kecamatan Watukumpul', 3, 'Kecamatan', 0, 624, 0, '2020-12-03 01:51:32', '2020-12-03 01:51:32'),
(629, 2, 3, 2, 1, 'Kecamatan Bodeh', 3, 'Kecamatan', 0, 624, 0, '2020-12-03 01:51:32', '2020-12-03 01:51:32'),
(630, 2, 3, 2, 1, 'Kecamatan Bantarbolang', 3, 'Kecamatan', 0, 624, 0, '2020-12-03 01:51:32', '2020-12-03 01:51:32'),
(631, 2, 3, 2, 1, 'Kecamatan Randudongkal', 3, 'Kecamatan', 0, 624, 0, '2020-12-03 01:51:32', '2020-12-03 01:51:32'),
(632, 2, 3, 2, 1, 'Kecamatan Pemalang', 3, 'Kecamatan', 0, 624, 0, '2020-12-03 01:51:32', '2020-12-03 01:51:32'),
(633, 2, 3, 2, 1, 'Kecamatan Taman', 3, 'Kecamatan', 0, 624, 0, '2020-12-03 01:51:32', '2020-12-03 01:51:32'),
(634, 2, 3, 2, 1, 'Kecamatan Petarukan', 3, 'Kecamatan', 0, 624, 0, '2020-12-03 01:51:32', '2020-12-03 01:51:32'),
(635, 2, 3, 2, 1, 'Kecamatan Ampelgading', 3, 'Kecamatan', 0, 624, 0, '2020-12-03 01:51:32', '2020-12-03 01:51:32'),
(636, 2, 3, 2, 1, 'Kecamatan Comal', 3, 'Kecamatan', 0, 624, 0, '2020-12-03 01:51:32', '2020-12-03 01:51:32'),
(637, 2, 3, 2, 1, 'Kecamatan Ulujami', 3, 'Kecamatan', 0, 624, 0, '2020-12-03 01:51:32', '2020-12-03 01:51:32'),
(638, 2, 3, 2, 1, 'Kecamatan Warungpring', 3, 'Kecamatan', 0, 624, 0, '2020-12-03 01:51:32', '2020-12-03 01:51:32'),
(639, 2, 3, 2, 1, 'Kecamatan Moga', 2, 'Kecamatan', 0, 624, 0, '2020-12-03 03:52:32', '2020-12-03 03:52:32'),
(640, 2, 3, 2, 1, 'Kecamatan Pulosari', 2, 'Kecamatan', 0, 624, 0, '2020-12-03 03:52:32', '2020-12-03 03:52:32'),
(641, 2, 3, 2, 1, 'Kecamatan Belik', 2, 'Kecamatan', 0, 624, 0, '2020-12-03 03:52:32', '2020-12-03 03:52:32'),
(642, 2, 3, 2, 1, 'Kecamatan Watukumpul', 2, 'Kecamatan', 0, 624, 0, '2020-12-03 03:52:32', '2020-12-03 03:52:32'),
(643, 2, 3, 2, 1, 'Kecamatan Bodeh', 2, 'Kecamatan', 0, 624, 0, '2020-12-03 03:52:32', '2020-12-03 03:52:32'),
(644, 2, 3, 2, 1, 'Kecamatan Bantarbolang', 2, 'Kecamatan', 0, 624, 0, '2020-12-03 03:52:32', '2020-12-03 03:52:32'),
(645, 2, 3, 2, 1, 'Kecamatan Randudongkal', 2, 'Kecamatan', 0, 624, 0, '2020-12-03 03:52:32', '2020-12-03 03:52:32'),
(646, 2, 3, 2, 1, 'Kecamatan Pemalang', 2, 'Kecamatan', 0, 624, 0, '2020-12-03 03:52:32', '2020-12-03 03:52:32'),
(647, 2, 3, 2, 1, 'Kecamatan Taman', 2, 'Kecamatan', 0, 624, 0, '2020-12-03 03:52:32', '2020-12-03 03:52:32'),
(648, 2, 3, 2, 1, 'Kecamatan Petarukan', 2, 'Kecamatan', 0, 624, 0, '2020-12-03 03:52:32', '2020-12-03 03:52:32'),
(649, 2, 3, 2, 1, 'Kecamatan Ampelgading', 2, 'Kecamatan', 0, 624, 0, '2020-12-03 03:52:32', '2020-12-03 03:52:32'),
(650, 2, 3, 2, 1, 'Kecamatan Comal', 2, 'Kecamatan', 0, 624, 0, '2020-12-03 03:52:32', '2020-12-03 03:52:32'),
(651, 2, 3, 2, 1, 'Kecamatan Ulujami', 2, 'Kecamatan', 0, 624, 0, '2020-12-03 03:52:32', '2020-12-03 03:52:32'),
(652, 2, 3, 2, 1, 'Kecamatan Warungpring', 2, 'Kecamatan', 0, 624, 0, '2020-12-03 03:52:32', '2020-12-03 03:52:32'),
(653, 2, 360, 357, 6, 'Daftar Puskesmas', 3, 'Dinas Kesehatan', 1, NULL, 0, '2020-12-03 04:26:30', '2020-12-03 04:26:30'),
(654, 2, 360, 357, 6, 'Puskesmas Kecamatan', 0, 'Kecamatan', 1, 653, 0, '2020-12-03 04:27:14', '2020-12-03 04:27:14'),
(655, 2, 360, 357, 6, 'Data Puskesmas Kecamatan', 2, 'Kecamatan', 0, 653, 0, '2020-12-03 04:28:23', '2020-12-03 04:28:23'),
(656, 2, 360, 357, 6, 'Kecamatan Moga', 2, 'Kecamatan', 0, 655, 0, '2020-12-03 04:28:23', '2020-12-03 04:28:23'),
(657, 2, 360, 357, 6, 'Kecamatan Pulosari', 2, 'Kecamatan', 0, 655, 0, '2020-12-03 04:28:23', '2020-12-03 04:28:23'),
(658, 2, 360, 357, 6, 'Kecamatan Belik', 2, 'Kecamatan', 0, 655, 0, '2020-12-03 04:28:23', '2020-12-03 04:28:23'),
(659, 2, 360, 357, 6, 'Kecamatan Watukumpul', 2, 'Kecamatan', 0, 655, 0, '2020-12-03 04:28:23', '2020-12-03 04:28:23'),
(660, 2, 360, 357, 6, 'Kecamatan Bodeh', 2, 'Kecamatan', 0, 655, 0, '2020-12-03 04:28:23', '2020-12-03 04:28:23'),
(661, 2, 360, 357, 6, 'Kecamatan Bantarbolang', 2, 'Kecamatan', 0, 655, 0, '2020-12-03 04:28:23', '2020-12-03 04:28:23'),
(662, 2, 360, 357, 6, 'Kecamatan Randudongkal', 2, 'Kecamatan', 0, 655, 0, '2020-12-03 04:28:23', '2020-12-03 04:28:23'),
(663, 2, 360, 357, 6, 'Kecamatan Pemalang', 2, 'Kecamatan', 0, 655, 0, '2020-12-03 04:28:23', '2020-12-03 04:28:23'),
(664, 2, 360, 357, 6, 'Kecamatan Taman', 2, 'Kecamatan', 0, 655, 0, '2020-12-03 04:28:23', '2020-12-03 04:28:23'),
(665, 2, 360, 357, 6, 'Kecamatan Petarukan', 2, 'Kecamatan', 0, 655, 0, '2020-12-03 04:28:23', '2020-12-03 04:28:23'),
(666, 2, 360, 357, 6, 'Kecamatan Ampelgading', 2, 'Kecamatan', 0, 655, 0, '2020-12-03 04:28:23', '2020-12-03 04:28:23'),
(667, 2, 360, 357, 6, 'Kecamatan Comal', 2, 'Kecamatan', 0, 655, 0, '2020-12-03 04:28:23', '2020-12-03 04:28:23'),
(668, 2, 360, 357, 6, 'Kecamatan Ulujami', 2, 'Kecamatan', 0, 655, 0, '2020-12-03 04:28:23', '2020-12-03 04:28:23'),
(669, 2, 360, 357, 6, 'Kecamatan Warungpring', 2, 'Kecamatan', 0, 655, 0, '2020-12-03 04:28:23', '2020-12-03 04:28:23'),
(670, 2, 360, 357, 6, 'Daftar Kecamatan Kesehatan', 3, 'Kecamatan', 0, NULL, 0, '2020-12-03 05:38:36', '2020-12-03 05:38:36'),
(671, 2, 360, 357, 6, 'Kecamatan Moga', 3, 'Kecamatan', 0, 670, 0, '2020-12-03 05:38:36', '2020-12-03 05:38:36'),
(672, 2, 360, 357, 6, 'Kecamatan Pulosari', 3, 'Kecamatan', 0, 670, 0, '2020-12-03 05:38:36', '2020-12-03 05:38:36'),
(673, 2, 360, 357, 6, 'Kecamatan Belik', 3, 'Kecamatan', 0, 670, 0, '2020-12-03 05:38:36', '2020-12-03 05:38:36'),
(674, 2, 360, 357, 6, 'Kecamatan Watukumpul', 3, 'Kecamatan', 0, 670, 0, '2020-12-03 05:38:36', '2020-12-03 05:38:36'),
(675, 2, 360, 357, 6, 'Kecamatan Bodeh', 3, 'Kecamatan', 0, 670, 0, '2020-12-03 05:38:36', '2020-12-03 05:38:36'),
(676, 2, 360, 357, 6, 'Kecamatan Bantarbolang', 3, 'Kecamatan', 0, 670, 0, '2020-12-03 05:38:36', '2020-12-03 05:38:36'),
(677, 2, 360, 357, 6, 'Kecamatan Randudongkal', 3, 'Kecamatan', 0, 670, 0, '2020-12-03 05:38:36', '2020-12-03 05:38:36'),
(678, 2, 360, 357, 6, 'Kecamatan Pemalang', 3, 'Kecamatan', 0, 670, 0, '2020-12-03 05:38:36', '2020-12-03 05:38:36'),
(679, 2, 360, 357, 6, 'Kecamatan Taman', 3, 'Kecamatan', 0, 670, 0, '2020-12-03 05:38:36', '2020-12-03 05:38:36'),
(680, 2, 360, 357, 6, 'Kecamatan Petarukan', 3, 'Kecamatan', 0, 670, 0, '2020-12-03 05:38:36', '2020-12-03 05:38:36'),
(681, 2, 360, 357, 6, 'Kecamatan Ampelgading', 3, 'Kecamatan', 0, 670, 0, '2020-12-03 05:38:36', '2020-12-03 05:38:36'),
(682, 2, 360, 357, 6, 'Kecamatan Comal', 3, 'Kecamatan', 0, 670, 0, '2020-12-03 05:38:36', '2020-12-03 05:38:36'),
(683, 2, 360, 357, 6, 'Kecamatan Ulujami', 3, 'Kecamatan', 0, 670, 0, '2020-12-03 05:38:36', '2020-12-03 05:38:36'),
(684, 2, 360, 357, 6, 'Kecamatan Warungpring', 3, 'Kecamatan', 0, 670, 0, '2020-12-03 05:38:36', '2020-12-03 05:38:36'),
(685, 2, 360, 357, 6, 'Data Puskesmas Kelurahan', 9, 'Kelurahan', 0, 653, 0, '2020-12-04 05:10:52', '2020-12-04 05:10:52'),
(686, 2, 360, 357, 6, 'Kecamatan Moga', 0, '', 0, 685, 0, '2020-12-04 05:10:52', '2020-12-04 05:10:52'),
(687, 2, 360, 357, 6, 'Desa Banyumudal', 9, 'Kelurahan', 0, 685, 0, '2020-12-04 05:10:52', '2020-12-04 05:10:52'),
(688, 2, 360, 357, 6, 'Desa Walangsanga', 9, 'Kelurahan', 0, 685, 0, '2020-12-04 05:10:52', '2020-12-04 05:10:52'),
(689, 2, 360, 357, 6, 'Desa Wangkelang', 9, 'Kelurahan', 0, 685, 0, '2020-12-04 05:10:52', '2020-12-04 05:10:52'),
(690, 2, 360, 357, 6, 'Desa Sima', 9, 'Kelurahan', 0, 685, 0, '2020-12-04 05:10:52', '2020-12-04 05:10:52'),
(691, 2, 360, 357, 6, 'Desa Plakaran', 9, 'Kelurahan', 0, 685, 0, '2020-12-04 05:10:52', '2020-12-04 05:10:52'),
(692, 2, 360, 357, 6, 'Desa Pepedan', 9, 'Kelurahan', 0, 685, 0, '2020-12-04 05:10:52', '2020-12-04 05:10:52'),
(693, 2, 360, 357, 6, 'Desa Moga', 9, 'Kelurahan', 0, 685, 0, '2020-12-04 05:10:52', '2020-12-04 05:10:52'),
(694, 2, 360, 357, 6, 'Desa Mandiraja', 9, 'Kelurahan', 0, 685, 0, '2020-12-04 05:10:52', '2020-12-04 05:10:52'),
(695, 2, 360, 357, 6, 'Desa Kebanggan', 9, 'Kelurahan', 0, 685, 0, '2020-12-04 05:10:52', '2020-12-04 05:10:52'),
(696, 2, 360, 357, 6, 'Desa Gendowang', 9, 'Kelurahan', 0, 685, 0, '2020-12-04 05:10:52', '2020-12-04 05:10:52'),
(697, 2, 360, 357, 6, 'Kecamatan Pulosari', 0, '', 0, 685, 0, '2020-12-04 05:10:52', '2020-12-04 05:10:52'),
(698, 2, 360, 357, 6, 'Desa Siremeng', 9, 'Kelurahan', 0, 685, 0, '2020-12-04 05:10:52', '2020-12-04 05:10:52'),
(699, 2, 360, 357, 6, 'Desa Pulosari', 9, 'Kelurahan', 0, 685, 0, '2020-12-04 05:10:52', '2020-12-04 05:10:52'),
(700, 2, 360, 357, 6, 'Desa Penakir', 9, 'Kelurahan', 0, 685, 0, '2020-12-04 05:10:52', '2020-12-04 05:10:52'),
(701, 2, 360, 357, 6, 'Desa Pagenteran', 9, 'Kelurahan', 0, 685, 0, '2020-12-04 05:10:52', '2020-12-04 05:10:52'),
(702, 2, 360, 357, 6, 'Desa Nyalembeng', 9, 'Kelurahan', 0, 685, 0, '2020-12-04 05:10:52', '2020-12-04 05:10:52'),
(703, 2, 360, 357, 6, 'Desa Karangsari', 9, 'Kelurahan', 0, 685, 0, '2020-12-04 05:10:52', '2020-12-04 05:10:52'),
(704, 2, 360, 357, 6, 'Desa Jurangmangu', 9, 'Kelurahan', 0, 685, 0, '2020-12-04 05:10:52', '2020-12-04 05:10:52'),
(705, 2, 360, 357, 6, 'Desa Gunungsari', 9, 'Kelurahan', 0, 685, 0, '2020-12-04 05:10:52', '2020-12-04 05:10:52'),
(706, 2, 360, 357, 6, 'Desa Gambuhan', 9, 'Kelurahan', 0, 685, 0, '2020-12-04 05:10:52', '2020-12-04 05:10:52'),
(707, 2, 360, 357, 6, 'Desa Clekatakan', 9, 'Kelurahan', 0, 685, 0, '2020-12-04 05:10:52', '2020-12-04 05:10:52'),
(708, 2, 360, 357, 6, 'Desa Cikendung', 9, 'Kelurahan', 0, 685, 0, '2020-12-04 05:10:52', '2020-12-04 05:10:52'),
(709, 2, 360, 357, 6, 'Desa Batursari', 9, 'Kelurahan', 0, 685, 0, '2020-12-04 05:10:52', '2020-12-04 05:10:52'),
(710, 2, 360, 357, 6, 'Kecamatan Belik', 0, '', 0, 685, 0, '2020-12-04 05:10:52', '2020-12-04 05:10:52'),
(711, 2, 360, 357, 6, 'Desa Simpur', 9, 'Kelurahan', 0, 685, 0, '2020-12-04 05:10:52', '2020-12-04 05:10:52'),
(712, 2, 360, 357, 6, 'Desa Sikasur', 9, 'Kelurahan', 0, 685, 0, '2020-12-04 05:10:52', '2020-12-04 05:10:52'),
(713, 2, 360, 357, 6, 'Desa Mendelem', 9, 'Kelurahan', 0, 685, 0, '2020-12-04 05:10:52', '2020-12-04 05:10:52'),
(714, 2, 360, 357, 6, 'Desa Kuta', 9, 'Kelurahan', 0, 685, 0, '2020-12-04 05:10:52', '2020-12-04 05:10:52'),
(715, 2, 360, 357, 6, 'Desa Kalisaleh', 9, 'Kelurahan', 0, 685, 0, '2020-12-04 05:10:52', '2020-12-04 05:10:52'),
(716, 2, 360, 357, 6, 'Desa Gunungtiga', 9, 'Kelurahan', 0, 685, 0, '2020-12-04 05:10:52', '2020-12-04 05:10:52'),
(717, 2, 360, 357, 6, 'Desa Gunungjaya', 9, 'Kelurahan', 0, 685, 0, '2020-12-04 05:10:52', '2020-12-04 05:10:52'),
(718, 2, 360, 357, 6, 'Desa Gombong', 9, 'Kelurahan', 0, 685, 0, '2020-12-04 05:10:52', '2020-12-04 05:10:52'),
(719, 2, 360, 357, 6, 'Desa Bulakan', 9, 'Kelurahan', 0, 685, 0, '2020-12-04 05:10:52', '2020-12-04 05:10:52'),
(720, 2, 360, 357, 6, 'Desa Beluk', 9, 'Kelurahan', 0, 685, 0, '2020-12-04 05:10:52', '2020-12-04 05:10:52'),
(721, 2, 360, 357, 6, 'Desa Belik', 9, 'Kelurahan', 0, 685, 0, '2020-12-04 05:10:52', '2020-12-04 05:10:52'),
(722, 2, 360, 357, 6, 'Desa Badak', 9, 'Kelurahan', 0, 685, 0, '2020-12-04 05:10:52', '2020-12-04 05:10:52'),
(723, 2, 360, 357, 6, 'Kecamatan Watukumpul', 0, '', 0, 685, 0, '2020-12-04 05:10:52', '2020-12-04 05:10:52'),
(724, 2, 360, 357, 6, 'Desa Bodas', 9, 'Kelurahan', 0, 685, 0, '2020-12-04 05:10:52', '2020-12-04 05:10:52'),
(725, 2, 360, 357, 6, 'Desa Wisnu', 9, 'Kelurahan', 0, 685, 0, '2020-12-04 05:10:52', '2020-12-04 05:10:52'),
(726, 2, 360, 357, 6, 'Desa Watukumpul', 9, 'Kelurahan', 0, 685, 0, '2020-12-04 05:10:52', '2020-12-04 05:10:52'),
(727, 2, 360, 357, 6, 'Desa Tundagan', 9, 'Kelurahan', 0, 685, 0, '2020-12-04 05:10:52', '2020-12-04 05:10:52'),
(728, 2, 360, 357, 6, 'Desa Tlagasana', 9, 'Kelurahan', 0, 685, 0, '2020-12-04 05:10:52', '2020-12-04 05:10:52'),
(729, 2, 360, 357, 6, 'Desa Tambi', 9, 'Kelurahan', 0, 685, 0, '2020-12-04 05:10:52', '2020-12-04 05:10:52'),
(730, 2, 360, 357, 6, 'Desa Pagelaran', 9, 'Kelurahan', 0, 685, 0, '2020-12-04 05:10:52', '2020-12-04 05:10:52'),
(731, 2, 360, 357, 6, 'Desa Medayu', 9, 'Kelurahan', 0, 685, 0, '2020-12-04 05:10:52', '2020-12-04 05:10:52'),
(732, 2, 360, 357, 6, 'Desa Majalangu', 9, 'Kelurahan', 0, 685, 0, '2020-12-04 05:10:52', '2020-12-04 05:10:52'),
(733, 2, 360, 357, 6, 'Desa Majakerta', 9, 'Kelurahan', 0, 685, 0, '2020-12-04 05:10:52', '2020-12-04 05:10:52'),
(734, 2, 360, 357, 6, 'Desa Jojogan', 9, 'Kelurahan', 0, 685, 0, '2020-12-04 05:10:52', '2020-12-04 05:10:52'),
(735, 2, 360, 357, 6, 'Desa Gapura', 9, 'Kelurahan', 0, 685, 0, '2020-12-04 05:10:52', '2020-12-04 05:10:52'),
(736, 2, 360, 357, 6, 'Desa Cikadu', 9, 'Kelurahan', 0, 685, 0, '2020-12-04 05:10:52', '2020-12-04 05:10:52'),
(737, 2, 360, 357, 6, 'Desa Cawet', 9, 'Kelurahan', 0, 685, 0, '2020-12-04 05:10:52', '2020-12-04 05:10:52'),
(738, 2, 360, 357, 6, 'Desa Bongas', 9, 'Kelurahan', 0, 685, 0, '2020-12-04 05:10:52', '2020-12-04 05:10:52'),
(739, 2, 360, 357, 6, 'Kecamatan Bodeh', 0, '', 0, 685, 0, '2020-12-04 05:10:52', '2020-12-04 05:10:52'),
(740, 2, 360, 357, 6, 'Desa Babakan', 9, 'Kelurahan', 0, 685, 0, '2020-12-04 05:10:52', '2020-12-04 05:10:52'),
(741, 2, 360, 357, 6, 'Desa Bodeh', 9, 'Kelurahan', 0, 685, 0, '2020-12-04 05:10:52', '2020-12-04 05:10:52'),
(742, 2, 360, 357, 6, 'Desa Cangak', 9, 'Kelurahan', 0, 685, 0, '2020-12-04 05:10:52', '2020-12-04 05:10:52'),
(743, 2, 360, 357, 6, 'Desa Gunungbatu', 9, 'Kelurahan', 0, 685, 0, '2020-12-04 05:10:52', '2020-12-04 05:10:52'),
(744, 2, 360, 357, 6, 'Desa Jatingarang', 9, 'Kelurahan', 0, 685, 0, '2020-12-04 05:10:52', '2020-12-04 05:10:52'),
(745, 2, 360, 357, 6, 'Desa Jatiroyom', 9, 'Kelurahan', 0, 685, 0, '2020-12-04 05:10:52', '2020-12-04 05:10:52'),
(746, 2, 360, 357, 6, 'Desa Jraganan', 9, 'Kelurahan', 0, 685, 0, '2020-12-04 05:10:52', '2020-12-04 05:10:52'),
(747, 2, 360, 357, 6, 'Desa Karangbrai', 9, 'Kelurahan', 0, 685, 0, '2020-12-04 05:10:52', '2020-12-04 05:10:52'),
(748, 2, 360, 357, 6, 'Desa Kebandaran', 9, 'Kelurahan', 0, 685, 0, '2020-12-04 05:10:52', '2020-12-04 05:10:52'),
(749, 2, 360, 357, 6, 'Desa Kebandungan', 9, 'Kelurahan', 0, 685, 0, '2020-12-04 05:10:52', '2020-12-04 05:10:52'),
(750, 2, 360, 357, 6, 'Desa Kelangdepok', 9, 'Kelurahan', 0, 685, 0, '2020-12-04 05:10:52', '2020-12-04 05:10:52'),
(751, 2, 360, 357, 6, 'Desa Kesesirejo', 9, 'Kelurahan', 0, 685, 0, '2020-12-04 05:10:52', '2020-12-04 05:10:52'),
(752, 2, 360, 357, 6, 'Desa Kwasen', 9, 'Kelurahan', 0, 685, 0, '2020-12-04 05:10:52', '2020-12-04 05:10:52'),
(753, 2, 360, 357, 6, 'Desa Longkeyang', 9, 'Kelurahan', 0, 685, 0, '2020-12-04 05:10:52', '2020-12-04 05:10:52'),
(754, 2, 360, 357, 6, 'Desa Muncang', 9, 'Kelurahan', 0, 685, 0, '2020-12-04 05:10:52', '2020-12-04 05:10:52'),
(755, 2, 360, 357, 6, 'Desa Parunggalih', 9, 'Kelurahan', 0, 685, 0, '2020-12-04 05:10:52', '2020-12-04 05:10:52'),
(756, 2, 360, 357, 6, 'Desa Pasir', 9, 'Kelurahan', 0, 685, 0, '2020-12-04 05:10:52', '2020-12-04 05:10:52'),
(757, 2, 360, 357, 6, 'Desa Payung', 9, 'Kelurahan', 0, 685, 0, '2020-12-04 05:10:52', '2020-12-04 05:10:52'),
(758, 2, 360, 357, 6, 'Desa Pendowo', 9, 'Kelurahan', 0, 685, 0, '2020-12-04 05:10:52', '2020-12-04 05:10:52'),
(759, 2, 360, 357, 6, 'Kecamatan Bantarbolang', 0, '', 0, 685, 0, '2020-12-04 05:10:52', '2020-12-04 05:10:52'),
(760, 2, 360, 357, 6, 'Desa Banjarsari', 9, 'Kelurahan', 0, 685, 0, '2020-12-04 05:10:52', '2020-12-04 05:10:52'),
(761, 2, 360, 357, 6, 'Desa Bantarbolang', 9, 'Kelurahan', 0, 685, 0, '2020-12-04 05:10:52', '2020-12-04 05:10:52'),
(762, 2, 360, 357, 6, 'Desa Glandang', 9, 'Kelurahan', 0, 685, 0, '2020-12-04 05:10:52', '2020-12-04 05:10:52'),
(763, 2, 360, 357, 6, 'Desa Karanganyar', 9, 'Kelurahan', 0, 685, 0, '2020-12-04 05:10:52', '2020-12-04 05:10:52'),
(764, 2, 360, 357, 6, 'Desa Kebon Gede', 9, 'Kelurahan', 0, 685, 0, '2020-12-04 05:10:52', '2020-12-04 05:10:52'),
(765, 2, 360, 357, 6, 'Desa Kuta', 9, 'Kelurahan', 0, 685, 0, '2020-12-04 05:10:52', '2020-12-04 05:10:52'),
(766, 2, 360, 357, 6, 'Desa Lenggerong', 9, 'Kelurahan', 0, 685, 0, '2020-12-04 05:10:52', '2020-12-04 05:10:52'),
(767, 2, 360, 357, 6, 'Desa Pabuaran', 9, 'Kelurahan', 0, 685, 0, '2020-12-04 05:10:52', '2020-12-04 05:10:52'),
(768, 2, 360, 357, 6, 'Desa Paguyangan', 9, 'Kelurahan', 0, 685, 0, '2020-12-04 05:10:52', '2020-12-04 05:10:52'),
(769, 2, 360, 357, 6, 'Desa Pedagung', 9, 'Kelurahan', 0, 685, 0, '2020-12-04 05:10:52', '2020-12-04 05:10:52'),
(770, 2, 360, 357, 6, 'Desa Pegiringan', 9, 'Kelurahan', 0, 685, 0, '2020-12-04 05:10:52', '2020-12-04 05:10:52'),
(771, 2, 360, 357, 6, 'Desa Purana', 9, 'Kelurahan', 0, 685, 0, '2020-12-04 05:10:52', '2020-12-04 05:10:52'),
(772, 2, 360, 357, 6, 'Desa Sambeng', 9, 'Kelurahan', 0, 685, 0, '2020-12-04 05:10:52', '2020-12-04 05:10:52'),
(773, 2, 360, 357, 6, 'Desa Sarwodadi', 9, 'Kelurahan', 0, 685, 0, '2020-12-04 05:10:52', '2020-12-04 05:10:52'),
(774, 2, 360, 357, 6, 'Desa Sumurkidang', 9, 'Kelurahan', 0, 685, 0, '2020-12-04 05:10:52', '2020-12-04 05:10:52'),
(775, 2, 360, 357, 6, 'Desa Suru', 9, 'Kelurahan', 0, 685, 0, '2020-12-04 05:10:52', '2020-12-04 05:10:52'),
(776, 2, 360, 357, 6, 'Desa Wanarata', 9, 'Kelurahan', 0, 685, 0, '2020-12-04 05:10:52', '2020-12-04 05:10:52'),
(777, 2, 360, 357, 6, 'Kecamatan Randudongkal', 0, '', 0, 685, 0, '2020-12-04 05:10:52', '2020-12-04 05:10:52'),
(778, 2, 360, 357, 6, 'Desa Banjaranyar', 9, 'Kelurahan', 0, 685, 0, '2020-12-04 05:10:52', '2020-12-04 05:10:52'),
(779, 2, 360, 357, 6, 'Desa Gembyang', 9, 'Kelurahan', 0, 685, 0, '2020-12-04 05:10:52', '2020-12-04 05:10:52'),
(780, 2, 360, 357, 6, 'Desa Gongseng', 9, 'Kelurahan', 0, 685, 0, '2020-12-04 05:10:52', '2020-12-04 05:10:52'),
(781, 2, 360, 357, 6, 'Desa Kalimas', 9, 'Kelurahan', 0, 685, 0, '2020-12-04 05:10:52', '2020-12-04 05:10:52'),
(782, 2, 360, 357, 6, 'Desa Kalitorong', 9, 'Kelurahan', 0, 685, 0, '2020-12-04 05:10:52', '2020-12-04 05:10:52'),
(783, 2, 360, 357, 6, 'Desa Karangmoncol', 9, 'Kelurahan', 0, 685, 0, '2020-12-04 05:10:52', '2020-12-04 05:10:52'),
(784, 2, 360, 357, 6, 'Desa Kecepit', 9, 'Kelurahan', 0, 685, 0, '2020-12-04 05:10:52', '2020-12-04 05:10:52'),
(785, 2, 360, 357, 6, 'Desa Kejene', 9, 'Kelurahan', 0, 685, 0, '2020-12-04 05:10:52', '2020-12-04 05:10:52'),
(786, 2, 360, 357, 6, 'Desa Kreyo', 9, 'Kelurahan', 0, 685, 0, '2020-12-04 05:10:52', '2020-12-04 05:10:52'),
(787, 2, 360, 357, 6, 'Desa Lodaya', 9, 'Kelurahan', 0, 685, 0, '2020-12-04 05:10:52', '2020-12-04 05:10:52'),
(788, 2, 360, 357, 6, 'Desa Mangli', 9, 'Kelurahan', 0, 685, 0, '2020-12-04 05:10:52', '2020-12-04 05:10:52'),
(789, 2, 360, 357, 6, 'Desa Mejagong', 9, 'Kelurahan', 0, 685, 0, '2020-12-04 05:10:52', '2020-12-04 05:10:52'),
(790, 2, 360, 357, 6, 'Desa Penusupan', 9, 'Kelurahan', 0, 685, 0, '2020-12-04 05:10:52', '2020-12-04 05:10:52'),
(791, 2, 360, 357, 6, 'Desa Randudongkal', 9, 'Kelurahan', 0, 685, 0, '2020-12-04 05:10:52', '2020-12-04 05:10:52'),
(792, 2, 360, 357, 6, 'Desa Rembul', 9, 'Kelurahan', 0, 685, 0, '2020-12-04 05:10:52', '2020-12-04 05:10:52'),
(793, 2, 360, 357, 6, 'Desa Semaya', 9, 'Kelurahan', 0, 685, 0, '2020-12-04 05:10:52', '2020-12-04 05:10:52'),
(794, 2, 360, 357, 6, 'Desa Semingkir', 9, 'Kelurahan', 0, 685, 0, '2020-12-04 05:10:52', '2020-12-04 05:10:52'),
(795, 2, 360, 357, 6, 'Desa Tanahbaya', 9, 'Kelurahan', 0, 685, 0, '2020-12-04 05:10:52', '2020-12-04 05:10:52'),
(796, 2, 360, 357, 6, 'Kecamatan Pemalang', 0, '', 0, 685, 0, '2020-12-04 05:10:52', '2020-12-04 05:10:52'),
(797, 2, 360, 357, 6, 'Kelurahan Bojongbata', 9, 'Kelurahan', 0, 685, 0, '2020-12-04 05:10:52', '2020-12-04 05:10:52'),
(798, 2, 360, 357, 6, 'Kelurahan Kebondalem', 9, 'Kelurahan', 0, 685, 0, '2020-12-04 05:10:52', '2020-12-04 05:10:52'),
(799, 2, 360, 357, 6, 'Kelurahan Mulyoharjo', 9, 'Kelurahan', 0, 685, 0, '2020-12-04 05:10:52', '2020-12-04 05:10:52'),
(800, 2, 360, 357, 6, 'Kelurahan Paduraksa', 9, 'Kelurahan', 0, 685, 0, '2020-12-04 05:10:52', '2020-12-04 05:10:52'),
(801, 2, 360, 357, 6, 'Kelurahan Pelutan', 9, 'Kelurahan', 0, 685, 0, '2020-12-04 05:10:52', '2020-12-04 05:10:52'),
(802, 2, 360, 357, 6, 'Kelurahan Sugihwaras', 9, 'Kelurahan', 0, 685, 0, '2020-12-04 05:10:52', '2020-12-04 05:10:52'),
(803, 2, 360, 357, 6, 'Kelurahan Widuri', 9, 'Kelurahan', 0, 685, 0, '2020-12-04 05:10:52', '2020-12-04 05:10:52'),
(804, 2, 360, 357, 6, 'Desa Banjarmulya', 9, 'Kelurahan', 0, 685, 0, '2020-12-04 05:10:52', '2020-12-04 05:10:52'),
(805, 2, 360, 357, 6, 'Desa Bojongnangka', 9, 'Kelurahan', 0, 685, 0, '2020-12-04 05:10:52', '2020-12-04 05:10:52'),
(806, 2, 360, 357, 6, 'Desa Danasari', 9, 'Kelurahan', 0, 685, 0, '2020-12-04 05:10:52', '2020-12-04 05:10:52'),
(807, 2, 360, 357, 6, 'Desa Kramat', 9, 'Kelurahan', 0, 685, 0, '2020-12-04 05:10:52', '2020-12-04 05:10:52'),
(808, 2, 360, 357, 6, 'Desa Lawangrejo', 9, 'Kelurahan', 0, 685, 0, '2020-12-04 05:10:52', '2020-12-04 05:10:52'),
(809, 2, 360, 357, 6, 'Desa Mengori', 9, 'Kelurahan', 0, 685, 0, '2020-12-04 05:10:52', '2020-12-04 05:10:52'),
(810, 2, 360, 357, 6, 'Desa Pagongsoran', 9, 'Kelurahan', 0, 685, 0, '2020-12-04 05:10:52', '2020-12-04 05:10:52'),
(811, 2, 360, 357, 6, 'Desa Saradan', 9, 'Kelurahan', 0, 685, 0, '2020-12-04 05:10:52', '2020-12-04 05:10:52'),
(812, 2, 360, 357, 6, 'Desa Sewaka', 9, 'Kelurahan', 0, 685, 0, '2020-12-04 05:10:52', '2020-12-04 05:10:52'),
(813, 2, 360, 357, 6, 'Desa Sungapan', 9, 'Kelurahan', 0, 685, 0, '2020-12-04 05:10:52', '2020-12-04 05:10:52'),
(814, 2, 360, 357, 6, 'Desa Surajaya', 9, 'Kelurahan', 0, 685, 0, '2020-12-04 05:10:52', '2020-12-04 05:10:52'),
(815, 2, 360, 357, 6, 'Desa Tambakrejo', 9, 'Kelurahan', 0, 685, 0, '2020-12-04 05:10:52', '2020-12-04 05:10:52'),
(816, 2, 360, 357, 6, 'Desa Wanamulya', 9, 'Kelurahan', 0, 685, 0, '2020-12-04 05:10:52', '2020-12-04 05:10:52'),
(817, 2, 360, 357, 6, 'Kecamatan Taman', 0, '', 0, 685, 0, '2020-12-04 05:10:52', '2020-12-04 05:10:52'),
(818, 2, 360, 357, 6, 'Kelurahan Beji', 9, 'Kelurahan', 0, 685, 0, '2020-12-04 05:10:52', '2020-12-04 05:10:52'),
(819, 2, 360, 357, 6, 'Kelurahan Wanarejan Selatan', 9, 'Kelurahan', 0, 685, 0, '2020-12-04 05:10:52', '2020-12-04 05:10:52'),
(820, 2, 360, 357, 6, 'Desa Asemdoyong', 9, 'Kelurahan', 0, 685, 0, '2020-12-04 05:10:52', '2020-12-04 05:10:52'),
(821, 2, 360, 357, 6, 'Desa Banjaran', 9, 'Kelurahan', 0, 685, 0, '2020-12-04 05:10:52', '2020-12-04 05:10:52'),
(822, 2, 360, 357, 6, 'Desa Banjardawa', 9, 'Kelurahan', 0, 685, 0, '2020-12-04 05:10:52', '2020-12-04 05:10:52'),
(823, 2, 360, 357, 6, 'Desa Cibelok', 9, 'Kelurahan', 0, 685, 0, '2020-12-04 05:10:52', '2020-12-04 05:10:52'),
(824, 2, 360, 357, 6, 'Desa Gondang', 9, 'Kelurahan', 0, 685, 0, '2020-12-04 05:10:52', '2020-12-04 05:10:52'),
(825, 2, 360, 357, 6, 'Desa Jebed Selatan', 9, 'Kelurahan', 0, 685, 0, '2020-12-04 05:10:52', '2020-12-04 05:10:52'),
(826, 2, 360, 357, 6, 'Desa Jebed Utara', 9, 'Kelurahan', 0, 685, 0, '2020-12-04 05:10:52', '2020-12-04 05:10:52'),
(827, 2, 360, 357, 6, 'Desa Jrakah', 9, 'Kelurahan', 0, 685, 0, '2020-12-04 05:10:52', '2020-12-04 05:10:52'),
(828, 2, 360, 357, 6, 'Desa Kabunan', 9, 'Kelurahan', 0, 685, 0, '2020-12-04 05:10:52', '2020-12-04 05:10:52'),
(829, 2, 360, 357, 6, 'Desa Kaligelang', 9, 'Kelurahan', 0, 685, 0, '2020-12-04 05:10:52', '2020-12-04 05:10:52'),
(830, 2, 360, 357, 6, 'Desa Kedungbanjar', 9, 'Kelurahan', 0, 685, 0, '2020-12-04 05:10:52', '2020-12-04 05:10:52'),
(831, 2, 360, 357, 6, 'Desa Kejambon', 9, 'Kelurahan', 0, 685, 0, '2020-12-04 05:10:52', '2020-12-04 05:10:52'),
(832, 2, 360, 357, 6, 'Desa Pedurungan', 9, 'Kelurahan', 0, 685, 0, '2020-12-04 05:10:52', '2020-12-04 05:10:52'),
(833, 2, 360, 357, 6, 'Desa Pener', 9, 'Kelurahan', 0, 685, 0, '2020-12-04 05:10:52', '2020-12-04 05:10:52'),
(834, 2, 360, 357, 6, 'Desa Penggarit', 9, 'Kelurahan', 0, 685, 0, '2020-12-04 05:10:52', '2020-12-04 05:10:52'),
(835, 2, 360, 357, 6, 'Desa Sitemu', 9, 'Kelurahan', 0, 685, 0, '2020-12-04 05:10:52', '2020-12-04 05:10:52'),
(836, 2, 360, 357, 6, 'Desa Sokawangi', 9, 'Kelurahan', 0, 685, 0, '2020-12-04 05:10:52', '2020-12-04 05:10:52'),
(837, 2, 360, 357, 6, 'Desa Taman', 9, 'Kelurahan', 0, 685, 0, '2020-12-04 05:10:52', '2020-12-04 05:10:52'),
(838, 2, 360, 357, 6, 'Desa Wanarejan Utara', 9, 'Kelurahan', 0, 685, 0, '2020-12-04 05:10:52', '2020-12-04 05:10:52'),
(839, 2, 360, 357, 6, 'Kecamatan Petarukan', 0, '', 0, 685, 0, '2020-12-04 05:10:52', '2020-12-04 05:10:52'),
(840, 2, 360, 357, 6, 'Kelurahan Petarukan', 9, 'Kelurahan', 0, 685, 0, '2020-12-04 05:10:52', '2020-12-04 05:10:52'),
(841, 2, 360, 357, 6, 'Desa Bulu', 9, 'Kelurahan', 0, 685, 0, '2020-12-04 05:10:52', '2020-12-04 05:10:52'),
(842, 2, 360, 357, 6, 'Desa Iser', 9, 'Kelurahan', 0, 685, 0, '2020-12-04 05:10:52', '2020-12-04 05:10:52'),
(843, 2, 360, 357, 6, 'Desa Kalirandu', 9, 'Kelurahan', 0, 685, 0, '2020-12-04 05:10:52', '2020-12-04 05:10:52'),
(844, 2, 360, 357, 6, 'Desa Karangasem', 9, 'Kelurahan', 0, 685, 0, '2020-12-04 05:10:52', '2020-12-04 05:10:52'),
(845, 2, 360, 357, 6, 'Desa Kendaldoyong', 9, 'Kelurahan', 0, 685, 0, '2020-12-04 05:10:52', '2020-12-04 05:10:52'),
(846, 2, 360, 357, 6, 'Desa Kendalrejo', 9, 'Kelurahan', 0, 685, 0, '2020-12-04 05:10:52', '2020-12-04 05:10:52'),
(847, 2, 360, 357, 6, 'Desa Kendalsari', 9, 'Kelurahan', 0, 685, 0, '2020-12-04 05:10:52', '2020-12-04 05:10:52'),
(848, 2, 360, 357, 6, 'Desa Klareyan', 9, 'Kelurahan', 0, 685, 0, '2020-12-04 05:10:52', '2020-12-04 05:10:52'),
(849, 2, 360, 357, 6, 'Desa Loning', 9, 'Kelurahan', 0, 685, 0, '2020-12-04 05:10:52', '2020-12-04 05:10:52'),
(850, 2, 360, 357, 6, 'Desa Nyamplung Sari', 9, 'Kelurahan', 0, 685, 0, '2020-12-04 05:10:52', '2020-12-04 05:10:52'),
(851, 2, 360, 357, 6, 'Desa Panjunan', 9, 'Kelurahan', 0, 685, 0, '2020-12-04 05:10:52', '2020-12-04 05:10:52'),
(852, 2, 360, 357, 6, 'Desa Pegundan', 9, 'Kelurahan', 0, 685, 0, '2020-12-04 05:10:52', '2020-12-04 05:10:52'),
(853, 2, 360, 357, 6, 'Desa Pesucen', 9, 'Kelurahan', 0, 685, 0, '2020-12-04 05:10:52', '2020-12-04 05:10:52'),
(854, 2, 360, 357, 6, 'Desa Petanjungan', 9, 'Kelurahan', 0, 685, 0, '2020-12-04 05:10:52', '2020-12-04 05:10:52'),
(855, 2, 360, 357, 6, 'Desa Serang', 9, 'Kelurahan', 0, 685, 0, '2020-12-04 05:10:52', '2020-12-04 05:10:52'),
(856, 2, 360, 357, 6, 'Desa Sirangkang', 9, 'Kelurahan', 0, 685, 0, '2020-12-04 05:10:52', '2020-12-04 05:10:52'),
(857, 2, 360, 357, 6, 'Desa Tegalmlati', 9, 'Kelurahan', 0, 685, 0, '2020-12-04 05:10:52', '2020-12-04 05:10:52'),
(858, 2, 360, 357, 6, 'Desa Temuireng', 9, 'Kelurahan', 0, 685, 0, '2020-12-04 05:10:52', '2020-12-04 05:10:52'),
(859, 2, 360, 357, 6, 'Desa Widodaren', 9, 'Kelurahan', 0, 685, 0, '2020-12-04 05:10:52', '2020-12-04 05:10:52'),
(860, 2, 360, 357, 6, 'Kecamatan Ampelgading', 0, '', 0, 685, 0, '2020-12-04 05:10:52', '2020-12-04 05:10:52'),
(861, 2, 360, 357, 6, 'Desa Ampelgading', 9, 'Kelurahan', 0, 685, 0, '2020-12-04 05:10:52', '2020-12-04 05:10:52'),
(862, 2, 360, 357, 6, 'Desa Banglarangan', 9, 'Kelurahan', 0, 685, 0, '2020-12-04 05:10:52', '2020-12-04 05:10:52'),
(863, 2, 360, 357, 6, 'Desa Blimbing', 9, 'Kelurahan', 0, 685, 0, '2020-12-04 05:10:52', '2020-12-04 05:10:52'),
(864, 2, 360, 357, 6, 'Desa Cibiyuk', 9, 'Kelurahan', 0, 685, 0, '2020-12-04 05:10:52', '2020-12-04 05:10:52'),
(865, 2, 360, 357, 6, 'Desa Jatirejo', 9, 'Kelurahan', 0, 685, 0, '2020-12-04 05:10:52', '2020-12-04 05:10:52'),
(866, 2, 360, 357, 6, 'Desa Karangtalok', 9, 'Kelurahan', 0, 685, 0, '2020-12-04 05:10:52', '2020-12-04 05:10:52'),
(867, 2, 360, 357, 6, 'Desa Karangtengah', 9, 'Kelurahan', 0, 685, 0, '2020-12-04 05:10:52', '2020-12-04 05:10:52'),
(868, 2, 360, 357, 6, 'Desa Kebagusan', 9, 'Kelurahan', 0, 685, 0, '2020-12-04 05:10:52', '2020-12-04 05:10:52'),
(869, 2, 360, 357, 6, 'Desa Kemuning', 9, 'Kelurahan', 0, 685, 0, '2020-12-04 05:10:52', '2020-12-04 05:10:52'),
(870, 2, 360, 357, 6, 'Desa Losari', 9, 'Kelurahan', 0, 685, 0, '2020-12-04 05:10:52', '2020-12-04 05:10:52'),
(871, 2, 360, 357, 6, 'Desa Sidokare', 9, 'Kelurahan', 0, 685, 0, '2020-12-04 05:10:52', '2020-12-04 05:10:52'),
(872, 2, 360, 357, 6, 'Desa Sokawati', 9, 'Kelurahan', 0, 685, 0, '2020-12-04 05:10:52', '2020-12-04 05:10:52'),
(873, 2, 360, 357, 6, 'Desa Tegalsari Barat', 9, 'Kelurahan', 0, 685, 0, '2020-12-04 05:10:52', '2020-12-04 05:10:52'),
(874, 2, 360, 357, 6, 'Desa Tegalsari Timur', 9, 'Kelurahan', 0, 685, 0, '2020-12-04 05:10:52', '2020-12-04 05:10:52'),
(875, 2, 360, 357, 6, 'Desa Ujunggede', 9, 'Kelurahan', 0, 685, 0, '2020-12-04 05:10:52', '2020-12-04 05:10:52'),
(876, 2, 360, 357, 6, 'Desa Wonogiri', 9, 'Kelurahan', 0, 685, 0, '2020-12-04 05:10:52', '2020-12-04 05:10:52'),
(877, 2, 360, 357, 6, 'Kecamatan Comal', 0, '', 0, 685, 0, '2020-12-04 05:10:52', '2020-12-04 05:10:52'),
(878, 2, 360, 357, 6, 'Kelurahan Purwoharjo', 9, 'Kelurahan', 0, 685, 0, '2020-12-04 05:10:52', '2020-12-04 05:10:52'),
(879, 2, 360, 357, 6, 'Desa Ambokulon', 9, 'Kelurahan', 0, 685, 0, '2020-12-04 05:10:52', '2020-12-04 05:10:52'),
(880, 2, 360, 357, 6, 'Desa Gandu', 9, 'Kelurahan', 0, 685, 0, '2020-12-04 05:10:52', '2020-12-04 05:10:52'),
(881, 2, 360, 357, 6, 'Desa Gedeg', 9, 'Kelurahan', 0, 685, 0, '2020-12-04 05:10:52', '2020-12-04 05:10:52'),
(882, 2, 360, 357, 6, 'Desa Gintung', 9, 'Kelurahan', 0, 685, 0, '2020-12-04 05:10:52', '2020-12-04 05:10:52'),
(883, 2, 360, 357, 6, 'Desa Kandang', 9, 'Kelurahan', 0, 685, 0, '2020-12-04 05:10:52', '2020-12-04 05:10:52'),
(884, 2, 360, 357, 6, 'Desa Kauman', 9, 'Kelurahan', 0, 685, 0, '2020-12-04 05:10:52', '2020-12-04 05:10:52'),
(885, 2, 360, 357, 6, 'Desa Kebojongan', 9, 'Kelurahan', 0, 685, 0, '2020-12-04 05:10:52', '2020-12-04 05:10:52'),
(886, 2, 360, 357, 6, 'Desa Klegen', 9, 'Kelurahan', 0, 685, 0, '2020-12-04 05:10:52', '2020-12-04 05:10:52'),
(887, 2, 360, 357, 6, 'Desa Lowa', 9, 'Kelurahan', 0, 685, 0, '2020-12-04 05:10:52', '2020-12-04 05:10:52'),
(888, 2, 360, 357, 6, 'Desa Pecangakan', 9, 'Kelurahan', 0, 685, 0, '2020-12-04 05:10:52', '2020-12-04 05:10:52'),
(889, 2, 360, 357, 6, 'Desa Purwosari', 9, 'Kelurahan', 0, 685, 0, '2020-12-04 05:10:52', '2020-12-04 05:10:52'),
(890, 2, 360, 357, 6, 'Desa Sarwodadi', 9, 'Kelurahan', 0, 685, 0, '2020-12-04 05:10:52', '2020-12-04 05:10:52'),
(891, 2, 360, 357, 6, 'Desa Sidorejo', 9, 'Kelurahan', 0, 685, 0, '2020-12-04 05:10:52', '2020-12-04 05:10:52'),
(892, 2, 360, 357, 6, 'Desa Sikayu', 9, 'Kelurahan', 0, 685, 0, '2020-12-04 05:10:52', '2020-12-04 05:10:52'),
(893, 2, 360, 357, 6, 'Desa Susukan', 9, 'Kelurahan', 0, 685, 0, '2020-12-04 05:10:52', '2020-12-04 05:10:52'),
(894, 2, 360, 357, 6, 'Desa Tumbal', 9, 'Kelurahan', 0, 685, 0, '2020-12-04 05:10:52', '2020-12-04 05:10:52'),
(895, 2, 360, 357, 6, 'Desa Wonokromo', 9, 'Kelurahan', 0, 685, 0, '2020-12-04 05:10:52', '2020-12-04 05:10:52'),
(896, 2, 360, 357, 6, 'Kecamatan Ulujami', 0, '', 0, 685, 0, '2020-12-04 05:10:52', '2020-12-04 05:10:52'),
(897, 2, 360, 357, 6, 'Desa Ambowetan', 9, 'Kelurahan', 0, 685, 0, '2020-12-04 05:10:52', '2020-12-04 05:10:52'),
(898, 2, 360, 357, 6, 'Desa Blendung', 9, 'Kelurahan', 0, 685, 0, '2020-12-04 05:10:52', '2020-12-04 05:10:52'),
(899, 2, 360, 357, 6, 'Desa Botekan', 9, 'Kelurahan', 0, 685, 0, '2020-12-04 05:10:52', '2020-12-04 05:10:52'),
(900, 2, 360, 357, 6, 'Desa Bumirejo', 9, 'Kelurahan', 0, 685, 0, '2020-12-04 05:10:52', '2020-12-04 05:10:52'),
(901, 2, 360, 357, 6, 'Desa Kaliprau', 9, 'Kelurahan', 0, 685, 0, '2020-12-04 05:10:52', '2020-12-04 05:10:52'),
(902, 2, 360, 357, 6, 'Desa Kertosari', 9, 'Kelurahan', 0, 685, 0, '2020-12-04 05:10:52', '2020-12-04 05:10:52'),
(903, 2, 360, 357, 6, 'Desa Ketapang', 9, 'Kelurahan', 0, 685, 0, '2020-12-04 05:10:52', '2020-12-04 05:10:52'),
(904, 2, 360, 357, 6, 'Desa Limbangan', 9, 'Kelurahan', 0, 685, 0, '2020-12-04 05:10:52', '2020-12-04 05:10:52'),
(905, 2, 360, 357, 6, 'Desa Mojo', 9, 'Kelurahan', 0, 685, 0, '2020-12-04 05:10:52', '2020-12-04 05:10:52'),
(906, 2, 360, 357, 6, 'Desa Padek', 9, 'Kelurahan', 0, 685, 0, '2020-12-04 05:10:52', '2020-12-04 05:10:52'),
(907, 2, 360, 357, 6, 'Desa Pagergunung', 9, 'Kelurahan', 0, 685, 0, '2020-12-04 05:10:52', '2020-12-04 05:10:52'),
(908, 2, 360, 357, 6, 'Desa Pamutih', 9, 'Kelurahan', 0, 685, 0, '2020-12-04 05:10:52', '2020-12-04 05:10:52'),
(909, 2, 360, 357, 6, 'Desa Pesantren', 9, 'Kelurahan', 0, 685, 0, '2020-12-04 05:10:52', '2020-12-04 05:10:52'),
(910, 2, 360, 357, 6, 'Desa Rowosari', 9, 'Kelurahan', 0, 685, 0, '2020-12-04 05:10:52', '2020-12-04 05:10:52'),
(911, 2, 360, 357, 6, 'Desa Samong', 9, 'Kelurahan', 0, 685, 0, '2020-12-04 05:10:52', '2020-12-04 05:10:52'),
(912, 2, 360, 357, 6, 'Desa Sukorejo', 9, 'Kelurahan', 0, 685, 0, '2020-12-04 05:10:52', '2020-12-04 05:10:52');
INSERT INTO `sub_indicators` (`id`, `business_id`, `area_id`, `sub_area_id`, `indicator_id`, `sub_indicator_name`, `unit_id`, `role`, `check_sub`, `parent_id`, `active`, `created_at`, `updated_at`) VALUES
(913, 2, 360, 357, 6, 'Desa Tasikrejo', 9, 'Kelurahan', 0, 685, 0, '2020-12-04 05:10:52', '2020-12-04 05:10:52'),
(914, 2, 360, 357, 6, 'Desa Wiyorowetan', 9, 'Kelurahan', 0, 685, 0, '2020-12-04 05:10:52', '2020-12-04 05:10:52'),
(915, 2, 360, 357, 6, 'Kecamatan Warungpring', 0, '', 0, 685, 0, '2020-12-04 05:10:52', '2020-12-04 05:10:52'),
(916, 2, 360, 357, 6, 'Desa Warungpring', 9, 'Kelurahan', 0, 685, 0, '2020-12-04 05:10:52', '2020-12-04 05:10:52'),
(917, 2, 360, 357, 6, 'Desa Pakembaran', 9, 'Kelurahan', 0, 685, 0, '2020-12-04 05:10:52', '2020-12-04 05:10:52'),
(918, 2, 360, 357, 6, 'Desa Mereng', 9, 'Kelurahan', 0, 685, 0, '2020-12-04 05:10:52', '2020-12-04 05:10:52'),
(919, 2, 360, 357, 6, 'Desa Karangdawa', 9, 'Kelurahan', 0, 685, 0, '2020-12-04 05:10:52', '2020-12-04 05:10:52'),
(920, 2, 360, 357, 6, 'Desa Datar', 9, 'Kelurahan', 0, 685, 0, '2020-12-04 05:10:52', '2020-12-04 05:10:52'),
(921, 2, 360, 357, 6, 'Desa Cibuyur', 9, 'Kelurahan', 0, 685, 0, '2020-12-04 05:10:52', '2020-12-04 05:10:52'),
(922, 1, 361, 358, 7, 'Jumlah Kelulusan', 4, 'Badan Kepegawaian Daerah', 1, NULL, 0, '2020-12-04 07:13:52', '2020-12-04 07:13:52'),
(923, 1, 361, 358, 7, 'Data Kelulusan Tahun 2020', 2, 'Dinas Kesehatan', 1, 922, 0, '2020-12-04 07:14:40', '2020-12-04 07:14:40'),
(924, 1, 361, 358, 7, 'Daftar Kelurahan', 4, 'Kelurahan', 0, 923, 0, '2020-12-04 07:15:38', '2020-12-04 07:15:38'),
(925, 1, 361, 358, 7, 'Kecamatan Moga', 0, '', 0, 924, 0, '2020-12-04 07:15:38', '2020-12-04 07:15:38'),
(926, 1, 361, 358, 7, 'Desa Banyumudal', 4, 'Kelurahan', 0, 924, 0, '2020-12-04 07:15:38', '2020-12-04 07:15:38'),
(927, 1, 361, 358, 7, 'Desa Walangsanga', 4, 'Kelurahan', 0, 924, 0, '2020-12-04 07:15:38', '2020-12-04 07:15:38'),
(928, 1, 361, 358, 7, 'Desa Wangkelang', 4, 'Kelurahan', 0, 924, 0, '2020-12-04 07:15:38', '2020-12-04 07:15:38'),
(929, 1, 361, 358, 7, 'Desa Sima', 4, 'Kelurahan', 0, 924, 0, '2020-12-04 07:15:38', '2020-12-04 07:15:38'),
(930, 1, 361, 358, 7, 'Desa Plakaran', 4, 'Kelurahan', 0, 924, 0, '2020-12-04 07:15:38', '2020-12-04 07:15:38'),
(931, 1, 361, 358, 7, 'Desa Pepedan', 4, 'Kelurahan', 0, 924, 0, '2020-12-04 07:15:38', '2020-12-04 07:15:38'),
(932, 1, 361, 358, 7, 'Desa Moga', 4, 'Kelurahan', 0, 924, 0, '2020-12-04 07:15:38', '2020-12-04 07:15:38'),
(933, 1, 361, 358, 7, 'Desa Mandiraja', 4, 'Kelurahan', 0, 924, 0, '2020-12-04 07:15:38', '2020-12-04 07:15:38'),
(934, 1, 361, 358, 7, 'Desa Kebanggan', 4, 'Kelurahan', 0, 924, 0, '2020-12-04 07:15:38', '2020-12-04 07:15:38'),
(935, 1, 361, 358, 7, 'Desa Gendowang', 4, 'Kelurahan', 0, 924, 0, '2020-12-04 07:15:38', '2020-12-04 07:15:38'),
(936, 1, 361, 358, 7, 'Kecamatan Pulosari', 0, '', 0, 924, 0, '2020-12-04 07:15:38', '2020-12-04 07:15:38'),
(937, 1, 361, 358, 7, 'Desa Siremeng', 4, 'Kelurahan', 0, 924, 0, '2020-12-04 07:15:38', '2020-12-04 07:15:38'),
(938, 1, 361, 358, 7, 'Desa Pulosari', 4, 'Kelurahan', 0, 924, 0, '2020-12-04 07:15:38', '2020-12-04 07:15:38'),
(939, 1, 361, 358, 7, 'Desa Penakir', 4, 'Kelurahan', 0, 924, 0, '2020-12-04 07:15:38', '2020-12-04 07:15:38'),
(940, 1, 361, 358, 7, 'Desa Pagenteran', 4, 'Kelurahan', 0, 924, 0, '2020-12-04 07:15:38', '2020-12-04 07:15:38'),
(941, 1, 361, 358, 7, 'Desa Nyalembeng', 4, 'Kelurahan', 0, 924, 0, '2020-12-04 07:15:38', '2020-12-04 07:15:38'),
(942, 1, 361, 358, 7, 'Desa Karangsari', 4, 'Kelurahan', 0, 924, 0, '2020-12-04 07:15:38', '2020-12-04 07:15:38'),
(943, 1, 361, 358, 7, 'Desa Jurangmangu', 4, 'Kelurahan', 0, 924, 0, '2020-12-04 07:15:38', '2020-12-04 07:15:38'),
(944, 1, 361, 358, 7, 'Desa Gunungsari', 4, 'Kelurahan', 0, 924, 0, '2020-12-04 07:15:38', '2020-12-04 07:15:38'),
(945, 1, 361, 358, 7, 'Desa Gambuhan', 4, 'Kelurahan', 0, 924, 0, '2020-12-04 07:15:38', '2020-12-04 07:15:38'),
(946, 1, 361, 358, 7, 'Desa Clekatakan', 4, 'Kelurahan', 0, 924, 0, '2020-12-04 07:15:38', '2020-12-04 07:15:38'),
(947, 1, 361, 358, 7, 'Desa Cikendung', 4, 'Kelurahan', 0, 924, 0, '2020-12-04 07:15:38', '2020-12-04 07:15:38'),
(948, 1, 361, 358, 7, 'Desa Batursari', 4, 'Kelurahan', 0, 924, 0, '2020-12-04 07:15:38', '2020-12-04 07:15:38'),
(949, 1, 361, 358, 7, 'Kecamatan Belik', 0, '', 0, 924, 0, '2020-12-04 07:15:38', '2020-12-04 07:15:38'),
(950, 1, 361, 358, 7, 'Desa Simpur', 4, 'Kelurahan', 0, 924, 0, '2020-12-04 07:15:38', '2020-12-04 07:15:38'),
(951, 1, 361, 358, 7, 'Desa Sikasur', 4, 'Kelurahan', 0, 924, 0, '2020-12-04 07:15:38', '2020-12-04 07:15:38'),
(952, 1, 361, 358, 7, 'Desa Mendelem', 4, 'Kelurahan', 0, 924, 0, '2020-12-04 07:15:38', '2020-12-04 07:15:38'),
(953, 1, 361, 358, 7, 'Desa Kuta', 4, 'Kelurahan', 0, 924, 0, '2020-12-04 07:15:38', '2020-12-04 07:15:38'),
(954, 1, 361, 358, 7, 'Desa Kalisaleh', 4, 'Kelurahan', 0, 924, 0, '2020-12-04 07:15:38', '2020-12-04 07:15:38'),
(955, 1, 361, 358, 7, 'Desa Gunungtiga', 4, 'Kelurahan', 0, 924, 0, '2020-12-04 07:15:38', '2020-12-04 07:15:38'),
(956, 1, 361, 358, 7, 'Desa Gunungjaya', 4, 'Kelurahan', 0, 924, 0, '2020-12-04 07:15:38', '2020-12-04 07:15:38'),
(957, 1, 361, 358, 7, 'Desa Gombong', 4, 'Kelurahan', 0, 924, 0, '2020-12-04 07:15:38', '2020-12-04 07:15:38'),
(958, 1, 361, 358, 7, 'Desa Bulakan', 4, 'Kelurahan', 0, 924, 0, '2020-12-04 07:15:38', '2020-12-04 07:15:38'),
(959, 1, 361, 358, 7, 'Desa Beluk', 4, 'Kelurahan', 0, 924, 0, '2020-12-04 07:15:38', '2020-12-04 07:15:38'),
(960, 1, 361, 358, 7, 'Desa Belik', 4, 'Kelurahan', 0, 924, 0, '2020-12-04 07:15:38', '2020-12-04 07:15:38'),
(961, 1, 361, 358, 7, 'Desa Badak', 4, 'Kelurahan', 0, 924, 0, '2020-12-04 07:15:38', '2020-12-04 07:15:38'),
(962, 1, 361, 358, 7, 'Kecamatan Watukumpul', 0, '', 0, 924, 0, '2020-12-04 07:15:38', '2020-12-04 07:15:38'),
(963, 1, 361, 358, 7, 'Desa Bodas', 4, 'Kelurahan', 0, 924, 0, '2020-12-04 07:15:38', '2020-12-04 07:15:38'),
(964, 1, 361, 358, 7, 'Desa Wisnu', 4, 'Kelurahan', 0, 924, 0, '2020-12-04 07:15:38', '2020-12-04 07:15:38'),
(965, 1, 361, 358, 7, 'Desa Watukumpul', 4, 'Kelurahan', 0, 924, 0, '2020-12-04 07:15:38', '2020-12-04 07:15:38'),
(966, 1, 361, 358, 7, 'Desa Tundagan', 4, 'Kelurahan', 0, 924, 0, '2020-12-04 07:15:38', '2020-12-04 07:15:38'),
(967, 1, 361, 358, 7, 'Desa Tlagasana', 4, 'Kelurahan', 0, 924, 0, '2020-12-04 07:15:38', '2020-12-04 07:15:38'),
(968, 1, 361, 358, 7, 'Desa Tambi', 4, 'Kelurahan', 0, 924, 0, '2020-12-04 07:15:38', '2020-12-04 07:15:38'),
(969, 1, 361, 358, 7, 'Desa Pagelaran', 4, 'Kelurahan', 0, 924, 0, '2020-12-04 07:15:38', '2020-12-04 07:15:38'),
(970, 1, 361, 358, 7, 'Desa Medayu', 4, 'Kelurahan', 0, 924, 0, '2020-12-04 07:15:38', '2020-12-04 07:15:38'),
(971, 1, 361, 358, 7, 'Desa Majalangu', 4, 'Kelurahan', 0, 924, 0, '2020-12-04 07:15:38', '2020-12-04 07:15:38'),
(972, 1, 361, 358, 7, 'Desa Majakerta', 4, 'Kelurahan', 0, 924, 0, '2020-12-04 07:15:38', '2020-12-04 07:15:38'),
(973, 1, 361, 358, 7, 'Desa Jojogan', 4, 'Kelurahan', 0, 924, 0, '2020-12-04 07:15:38', '2020-12-04 07:15:38'),
(974, 1, 361, 358, 7, 'Desa Gapura', 4, 'Kelurahan', 0, 924, 0, '2020-12-04 07:15:38', '2020-12-04 07:15:38'),
(975, 1, 361, 358, 7, 'Desa Cikadu', 4, 'Kelurahan', 0, 924, 0, '2020-12-04 07:15:38', '2020-12-04 07:15:38'),
(976, 1, 361, 358, 7, 'Desa Cawet', 4, 'Kelurahan', 0, 924, 0, '2020-12-04 07:15:38', '2020-12-04 07:15:38'),
(977, 1, 361, 358, 7, 'Desa Bongas', 4, 'Kelurahan', 0, 924, 0, '2020-12-04 07:15:38', '2020-12-04 07:15:38'),
(978, 1, 361, 358, 7, 'Kecamatan Bodeh', 0, '', 0, 924, 0, '2020-12-04 07:15:38', '2020-12-04 07:15:38'),
(979, 1, 361, 358, 7, 'Desa Babakan', 4, 'Kelurahan', 0, 924, 0, '2020-12-04 07:15:38', '2020-12-04 07:15:38'),
(980, 1, 361, 358, 7, 'Desa Bodeh', 4, 'Kelurahan', 0, 924, 0, '2020-12-04 07:15:38', '2020-12-04 07:15:38'),
(981, 1, 361, 358, 7, 'Desa Cangak', 4, 'Kelurahan', 0, 924, 0, '2020-12-04 07:15:38', '2020-12-04 07:15:38'),
(982, 1, 361, 358, 7, 'Desa Gunungbatu', 4, 'Kelurahan', 0, 924, 0, '2020-12-04 07:15:38', '2020-12-04 07:15:38'),
(983, 1, 361, 358, 7, 'Desa Jatingarang', 4, 'Kelurahan', 0, 924, 0, '2020-12-04 07:15:38', '2020-12-04 07:15:38'),
(984, 1, 361, 358, 7, 'Desa Jatiroyom', 4, 'Kelurahan', 0, 924, 0, '2020-12-04 07:15:38', '2020-12-04 07:15:38'),
(985, 1, 361, 358, 7, 'Desa Jraganan', 4, 'Kelurahan', 0, 924, 0, '2020-12-04 07:15:38', '2020-12-04 07:15:38'),
(986, 1, 361, 358, 7, 'Desa Karangbrai', 4, 'Kelurahan', 0, 924, 0, '2020-12-04 07:15:38', '2020-12-04 07:15:38'),
(987, 1, 361, 358, 7, 'Desa Kebandaran', 4, 'Kelurahan', 0, 924, 0, '2020-12-04 07:15:38', '2020-12-04 07:15:38'),
(988, 1, 361, 358, 7, 'Desa Kebandungan', 4, 'Kelurahan', 0, 924, 0, '2020-12-04 07:15:38', '2020-12-04 07:15:38'),
(989, 1, 361, 358, 7, 'Desa Kelangdepok', 4, 'Kelurahan', 0, 924, 0, '2020-12-04 07:15:38', '2020-12-04 07:15:38'),
(990, 1, 361, 358, 7, 'Desa Kesesirejo', 4, 'Kelurahan', 0, 924, 0, '2020-12-04 07:15:38', '2020-12-04 07:15:38'),
(991, 1, 361, 358, 7, 'Desa Kwasen', 4, 'Kelurahan', 0, 924, 0, '2020-12-04 07:15:38', '2020-12-04 07:15:38'),
(992, 1, 361, 358, 7, 'Desa Longkeyang', 4, 'Kelurahan', 0, 924, 0, '2020-12-04 07:15:38', '2020-12-04 07:15:38'),
(993, 1, 361, 358, 7, 'Desa Muncang', 4, 'Kelurahan', 0, 924, 0, '2020-12-04 07:15:38', '2020-12-04 07:15:38'),
(994, 1, 361, 358, 7, 'Desa Parunggalih', 4, 'Kelurahan', 0, 924, 0, '2020-12-04 07:15:38', '2020-12-04 07:15:38'),
(995, 1, 361, 358, 7, 'Desa Pasir', 4, 'Kelurahan', 0, 924, 0, '2020-12-04 07:15:38', '2020-12-04 07:15:38'),
(996, 1, 361, 358, 7, 'Desa Payung', 4, 'Kelurahan', 0, 924, 0, '2020-12-04 07:15:38', '2020-12-04 07:15:38'),
(997, 1, 361, 358, 7, 'Desa Pendowo', 4, 'Kelurahan', 0, 924, 0, '2020-12-04 07:15:38', '2020-12-04 07:15:38'),
(998, 1, 361, 358, 7, 'Kecamatan Bantarbolang', 0, '', 0, 924, 0, '2020-12-04 07:15:38', '2020-12-04 07:15:38'),
(999, 1, 361, 358, 7, 'Desa Banjarsari', 4, 'Kelurahan', 0, 924, 0, '2020-12-04 07:15:38', '2020-12-04 07:15:38'),
(1000, 1, 361, 358, 7, 'Desa Bantarbolang', 4, 'Kelurahan', 0, 924, 0, '2020-12-04 07:15:38', '2020-12-04 07:15:38'),
(1001, 1, 361, 358, 7, 'Desa Glandang', 4, 'Kelurahan', 0, 924, 0, '2020-12-04 07:15:38', '2020-12-04 07:15:38'),
(1002, 1, 361, 358, 7, 'Desa Karanganyar', 4, 'Kelurahan', 0, 924, 0, '2020-12-04 07:15:38', '2020-12-04 07:15:38'),
(1003, 1, 361, 358, 7, 'Desa Kebon Gede', 4, 'Kelurahan', 0, 924, 0, '2020-12-04 07:15:38', '2020-12-04 07:15:38'),
(1004, 1, 361, 358, 7, 'Desa Kuta', 4, 'Kelurahan', 0, 924, 0, '2020-12-04 07:15:38', '2020-12-04 07:15:38'),
(1005, 1, 361, 358, 7, 'Desa Lenggerong', 4, 'Kelurahan', 0, 924, 0, '2020-12-04 07:15:38', '2020-12-04 07:15:38'),
(1006, 1, 361, 358, 7, 'Desa Pabuaran', 4, 'Kelurahan', 0, 924, 0, '2020-12-04 07:15:38', '2020-12-04 07:15:38'),
(1007, 1, 361, 358, 7, 'Desa Paguyangan', 4, 'Kelurahan', 0, 924, 0, '2020-12-04 07:15:38', '2020-12-04 07:15:38'),
(1008, 1, 361, 358, 7, 'Desa Pedagung', 4, 'Kelurahan', 0, 924, 0, '2020-12-04 07:15:38', '2020-12-04 07:15:38'),
(1009, 1, 361, 358, 7, 'Desa Pegiringan', 4, 'Kelurahan', 0, 924, 0, '2020-12-04 07:15:38', '2020-12-04 07:15:38'),
(1010, 1, 361, 358, 7, 'Desa Purana', 4, 'Kelurahan', 0, 924, 0, '2020-12-04 07:15:38', '2020-12-04 07:15:38'),
(1011, 1, 361, 358, 7, 'Desa Sambeng', 4, 'Kelurahan', 0, 924, 0, '2020-12-04 07:15:38', '2020-12-04 07:15:38'),
(1012, 1, 361, 358, 7, 'Desa Sarwodadi', 4, 'Kelurahan', 0, 924, 0, '2020-12-04 07:15:38', '2020-12-04 07:15:38'),
(1013, 1, 361, 358, 7, 'Desa Sumurkidang', 4, 'Kelurahan', 0, 924, 0, '2020-12-04 07:15:38', '2020-12-04 07:15:38'),
(1014, 1, 361, 358, 7, 'Desa Suru', 4, 'Kelurahan', 0, 924, 0, '2020-12-04 07:15:38', '2020-12-04 07:15:38'),
(1015, 1, 361, 358, 7, 'Desa Wanarata', 4, 'Kelurahan', 0, 924, 0, '2020-12-04 07:15:38', '2020-12-04 07:15:38'),
(1016, 1, 361, 358, 7, 'Kecamatan Randudongkal', 0, '', 0, 924, 0, '2020-12-04 07:15:38', '2020-12-04 07:15:38'),
(1017, 1, 361, 358, 7, 'Desa Banjaranyar', 4, 'Kelurahan', 0, 924, 0, '2020-12-04 07:15:38', '2020-12-04 07:15:38'),
(1018, 1, 361, 358, 7, 'Desa Gembyang', 4, 'Kelurahan', 0, 924, 0, '2020-12-04 07:15:38', '2020-12-04 07:15:38'),
(1019, 1, 361, 358, 7, 'Desa Gongseng', 4, 'Kelurahan', 0, 924, 0, '2020-12-04 07:15:38', '2020-12-04 07:15:38'),
(1020, 1, 361, 358, 7, 'Desa Kalimas', 4, 'Kelurahan', 0, 924, 0, '2020-12-04 07:15:38', '2020-12-04 07:15:38'),
(1021, 1, 361, 358, 7, 'Desa Kalitorong', 4, 'Kelurahan', 0, 924, 0, '2020-12-04 07:15:38', '2020-12-04 07:15:38'),
(1022, 1, 361, 358, 7, 'Desa Karangmoncol', 4, 'Kelurahan', 0, 924, 0, '2020-12-04 07:15:38', '2020-12-04 07:15:38'),
(1023, 1, 361, 358, 7, 'Desa Kecepit', 4, 'Kelurahan', 0, 924, 0, '2020-12-04 07:15:38', '2020-12-04 07:15:38'),
(1024, 1, 361, 358, 7, 'Desa Kejene', 4, 'Kelurahan', 0, 924, 0, '2020-12-04 07:15:38', '2020-12-04 07:15:38'),
(1025, 1, 361, 358, 7, 'Desa Kreyo', 4, 'Kelurahan', 0, 924, 0, '2020-12-04 07:15:38', '2020-12-04 07:15:38'),
(1026, 1, 361, 358, 7, 'Desa Lodaya', 4, 'Kelurahan', 0, 924, 0, '2020-12-04 07:15:38', '2020-12-04 07:15:38'),
(1027, 1, 361, 358, 7, 'Desa Mangli', 4, 'Kelurahan', 0, 924, 0, '2020-12-04 07:15:38', '2020-12-04 07:15:38'),
(1028, 1, 361, 358, 7, 'Desa Mejagong', 4, 'Kelurahan', 0, 924, 0, '2020-12-04 07:15:38', '2020-12-04 07:15:38'),
(1029, 1, 361, 358, 7, 'Desa Penusupan', 4, 'Kelurahan', 0, 924, 0, '2020-12-04 07:15:38', '2020-12-04 07:15:38'),
(1030, 1, 361, 358, 7, 'Desa Randudongkal', 4, 'Kelurahan', 0, 924, 0, '2020-12-04 07:15:38', '2020-12-04 07:15:38'),
(1031, 1, 361, 358, 7, 'Desa Rembul', 4, 'Kelurahan', 0, 924, 0, '2020-12-04 07:15:38', '2020-12-04 07:15:38'),
(1032, 1, 361, 358, 7, 'Desa Semaya', 4, 'Kelurahan', 0, 924, 0, '2020-12-04 07:15:38', '2020-12-04 07:15:38'),
(1033, 1, 361, 358, 7, 'Desa Semingkir', 4, 'Kelurahan', 0, 924, 0, '2020-12-04 07:15:38', '2020-12-04 07:15:38'),
(1034, 1, 361, 358, 7, 'Desa Tanahbaya', 4, 'Kelurahan', 0, 924, 0, '2020-12-04 07:15:38', '2020-12-04 07:15:38'),
(1035, 1, 361, 358, 7, 'Kecamatan Pemalang', 0, '', 0, 924, 0, '2020-12-04 07:15:38', '2020-12-04 07:15:38'),
(1036, 1, 361, 358, 7, 'Kelurahan Bojongbata', 4, 'Kelurahan', 0, 924, 0, '2020-12-04 07:15:38', '2020-12-04 07:15:38'),
(1037, 1, 361, 358, 7, 'Kelurahan Kebondalem', 4, 'Kelurahan', 0, 924, 0, '2020-12-04 07:15:38', '2020-12-04 07:15:38'),
(1038, 1, 361, 358, 7, 'Kelurahan Mulyoharjo', 4, 'Kelurahan', 0, 924, 0, '2020-12-04 07:15:38', '2020-12-04 07:15:38'),
(1039, 1, 361, 358, 7, 'Kelurahan Paduraksa', 4, 'Kelurahan', 0, 924, 0, '2020-12-04 07:15:38', '2020-12-04 07:15:38'),
(1040, 1, 361, 358, 7, 'Kelurahan Pelutan', 4, 'Kelurahan', 0, 924, 0, '2020-12-04 07:15:38', '2020-12-04 07:15:38'),
(1041, 1, 361, 358, 7, 'Kelurahan Sugihwaras', 4, 'Kelurahan', 0, 924, 0, '2020-12-04 07:15:38', '2020-12-04 07:15:38'),
(1042, 1, 361, 358, 7, 'Kelurahan Widuri', 4, 'Kelurahan', 0, 924, 0, '2020-12-04 07:15:38', '2020-12-04 07:15:38'),
(1043, 1, 361, 358, 7, 'Desa Banjarmulya', 4, 'Kelurahan', 0, 924, 0, '2020-12-04 07:15:38', '2020-12-04 07:15:38'),
(1044, 1, 361, 358, 7, 'Desa Bojongnangka', 4, 'Kelurahan', 0, 924, 0, '2020-12-04 07:15:38', '2020-12-04 07:15:38'),
(1045, 1, 361, 358, 7, 'Desa Danasari', 4, 'Kelurahan', 0, 924, 0, '2020-12-04 07:15:38', '2020-12-04 07:15:38'),
(1046, 1, 361, 358, 7, 'Desa Kramat', 4, 'Kelurahan', 0, 924, 0, '2020-12-04 07:15:38', '2020-12-04 07:15:38'),
(1047, 1, 361, 358, 7, 'Desa Lawangrejo', 4, 'Kelurahan', 0, 924, 0, '2020-12-04 07:15:38', '2020-12-04 07:15:38'),
(1048, 1, 361, 358, 7, 'Desa Mengori', 4, 'Kelurahan', 0, 924, 0, '2020-12-04 07:15:38', '2020-12-04 07:15:38'),
(1049, 1, 361, 358, 7, 'Desa Pagongsoran', 4, 'Kelurahan', 0, 924, 0, '2020-12-04 07:15:38', '2020-12-04 07:15:38'),
(1050, 1, 361, 358, 7, 'Desa Saradan', 4, 'Kelurahan', 0, 924, 0, '2020-12-04 07:15:38', '2020-12-04 07:15:38'),
(1051, 1, 361, 358, 7, 'Desa Sewaka', 4, 'Kelurahan', 0, 924, 0, '2020-12-04 07:15:38', '2020-12-04 07:15:38'),
(1052, 1, 361, 358, 7, 'Desa Sungapan', 4, 'Kelurahan', 0, 924, 0, '2020-12-04 07:15:38', '2020-12-04 07:15:38'),
(1053, 1, 361, 358, 7, 'Desa Surajaya', 4, 'Kelurahan', 0, 924, 0, '2020-12-04 07:15:38', '2020-12-04 07:15:38'),
(1054, 1, 361, 358, 7, 'Desa Tambakrejo', 4, 'Kelurahan', 0, 924, 0, '2020-12-04 07:15:38', '2020-12-04 07:15:38'),
(1055, 1, 361, 358, 7, 'Desa Wanamulya', 4, 'Kelurahan', 0, 924, 0, '2020-12-04 07:15:38', '2020-12-04 07:15:38'),
(1056, 1, 361, 358, 7, 'Kecamatan Taman', 0, '', 0, 924, 0, '2020-12-04 07:15:38', '2020-12-04 07:15:38'),
(1057, 1, 361, 358, 7, 'Kelurahan Beji', 4, 'Kelurahan', 0, 924, 0, '2020-12-04 07:15:38', '2020-12-04 07:15:38'),
(1058, 1, 361, 358, 7, 'Kelurahan Wanarejan Selatan', 4, 'Kelurahan', 0, 924, 0, '2020-12-04 07:15:38', '2020-12-04 07:15:38'),
(1059, 1, 361, 358, 7, 'Desa Asemdoyong', 4, 'Kelurahan', 0, 924, 0, '2020-12-04 07:15:38', '2020-12-04 07:15:38'),
(1060, 1, 361, 358, 7, 'Desa Banjaran', 4, 'Kelurahan', 0, 924, 0, '2020-12-04 07:15:38', '2020-12-04 07:15:38'),
(1061, 1, 361, 358, 7, 'Desa Banjardawa', 4, 'Kelurahan', 0, 924, 0, '2020-12-04 07:15:38', '2020-12-04 07:15:38'),
(1062, 1, 361, 358, 7, 'Desa Cibelok', 4, 'Kelurahan', 0, 924, 0, '2020-12-04 07:15:38', '2020-12-04 07:15:38'),
(1063, 1, 361, 358, 7, 'Desa Gondang', 4, 'Kelurahan', 0, 924, 0, '2020-12-04 07:15:38', '2020-12-04 07:15:38'),
(1064, 1, 361, 358, 7, 'Desa Jebed Selatan', 4, 'Kelurahan', 0, 924, 0, '2020-12-04 07:15:38', '2020-12-04 07:15:38'),
(1065, 1, 361, 358, 7, 'Desa Jebed Utara', 4, 'Kelurahan', 0, 924, 0, '2020-12-04 07:15:38', '2020-12-04 07:15:38'),
(1066, 1, 361, 358, 7, 'Desa Jrakah', 4, 'Kelurahan', 0, 924, 0, '2020-12-04 07:15:38', '2020-12-04 07:15:38'),
(1067, 1, 361, 358, 7, 'Desa Kabunan', 4, 'Kelurahan', 0, 924, 0, '2020-12-04 07:15:38', '2020-12-04 07:15:38'),
(1068, 1, 361, 358, 7, 'Desa Kaligelang', 4, 'Kelurahan', 0, 924, 0, '2020-12-04 07:15:38', '2020-12-04 07:15:38'),
(1069, 1, 361, 358, 7, 'Desa Kedungbanjar', 4, 'Kelurahan', 0, 924, 0, '2020-12-04 07:15:38', '2020-12-04 07:15:38'),
(1070, 1, 361, 358, 7, 'Desa Kejambon', 4, 'Kelurahan', 0, 924, 0, '2020-12-04 07:15:38', '2020-12-04 07:15:38'),
(1071, 1, 361, 358, 7, 'Desa Pedurungan', 4, 'Kelurahan', 0, 924, 0, '2020-12-04 07:15:38', '2020-12-04 07:15:38'),
(1072, 1, 361, 358, 7, 'Desa Pener', 4, 'Kelurahan', 0, 924, 0, '2020-12-04 07:15:38', '2020-12-04 07:15:38'),
(1073, 1, 361, 358, 7, 'Desa Penggarit', 4, 'Kelurahan', 0, 924, 0, '2020-12-04 07:15:38', '2020-12-04 07:15:38'),
(1074, 1, 361, 358, 7, 'Desa Sitemu', 4, 'Kelurahan', 0, 924, 0, '2020-12-04 07:15:38', '2020-12-04 07:15:38'),
(1075, 1, 361, 358, 7, 'Desa Sokawangi', 4, 'Kelurahan', 0, 924, 0, '2020-12-04 07:15:38', '2020-12-04 07:15:38'),
(1076, 1, 361, 358, 7, 'Desa Taman', 4, 'Kelurahan', 0, 924, 0, '2020-12-04 07:15:38', '2020-12-04 07:15:38'),
(1077, 1, 361, 358, 7, 'Desa Wanarejan Utara', 4, 'Kelurahan', 0, 924, 0, '2020-12-04 07:15:38', '2020-12-04 07:15:38'),
(1078, 1, 361, 358, 7, 'Kecamatan Petarukan', 0, '', 0, 924, 0, '2020-12-04 07:15:38', '2020-12-04 07:15:38'),
(1079, 1, 361, 358, 7, 'Kelurahan Petarukan', 4, 'Kelurahan', 0, 924, 0, '2020-12-04 07:15:38', '2020-12-04 07:15:38'),
(1080, 1, 361, 358, 7, 'Desa Bulu', 4, 'Kelurahan', 0, 924, 0, '2020-12-04 07:15:38', '2020-12-04 07:15:38'),
(1081, 1, 361, 358, 7, 'Desa Iser', 4, 'Kelurahan', 0, 924, 0, '2020-12-04 07:15:38', '2020-12-04 07:15:38'),
(1082, 1, 361, 358, 7, 'Desa Kalirandu', 4, 'Kelurahan', 0, 924, 0, '2020-12-04 07:15:38', '2020-12-04 07:15:38'),
(1083, 1, 361, 358, 7, 'Desa Karangasem', 4, 'Kelurahan', 0, 924, 0, '2020-12-04 07:15:38', '2020-12-04 07:15:38'),
(1084, 1, 361, 358, 7, 'Desa Kendaldoyong', 4, 'Kelurahan', 0, 924, 0, '2020-12-04 07:15:38', '2020-12-04 07:15:38'),
(1085, 1, 361, 358, 7, 'Desa Kendalrejo', 4, 'Kelurahan', 0, 924, 0, '2020-12-04 07:15:38', '2020-12-04 07:15:38'),
(1086, 1, 361, 358, 7, 'Desa Kendalsari', 4, 'Kelurahan', 0, 924, 0, '2020-12-04 07:15:38', '2020-12-04 07:15:38'),
(1087, 1, 361, 358, 7, 'Desa Klareyan', 4, 'Kelurahan', 0, 924, 0, '2020-12-04 07:15:38', '2020-12-04 07:15:38'),
(1088, 1, 361, 358, 7, 'Desa Loning', 4, 'Kelurahan', 0, 924, 0, '2020-12-04 07:15:38', '2020-12-04 07:15:38'),
(1089, 1, 361, 358, 7, 'Desa Nyamplung Sari', 4, 'Kelurahan', 0, 924, 0, '2020-12-04 07:15:38', '2020-12-04 07:15:38'),
(1090, 1, 361, 358, 7, 'Desa Panjunan', 4, 'Kelurahan', 0, 924, 0, '2020-12-04 07:15:38', '2020-12-04 07:15:38'),
(1091, 1, 361, 358, 7, 'Desa Pegundan', 4, 'Kelurahan', 0, 924, 0, '2020-12-04 07:15:38', '2020-12-04 07:15:38'),
(1092, 1, 361, 358, 7, 'Desa Pesucen', 4, 'Kelurahan', 0, 924, 0, '2020-12-04 07:15:38', '2020-12-04 07:15:38'),
(1093, 1, 361, 358, 7, 'Desa Petanjungan', 4, 'Kelurahan', 0, 924, 0, '2020-12-04 07:15:38', '2020-12-04 07:15:38'),
(1094, 1, 361, 358, 7, 'Desa Serang', 4, 'Kelurahan', 0, 924, 0, '2020-12-04 07:15:38', '2020-12-04 07:15:38'),
(1095, 1, 361, 358, 7, 'Desa Sirangkang', 4, 'Kelurahan', 0, 924, 0, '2020-12-04 07:15:38', '2020-12-04 07:15:38'),
(1096, 1, 361, 358, 7, 'Desa Tegalmlati', 4, 'Kelurahan', 0, 924, 0, '2020-12-04 07:15:38', '2020-12-04 07:15:38'),
(1097, 1, 361, 358, 7, 'Desa Temuireng', 4, 'Kelurahan', 0, 924, 0, '2020-12-04 07:15:38', '2020-12-04 07:15:38'),
(1098, 1, 361, 358, 7, 'Desa Widodaren', 4, 'Kelurahan', 0, 924, 0, '2020-12-04 07:15:38', '2020-12-04 07:15:38'),
(1099, 1, 361, 358, 7, 'Kecamatan Ampelgading', 0, '', 0, 924, 0, '2020-12-04 07:15:38', '2020-12-04 07:15:38'),
(1100, 1, 361, 358, 7, 'Desa Ampelgading', 4, 'Kelurahan', 0, 924, 0, '2020-12-04 07:15:38', '2020-12-04 07:15:38'),
(1101, 1, 361, 358, 7, 'Desa Banglarangan', 4, 'Kelurahan', 0, 924, 0, '2020-12-04 07:15:38', '2020-12-04 07:15:38'),
(1102, 1, 361, 358, 7, 'Desa Blimbing', 4, 'Kelurahan', 0, 924, 0, '2020-12-04 07:15:38', '2020-12-04 07:15:38'),
(1103, 1, 361, 358, 7, 'Desa Cibiyuk', 4, 'Kelurahan', 0, 924, 0, '2020-12-04 07:15:38', '2020-12-04 07:15:38'),
(1104, 1, 361, 358, 7, 'Desa Jatirejo', 4, 'Kelurahan', 0, 924, 0, '2020-12-04 07:15:38', '2020-12-04 07:15:38'),
(1105, 1, 361, 358, 7, 'Desa Karangtalok', 4, 'Kelurahan', 0, 924, 0, '2020-12-04 07:15:38', '2020-12-04 07:15:38'),
(1106, 1, 361, 358, 7, 'Desa Karangtengah', 4, 'Kelurahan', 0, 924, 0, '2020-12-04 07:15:38', '2020-12-04 07:15:38'),
(1107, 1, 361, 358, 7, 'Desa Kebagusan', 4, 'Kelurahan', 0, 924, 0, '2020-12-04 07:15:38', '2020-12-04 07:15:38'),
(1108, 1, 361, 358, 7, 'Desa Kemuning', 4, 'Kelurahan', 0, 924, 0, '2020-12-04 07:15:38', '2020-12-04 07:15:38'),
(1109, 1, 361, 358, 7, 'Desa Losari', 4, 'Kelurahan', 0, 924, 0, '2020-12-04 07:15:38', '2020-12-04 07:15:38'),
(1110, 1, 361, 358, 7, 'Desa Sidokare', 4, 'Kelurahan', 0, 924, 0, '2020-12-04 07:15:38', '2020-12-04 07:15:38'),
(1111, 1, 361, 358, 7, 'Desa Sokawati', 4, 'Kelurahan', 0, 924, 0, '2020-12-04 07:15:38', '2020-12-04 07:15:38'),
(1112, 1, 361, 358, 7, 'Desa Tegalsari Barat', 4, 'Kelurahan', 0, 924, 0, '2020-12-04 07:15:38', '2020-12-04 07:15:38'),
(1113, 1, 361, 358, 7, 'Desa Tegalsari Timur', 4, 'Kelurahan', 0, 924, 0, '2020-12-04 07:15:38', '2020-12-04 07:15:38'),
(1114, 1, 361, 358, 7, 'Desa Ujunggede', 4, 'Kelurahan', 0, 924, 0, '2020-12-04 07:15:38', '2020-12-04 07:15:38'),
(1115, 1, 361, 358, 7, 'Desa Wonogiri', 4, 'Kelurahan', 0, 924, 0, '2020-12-04 07:15:38', '2020-12-04 07:15:38'),
(1116, 1, 361, 358, 7, 'Kecamatan Comal', 0, '', 0, 924, 0, '2020-12-04 07:15:38', '2020-12-04 07:15:38'),
(1117, 1, 361, 358, 7, 'Kelurahan Purwoharjo', 4, 'Kelurahan', 0, 924, 0, '2020-12-04 07:15:38', '2020-12-04 07:15:38'),
(1118, 1, 361, 358, 7, 'Desa Ambokulon', 4, 'Kelurahan', 0, 924, 0, '2020-12-04 07:15:38', '2020-12-04 07:15:38'),
(1119, 1, 361, 358, 7, 'Desa Gandu', 4, 'Kelurahan', 0, 924, 0, '2020-12-04 07:15:39', '2020-12-04 07:15:39'),
(1120, 1, 361, 358, 7, 'Desa Gedeg', 4, 'Kelurahan', 0, 924, 0, '2020-12-04 07:15:39', '2020-12-04 07:15:39'),
(1121, 1, 361, 358, 7, 'Desa Gintung', 4, 'Kelurahan', 0, 924, 0, '2020-12-04 07:15:39', '2020-12-04 07:15:39'),
(1122, 1, 361, 358, 7, 'Desa Kandang', 4, 'Kelurahan', 0, 924, 0, '2020-12-04 07:15:39', '2020-12-04 07:15:39'),
(1123, 1, 361, 358, 7, 'Desa Kauman', 4, 'Kelurahan', 0, 924, 0, '2020-12-04 07:15:39', '2020-12-04 07:15:39'),
(1124, 1, 361, 358, 7, 'Desa Kebojongan', 4, 'Kelurahan', 0, 924, 0, '2020-12-04 07:15:39', '2020-12-04 07:15:39'),
(1125, 1, 361, 358, 7, 'Desa Klegen', 4, 'Kelurahan', 0, 924, 0, '2020-12-04 07:15:39', '2020-12-04 07:15:39'),
(1126, 1, 361, 358, 7, 'Desa Lowa', 4, 'Kelurahan', 0, 924, 0, '2020-12-04 07:15:39', '2020-12-04 07:15:39'),
(1127, 1, 361, 358, 7, 'Desa Pecangakan', 4, 'Kelurahan', 0, 924, 0, '2020-12-04 07:15:39', '2020-12-04 07:15:39'),
(1128, 1, 361, 358, 7, 'Desa Purwosari', 4, 'Kelurahan', 0, 924, 0, '2020-12-04 07:15:39', '2020-12-04 07:15:39'),
(1129, 1, 361, 358, 7, 'Desa Sarwodadi', 4, 'Kelurahan', 0, 924, 0, '2020-12-04 07:15:39', '2020-12-04 07:15:39'),
(1130, 1, 361, 358, 7, 'Desa Sidorejo', 4, 'Kelurahan', 0, 924, 0, '2020-12-04 07:15:39', '2020-12-04 07:15:39'),
(1131, 1, 361, 358, 7, 'Desa Sikayu', 4, 'Kelurahan', 0, 924, 0, '2020-12-04 07:15:39', '2020-12-04 07:15:39'),
(1132, 1, 361, 358, 7, 'Desa Susukan', 4, 'Kelurahan', 0, 924, 0, '2020-12-04 07:15:39', '2020-12-04 07:15:39'),
(1133, 1, 361, 358, 7, 'Desa Tumbal', 4, 'Kelurahan', 0, 924, 0, '2020-12-04 07:15:39', '2020-12-04 07:15:39'),
(1134, 1, 361, 358, 7, 'Desa Wonokromo', 4, 'Kelurahan', 0, 924, 0, '2020-12-04 07:15:39', '2020-12-04 07:15:39'),
(1135, 1, 361, 358, 7, 'Kecamatan Ulujami', 0, '', 0, 924, 0, '2020-12-04 07:15:39', '2020-12-04 07:15:39'),
(1136, 1, 361, 358, 7, 'Desa Ambowetan', 4, 'Kelurahan', 0, 924, 0, '2020-12-04 07:15:39', '2020-12-04 07:15:39'),
(1137, 1, 361, 358, 7, 'Desa Blendung', 4, 'Kelurahan', 0, 924, 0, '2020-12-04 07:15:39', '2020-12-04 07:15:39'),
(1138, 1, 361, 358, 7, 'Desa Botekan', 4, 'Kelurahan', 0, 924, 0, '2020-12-04 07:15:39', '2020-12-04 07:15:39'),
(1139, 1, 361, 358, 7, 'Desa Bumirejo', 4, 'Kelurahan', 0, 924, 0, '2020-12-04 07:15:39', '2020-12-04 07:15:39'),
(1140, 1, 361, 358, 7, 'Desa Kaliprau', 4, 'Kelurahan', 0, 924, 0, '2020-12-04 07:15:39', '2020-12-04 07:15:39'),
(1141, 1, 361, 358, 7, 'Desa Kertosari', 4, 'Kelurahan', 0, 924, 0, '2020-12-04 07:15:39', '2020-12-04 07:15:39'),
(1142, 1, 361, 358, 7, 'Desa Ketapang', 4, 'Kelurahan', 0, 924, 0, '2020-12-04 07:15:39', '2020-12-04 07:15:39'),
(1143, 1, 361, 358, 7, 'Desa Limbangan', 4, 'Kelurahan', 0, 924, 0, '2020-12-04 07:15:39', '2020-12-04 07:15:39'),
(1144, 1, 361, 358, 7, 'Desa Mojo', 4, 'Kelurahan', 0, 924, 0, '2020-12-04 07:15:39', '2020-12-04 07:15:39'),
(1145, 1, 361, 358, 7, 'Desa Padek', 4, 'Kelurahan', 0, 924, 0, '2020-12-04 07:15:39', '2020-12-04 07:15:39'),
(1146, 1, 361, 358, 7, 'Desa Pagergunung', 4, 'Kelurahan', 0, 924, 0, '2020-12-04 07:15:39', '2020-12-04 07:15:39'),
(1147, 1, 361, 358, 7, 'Desa Pamutih', 4, 'Kelurahan', 0, 924, 0, '2020-12-04 07:15:39', '2020-12-04 07:15:39'),
(1148, 1, 361, 358, 7, 'Desa Pesantren', 4, 'Kelurahan', 0, 924, 0, '2020-12-04 07:15:39', '2020-12-04 07:15:39'),
(1149, 1, 361, 358, 7, 'Desa Rowosari', 4, 'Kelurahan', 0, 924, 0, '2020-12-04 07:15:39', '2020-12-04 07:15:39'),
(1150, 1, 361, 358, 7, 'Desa Samong', 4, 'Kelurahan', 0, 924, 0, '2020-12-04 07:15:39', '2020-12-04 07:15:39'),
(1151, 1, 361, 358, 7, 'Desa Sukorejo', 4, 'Kelurahan', 0, 924, 0, '2020-12-04 07:15:39', '2020-12-04 07:15:39'),
(1152, 1, 361, 358, 7, 'Desa Tasikrejo', 4, 'Kelurahan', 0, 924, 0, '2020-12-04 07:15:39', '2020-12-04 07:15:39'),
(1153, 1, 361, 358, 7, 'Desa Wiyorowetan', 4, 'Kelurahan', 0, 924, 0, '2020-12-04 07:15:39', '2020-12-04 07:15:39'),
(1154, 1, 361, 358, 7, 'Kecamatan Warungpring', 0, '', 0, 924, 0, '2020-12-04 07:15:39', '2020-12-04 07:15:39'),
(1155, 1, 361, 358, 7, 'Desa Warungpring', 4, 'Kelurahan', 0, 924, 0, '2020-12-04 07:15:39', '2020-12-04 07:15:39'),
(1156, 1, 361, 358, 7, 'Desa Pakembaran', 4, 'Kelurahan', 0, 924, 0, '2020-12-04 07:15:39', '2020-12-04 07:15:39'),
(1157, 1, 361, 358, 7, 'Desa Mereng', 4, 'Kelurahan', 0, 924, 0, '2020-12-04 07:15:39', '2020-12-04 07:15:39'),
(1158, 1, 361, 358, 7, 'Desa Karangdawa', 4, 'Kelurahan', 0, 924, 0, '2020-12-04 07:15:39', '2020-12-04 07:15:39'),
(1159, 1, 361, 358, 7, 'Desa Datar', 4, 'Kelurahan', 0, 924, 0, '2020-12-04 07:15:39', '2020-12-04 07:15:39'),
(1160, 1, 361, 358, 7, 'Desa Cibuyur', 4, 'Kelurahan', 0, 924, 0, '2020-12-04 07:15:39', '2020-12-04 07:15:39');

-- --------------------------------------------------------

--
-- Struktur dari tabel `tahun`
--

CREATE TABLE `tahun` (
  `id` int(11) NOT NULL,
  `tahun` int(11) NOT NULL,
  `created_at` timestamp NULL DEFAULT NULL,
  `updated_at` timestamp NULL DEFAULT NULL
) ENGINE=InnoDB DEFAULT CHARSET=latin1 ROW_FORMAT=DYNAMIC;

--
-- Dumping data untuk tabel `tahun`
--

INSERT INTO `tahun` (`id`, `tahun`, `created_at`, `updated_at`) VALUES
(3, 2015, '2020-09-29 18:02:26', '2020-09-29 18:02:26'),
(4, 2016, '2020-09-29 18:02:26', '2020-09-29 18:02:26'),
(5, 2017, '2020-09-29 18:02:26', '2020-09-29 18:02:26'),
(6, 2018, '2020-09-29 18:02:26', '2020-09-29 18:02:26'),
(7, 2019, '2020-09-29 18:02:26', '2020-09-29 18:02:26'),
(9, 2020, '2020-12-11 08:13:42', '2020-12-11 08:13:42'),
(10, 2021, '2021-01-05 08:45:53', '2021-01-05 08:45:53');

-- --------------------------------------------------------

--
-- Struktur dari tabel `units`
--

CREATE TABLE `units` (
  `id` int(11) NOT NULL,
  `unit` varchar(100) DEFAULT NULL,
  `created_at` timestamp NULL DEFAULT NULL,
  `updated_at` timestamp NULL DEFAULT NULL
) ENGINE=InnoDB DEFAULT CHARSET=utf8mb4 ROW_FORMAT=DYNAMIC;

--
-- Dumping data untuk tabel `units`
--

INSERT INTO `units` (`id`, `unit`, `created_at`, `updated_at`) VALUES
(1, 'km', NULL, NULL),
(2, 'Unit', NULL, NULL),
(3, 'km2', '2020-09-24 13:28:38', '2020-09-24 13:28:38'),
(4, 'pulau', '2020-09-24 13:28:38', '2020-09-24 13:28:38'),
(5, 'mdpl', '2020-09-24 13:28:38', '2020-09-24 13:28:38'),
(6, 'text', '2020-09-24 13:28:38', '2020-09-24 13:28:38'),
(7, 'orang', '2020-09-24 13:28:38', '2020-09-24 13:28:38'),
(8, 'buah', '2020-09-24 13:28:38', '2020-09-24 13:28:38'),
(9, '%', '2020-09-24 13:28:38', '2020-09-24 13:28:38'),
(10, 'PT', '2020-09-24 13:28:39', '2020-09-24 13:28:39'),
(11, 'pernikahan', '2020-09-24 13:28:39', '2020-09-24 13:28:39'),
(12, 'talak', '2020-09-24 13:28:39', '2020-09-24 13:28:39'),
(13, 'perceraian', '2020-09-24 13:28:39', '2020-09-24 13:28:39'),
(14, 'rujuk', '2020-09-24 13:28:39', '2020-09-24 13:28:39'),
(15, 'kasus', '2020-09-24 13:28:39', '2020-09-24 13:28:39'),
(16, 'hari', '2020-09-24 13:28:39', '2020-09-24 13:28:39'),
(17, 'jenis', '2020-09-24 13:28:39', '2020-09-24 13:28:39'),
(18, 'jiwa', '2020-09-24 13:28:39', '2020-09-24 13:28:39'),
(19, 'KK', '2020-09-24 13:28:39', '2020-09-24 13:28:39'),
(20, 'juta rupiah', '2020-09-24 13:28:39', '2020-09-24 13:28:39'),
(21, 'ha', '2020-09-24 13:28:39', '2020-09-24 13:28:39'),
(22, 'mil', '2020-09-24 13:28:39', '2020-09-24 13:28:39'),
(23, 'm3', '2020-09-24 13:28:39', '2020-09-24 13:28:39'),
(24, 'ekor', '2020-09-24 13:28:39', '2020-09-24 13:28:39'),
(25, 'ton', '2020-09-24 13:28:39', '2020-09-24 13:28:39'),
(26, 'liter', '2020-09-24 13:28:39', '2020-09-24 13:28:39'),
(27, 'm', '2020-09-24 13:28:39', '2020-09-24 13:28:39'),
(28, 'Rumah tangga', NULL, NULL),
(29, 'Kawasan', NULL, NULL),
(30, 'Ruang', NULL, NULL),
(31, 'm2', NULL, NULL),
(32, 'Desa/kel', NULL, NULL),
(33, 'Rp', NULL, NULL),
(34, 'LSM', NULL, NULL),
(35, 'Ormas', NULL, NULL),
(36, 'Yayasan', NULL, NULL),
(37, 'Kelompok', NULL, NULL),
(38, 'Tahun', NULL, NULL),
(39, 'Lembaga', NULL, NULL),
(40, 'Kal/Kap/Hari', NULL, NULL),
(41, 'Kg', NULL, NULL),
(42, 'Sertifikat', NULL, NULL),
(43, 'Persil', NULL, NULL),
(44, 'Lokasi', NULL, NULL),
(45, 'Perusahaan', NULL, NULL),
(46, 'Kit', NULL, NULL),
(47, 'Dokumen', NULL, NULL),
(48, 'Desa', NULL, NULL),
(49, 'RW', NULL, NULL),
(50, 'RT', NULL, NULL),
(51, 'Kelurahan', NULL, NULL),
(52, 'Desa', NULL, NULL),
(53, 'Pasang', NULL, NULL),
(54, 'Balai Penyuluh KB', NULL, NULL),
(55, 'Institusi', NULL, NULL),
(56, 'Lintasan', NULL, NULL),
(57, 'TEU', NULL, NULL),
(58, 'SS', NULL, NULL),
(59, 'Stasiun', NULL, NULL),
(60, 'Kecamatan', NULL, NULL),
(61, 'Usaha', NULL, NULL),
(62, 'Organisasi', NULL, NULL),
(63, 'Klub', NULL, NULL),
(64, 'Kali', NULL, NULL),
(65, 'Judul', NULL, NULL),
(66, 'Dokumen', NULL, NULL),
(67, 'Dermaga', NULL, NULL),
(68, 'Balai', NULL, NULL),
(69, 'Obyek', NULL, NULL),
(70, 'Kamar', NULL, NULL),
(71, 'Biro', NULL, NULL),
(72, 'Agen', NULL, NULL),
(73, 'Resto', NULL, NULL),
(74, 'Toko', NULL, NULL),
(75, 'Batang', NULL, NULL),
(76, 'Kwh', NULL, NULL),
(77, 'KI', NULL, NULL),
(78, 'mm', NULL, NULL),
(79, 'Celsius', NULL, NULL),
(80, 'Laki-laki', NULL, NULL),
(81, 'Perempuan', NULL, NULL),
(82, 'Fraksi', NULL, NULL),
(83, 'Pajak', NULL, NULL),
(84, 'Non Pajak', NULL, NULL),
(85, 'Juta', NULL, NULL);

-- --------------------------------------------------------

--
-- Struktur dari tabel `users`
--

CREATE TABLE `users` (
  `id` int(11) NOT NULL,
  `username` varchar(100) DEFAULT NULL,
  `email` varchar(100) DEFAULT NULL,
  `active` tinyint(4) NOT NULL DEFAULT '0',
  `password` varchar(100) NOT NULL,
  `role` varchar(100) NOT NULL,
  `type_user` int(11) NOT NULL,
  `id_kec` int(11) DEFAULT NULL,
  `id_kel` int(11) DEFAULT NULL,
  `full_name` varchar(100) DEFAULT NULL,
  `created_at` timestamp NULL DEFAULT NULL,
  `updated_at` timestamp NULL DEFAULT NULL
) ENGINE=InnoDB DEFAULT CHARSET=utf8mb4 ROW_FORMAT=DYNAMIC;

--
-- Dumping data untuk tabel `users`
--

INSERT INTO `users` (`id`, `username`, `email`, `active`, `password`, `role`, `type_user`, `id_kec`, `id_kel`, `full_name`, `created_at`, `updated_at`) VALUES
(1, 'disdik_p', NULL, 0, '$2y$10$fVrI/R7qw4AquGK2t2C2TedZJ5DZrDGLUOMAytF8g8R4guuZxgS6G', '1', 0, NULL, NULL, 'Penyelia Disdik', NULL, '2020-12-16 23:26:43'),
(2, 'dinkes', NULL, 0, '$2y$10$mwOQCSm6GR/NTD3ODAXVK.5WcMkTfc859w6skip7YQ.M1aC1/LhIC', '2', 0, NULL, NULL, 'Dinas Kesehatan', '2020-08-27 20:11:08', '2020-12-16 23:27:42'),
(4, 'superadmin', NULL, 0, '$2y$10$S5gLqfDsuN2ArXmFeTDWu.sdKvjoSPx9wHhbDivcKUaH2vFCwnbYi', '0', 0, NULL, NULL, 'Super Admin', NULL, '2020-12-11 07:09:30'),
(15, 'kec_moga', NULL, 0, '$2y$10$7EVjXqpKAFTqP0WasP7PeeEzYqBuIngeePlqBtqbd87GO0UhIUkj.', '2', 1, 1, NULL, 'Kecamatan Moga', '2020-11-24 04:05:44', '2020-12-16 23:29:31'),
(16, 'kel_moga', NULL, 0, '$2y$10$9i6CWnMOSyRnEiFAYrPKpOZSKRjJlENZqkK7kNJxhOSm54Evgb5ZK', '2', 2, 1, 7, 'Kelurahan Moga', '2020-11-24 04:07:08', '2020-12-16 23:29:01'),
(17, 'Kecamatan Pulosari', NULL, 0, '$2y$10$rIIBY0ejDS/LnwO7cVLEWuI3XQftX1ZAhGuP20spekezpSiLSU8Mm', '1', 1, 2, NULL, 'Kecamatan Pulosari', '2020-11-29 20:46:54', '2020-12-11 05:47:40'),
(18, 'Kelurahan Pulosari', NULL, 0, '$2y$10$HuIOsT7YVmt8XRqIV2yaHOy8j/N8Gs.7Vere2q1ZVzRWC.rwncgUq', '1', 2, 2, 12, 'Kelurahan Pulosari', '2020-11-30 04:38:50', '2020-12-11 05:47:32'),
(19, 'Kecamatan Belik', NULL, 0, '$2y$10$0oPAmBGWz.hsRTNnVNZek.BSEgscsLhiuOAOmjfprFB9iqk55KxMW', '1', 1, NULL, NULL, 'Kecamatan Belik', '2020-11-30 05:45:47', '2020-12-11 05:47:20'),
(21, 'kel_banyumundal', NULL, 0, '$2y$10$u2uCFJiuWprWqdb6tUrlA.JpVLo4KqqvbNQ.BNePNCXWD0ELv5Pw2', '2', 2, 1, 1, 'Kelurahan Banyumundals', '2020-12-16 04:26:08', '2020-12-16 23:30:01'),
(22, 'dindikbud', NULL, 0, '$2y$10$23AqapgHB/L/g7At.o/6bOc5z30C0DGzAk5G2GBXsqMBZbsWCSLrm', '2', 0, NULL, NULL, 'Dinas Pendidikan dan Kebudayaan', '2020-12-17 00:01:51', '2021-01-05 03:47:05');

-- --------------------------------------------------------

--
-- Struktur dari tabel `users_skpd`
--

CREATE TABLE `users_skpd` (
  `id` int(11) NOT NULL,
  `user_id` int(11) NOT NULL,
  `skpd_id` int(11) NOT NULL,
  `active` tinyint(4) NOT NULL DEFAULT '0',
  `created_at` timestamp NULL DEFAULT NULL,
  `updated_at` timestamp NULL DEFAULT NULL,
  `deleted_at` timestamp NULL DEFAULT NULL
) ENGINE=InnoDB DEFAULT CHARSET=utf8mb4 ROW_FORMAT=DYNAMIC;

--
-- Dumping data untuk tabel `users_skpd`
--

INSERT INTO `users_skpd` (`id`, `user_id`, `skpd_id`, `active`, `created_at`, `updated_at`, `deleted_at`) VALUES
(6, 1, 1, 0, '2020-08-27 19:44:09', '2020-08-27 19:46:19', '2020-08-27 19:46:19'),
(7, 1, 2, 0, '2020-08-27 19:44:09', '2020-08-27 19:46:19', '2020-08-27 19:46:19'),
(8, 1, 3, 0, '2020-08-27 19:44:09', '2020-08-27 19:46:19', '2020-08-27 19:46:19'),
(11, 1, 5, 0, '2020-08-27 19:44:35', '2020-08-27 19:46:19', '2020-08-27 19:46:19'),
(12, 1, 1, 0, '2020-08-27 19:46:36', '2020-08-27 19:46:51', '2020-08-27 19:46:51'),
(13, 1, 5, 0, '2020-08-27 19:46:36', '2020-08-27 19:46:51', '2020-08-27 19:46:51'),
(14, 1, 8, 0, '2020-08-27 19:46:36', '2020-11-02 07:07:03', '2020-11-02 07:07:03'),
(15, 1, 12, 0, '2020-08-27 19:46:36', '2020-11-02 07:07:03', '2020-11-02 07:07:03'),
(16, 1, 3, 0, '2020-08-27 19:47:59', '2020-11-02 07:07:03', '2020-11-02 07:07:03'),
(17, 1, 4, 0, '2020-08-27 19:47:59', '2020-11-02 07:07:03', '2020-11-02 07:07:03'),
(18, 1, 1, 0, '2020-08-27 19:49:03', '2020-11-05 11:16:32', '2020-11-05 11:16:32'),
(19, 1, 6, 0, '2020-08-27 19:49:03', '2020-11-02 07:07:03', '2020-11-02 07:07:03'),
(20, 3, 12, 0, '2020-08-27 20:19:53', '2020-11-05 11:16:48', '2020-11-05 11:16:48'),
(21, 3, 13, 0, '2020-08-27 20:19:53', '2020-11-02 07:06:15', '2020-11-02 07:06:15'),
(41, 3, 5, 0, '2020-11-05 11:17:31', '2020-11-05 11:18:16', '2020-11-05 11:18:16'),
(42, 3, 2, 0, '2020-11-05 11:18:44', '2020-11-05 11:19:24', '2020-11-05 11:19:24'),
(43, 3, 3, 0, '2020-11-05 11:18:55', '2020-11-05 11:19:24', '2020-11-05 11:19:24'),
(44, 3, 2, 0, '2020-11-05 11:19:41', '2020-11-05 11:20:03', '2020-11-05 11:20:03'),
(45, 3, 2, 0, '2020-11-05 11:24:23', '2020-11-05 11:24:36', '2020-11-05 11:24:36'),
(46, 3, 2, 0, '2020-11-05 11:29:48', '2020-11-05 11:30:01', '2020-11-05 11:30:01'),
(47, 3, 3, 0, '2020-11-05 11:30:01', '2020-11-05 11:30:01', NULL),
(54, 1, 1, 0, '2020-12-16 23:26:43', '2020-12-16 23:26:43', NULL),
(55, 1, 2, 0, '2020-12-16 23:26:43', '2020-12-16 23:26:43', NULL),
(56, 2, 12, 0, '2020-12-16 23:27:23', '2020-12-16 23:27:23', NULL),
(57, 22, 1, 0, '2020-12-17 00:01:51', '2020-12-17 00:01:51', NULL);

--
-- Indexes for dumped tables
--

--
-- Indeks untuk tabel `areas`
--
ALTER TABLE `areas`
  ADD PRIMARY KEY (`id`) USING BTREE,
  ADD KEY `business_id` (`business_id`) USING BTREE;

--
-- Indeks untuk tabel `bmd`
--
ALTER TABLE `bmd`
  ADD PRIMARY KEY (`id`) USING BTREE,
  ADD KEY `fk_satuan` (`satuan_id`) USING BTREE;

--
-- Indeks untuk tabel `bmd_child`
--
ALTER TABLE `bmd_child`
  ADD PRIMARY KEY (`id`) USING BTREE,
  ADD KEY `id_bmd` (`id_bmd`) USING BTREE;

--
-- Indeks untuk tabel `bmd_trans`
--
ALTER TABLE `bmd_trans`
  ADD PRIMARY KEY (`id`) USING BTREE,
  ADD KEY `user_id` (`user_id`) USING BTREE,
  ADD KEY `id_bmd` (`id_bmd`) USING BTREE,
  ADD KEY `id_tahun` (`id_tahun`) USING BTREE;

--
-- Indeks untuk tabel `bps`
--
ALTER TABLE `bps`
  ADD PRIMARY KEY (`id`) USING BTREE,
  ADD KEY `fk_bps_category` (`bps_category_id`) USING BTREE,
  ADD KEY `fk_subject_category` (`bps_subject_id`) USING BTREE;

--
-- Indeks untuk tabel `bps_categories`
--
ALTER TABLE `bps_categories`
  ADD PRIMARY KEY (`id`) USING BTREE;

--
-- Indeks untuk tabel `bps_subjects`
--
ALTER TABLE `bps_subjects`
  ADD PRIMARY KEY (`id`) USING BTREE,
  ADD KEY `fk_category` (`category_id`) USING BTREE;

--
-- Indeks untuk tabel `business`
--
ALTER TABLE `business`
  ADD PRIMARY KEY (`id`) USING BTREE;

--
-- Indeks untuk tabel `data_supports`
--
ALTER TABLE `data_supports`
  ADD PRIMARY KEY (`id`) USING BTREE,
  ADD KEY `fk_unit_id` (`unit_id`) USING BTREE;

--
-- Indeks untuk tabel `data_supports_trans`
--
ALTER TABLE `data_supports_trans`
  ADD PRIMARY KEY (`id`) USING BTREE,
  ADD KEY `user_id` (`user_id`) USING BTREE,
  ADD KEY `id_data` (`id_data`) USING BTREE,
  ADD KEY `id_tahun` (`id_tahun`) USING BTREE,
  ADD KEY `id_data_child` (`id_data_child`) USING BTREE;

--
-- Indeks untuk tabel `data_support_child`
--
ALTER TABLE `data_support_child`
  ADD PRIMARY KEY (`id`) USING BTREE;

--
-- Indeks untuk tabel `edatabase`
--
ALTER TABLE `edatabase`
  ADD PRIMARY KEY (`id`) USING BTREE,
  ADD KEY `fk_business_id` (`business_id`) USING BTREE,
  ADD KEY `fk_area_id` (`area_id`) USING BTREE,
  ADD KEY `fk_sub_area_id` (`sub_area_id`) USING BTREE,
  ADD KEY `fk_indicator_id` (`indicator_id`) USING BTREE,
  ADD KEY `fk_sub_indicator_id` (`sub_indicator_id`) USING BTREE;

--
-- Indeks untuk tabel `iku`
--
ALTER TABLE `iku`
  ADD PRIMARY KEY (`id`) USING BTREE,
  ADD KEY `fk_iku_unit` (`unit_id`) USING BTREE;

--
-- Indeks untuk tabel `iku_detail`
--
ALTER TABLE `iku_detail`
  ADD PRIMARY KEY (`id`) USING BTREE,
  ADD KEY `fk_iku_business` (`business_id`) USING BTREE;

--
-- Indeks untuk tabel `indicators`
--
ALTER TABLE `indicators`
  ADD PRIMARY KEY (`id`) USING BTREE,
  ADD KEY `fk_business_indicator` (`business_id`) USING BTREE,
  ADD KEY `fk_area_indicator` (`area_id`) USING BTREE,
  ADD KEY `fk_sub_area_indicator` (`sub_area_id`) USING BTREE;

--
-- Indeks untuk tabel `kecamatan`
--
ALTER TABLE `kecamatan`
  ADD PRIMARY KEY (`id`) USING BTREE;

--
-- Indeks untuk tabel `kelurahan`
--
ALTER TABLE `kelurahan`
  ADD PRIMARY KEY (`id`) USING BTREE;

--
-- Indeks untuk tabel `kor`
--
ALTER TABLE `kor`
  ADD PRIMARY KEY (`id`) USING BTREE,
  ADD KEY `fk_kor_unit` (`unit_id`) USING BTREE;

--
-- Indeks untuk tabel `kor_trans`
--
ALTER TABLE `kor_trans`
  ADD PRIMARY KEY (`id`) USING BTREE,
  ADD KEY `user_id` (`user_id`) USING BTREE,
  ADD KEY `id_kor` (`id_kor`) USING BTREE,
  ADD KEY `id_tahun` (`id_tahun`) USING BTREE;

--
-- Indeks untuk tabel `sdgs`
--
ALTER TABLE `sdgs`
  ADD PRIMARY KEY (`id`) USING BTREE,
  ADD KEY `fk_sdgs_unit` (`unit_id`) USING BTREE;

--
-- Indeks untuk tabel `sdgs_trans`
--
ALTER TABLE `sdgs_trans`
  ADD PRIMARY KEY (`id`) USING BTREE,
  ADD KEY `user_id` (`user_id`) USING BTREE,
  ADD KEY `id_sdgs` (`id_sdgs`) USING BTREE,
  ADD KEY `id_tahun` (`id_tahun`) USING BTREE;

--
-- Indeks untuk tabel `skpd`
--
ALTER TABLE `skpd`
  ADD PRIMARY KEY (`id`) USING BTREE;

--
-- Indeks untuk tabel `spm`
--
ALTER TABLE `spm`
  ADD PRIMARY KEY (`id`) USING BTREE,
  ADD KEY `unit_id` (`unit_id`) USING BTREE;

--
-- Indeks untuk tabel `spm_trans`
--
ALTER TABLE `spm_trans`
  ADD PRIMARY KEY (`id`) USING BTREE,
  ADD KEY `user_id` (`user_id`) USING BTREE,
  ADD KEY `id_spm` (`id_spm`) USING BTREE,
  ADD KEY `id_tahun` (`id_tahun`) USING BTREE;

--
-- Indeks untuk tabel `sub_areas`
--
ALTER TABLE `sub_areas`
  ADD PRIMARY KEY (`id`) USING BTREE,
  ADD KEY `fk_sub_area_business` (`business_id`) USING BTREE,
  ADD KEY `fk_sub_area_area` (`area_id`) USING BTREE;

--
-- Indeks untuk tabel `sub_indicators`
--
ALTER TABLE `sub_indicators`
  ADD PRIMARY KEY (`id`) USING BTREE;

--
-- Indeks untuk tabel `tahun`
--
ALTER TABLE `tahun`
  ADD PRIMARY KEY (`id`) USING BTREE;

--
-- Indeks untuk tabel `units`
--
ALTER TABLE `units`
  ADD PRIMARY KEY (`id`) USING BTREE;

--
-- Indeks untuk tabel `users`
--
ALTER TABLE `users`
  ADD PRIMARY KEY (`id`) USING BTREE;

--
-- Indeks untuk tabel `users_skpd`
--
ALTER TABLE `users_skpd`
  ADD PRIMARY KEY (`id`) USING BTREE;

--
-- AUTO_INCREMENT untuk tabel yang dibuang
--

--
-- AUTO_INCREMENT untuk tabel `areas`
--
ALTER TABLE `areas`
  MODIFY `id` int(11) NOT NULL AUTO_INCREMENT, AUTO_INCREMENT=362;

--
-- AUTO_INCREMENT untuk tabel `bmd`
--
ALTER TABLE `bmd`
  MODIFY `id` int(11) NOT NULL AUTO_INCREMENT, AUTO_INCREMENT=136;

--
-- AUTO_INCREMENT untuk tabel `bmd_child`
--
ALTER TABLE `bmd_child`
  MODIFY `id` int(11) NOT NULL AUTO_INCREMENT, AUTO_INCREMENT=3;

--
-- AUTO_INCREMENT untuk tabel `bmd_trans`
--
ALTER TABLE `bmd_trans`
  MODIFY `id` int(11) NOT NULL AUTO_INCREMENT, AUTO_INCREMENT=5;

--
-- AUTO_INCREMENT untuk tabel `bps`
--
ALTER TABLE `bps`
  MODIFY `id` int(11) NOT NULL AUTO_INCREMENT;

--
-- AUTO_INCREMENT untuk tabel `bps_categories`
--
ALTER TABLE `bps_categories`
  MODIFY `id` int(11) NOT NULL AUTO_INCREMENT;

--
-- AUTO_INCREMENT untuk tabel `bps_subjects`
--
ALTER TABLE `bps_subjects`
  MODIFY `id` int(11) NOT NULL AUTO_INCREMENT;

--
-- AUTO_INCREMENT untuk tabel `business`
--
ALTER TABLE `business`
  MODIFY `id` int(11) NOT NULL AUTO_INCREMENT, AUTO_INCREMENT=16;

--
-- AUTO_INCREMENT untuk tabel `data_supports`
--
ALTER TABLE `data_supports`
  MODIFY `id` int(11) NOT NULL AUTO_INCREMENT, AUTO_INCREMENT=135;

--
-- AUTO_INCREMENT untuk tabel `data_supports_trans`
--
ALTER TABLE `data_supports_trans`
  MODIFY `id` int(11) NOT NULL AUTO_INCREMENT, AUTO_INCREMENT=3;

--
-- AUTO_INCREMENT untuk tabel `data_support_child`
--
ALTER TABLE `data_support_child`
  MODIFY `id` int(11) NOT NULL AUTO_INCREMENT, AUTO_INCREMENT=2;

--
-- AUTO_INCREMENT untuk tabel `edatabase`
--
ALTER TABLE `edatabase`
  MODIFY `id` int(11) NOT NULL AUTO_INCREMENT, AUTO_INCREMENT=28;

--
-- AUTO_INCREMENT untuk tabel `iku`
--
ALTER TABLE `iku`
  MODIFY `id` int(11) NOT NULL AUTO_INCREMENT, AUTO_INCREMENT=3;

--
-- AUTO_INCREMENT untuk tabel `iku_detail`
--
ALTER TABLE `iku_detail`
  MODIFY `id` int(11) NOT NULL AUTO_INCREMENT, AUTO_INCREMENT=6;

--
-- AUTO_INCREMENT untuk tabel `indicators`
--
ALTER TABLE `indicators`
  MODIFY `id` int(11) NOT NULL AUTO_INCREMENT, AUTO_INCREMENT=8;

--
-- AUTO_INCREMENT untuk tabel `kecamatan`
--
ALTER TABLE `kecamatan`
  MODIFY `id` int(11) NOT NULL AUTO_INCREMENT, AUTO_INCREMENT=31;

--
-- AUTO_INCREMENT untuk tabel `kelurahan`
--
ALTER TABLE `kelurahan`
  MODIFY `id` int(11) NOT NULL AUTO_INCREMENT, AUTO_INCREMENT=226;

--
-- AUTO_INCREMENT untuk tabel `kor`
--
ALTER TABLE `kor`
  MODIFY `id` int(11) NOT NULL AUTO_INCREMENT, AUTO_INCREMENT=132;

--
-- AUTO_INCREMENT untuk tabel `kor_trans`
--
ALTER TABLE `kor_trans`
  MODIFY `id` int(11) NOT NULL AUTO_INCREMENT, AUTO_INCREMENT=58;

--
-- AUTO_INCREMENT untuk tabel `sdgs`
--
ALTER TABLE `sdgs`
  MODIFY `id` int(11) NOT NULL AUTO_INCREMENT, AUTO_INCREMENT=133;

--
-- AUTO_INCREMENT untuk tabel `sdgs_trans`
--
ALTER TABLE `sdgs_trans`
  MODIFY `id` int(11) NOT NULL AUTO_INCREMENT;

--
-- AUTO_INCREMENT untuk tabel `skpd`
--
ALTER TABLE `skpd`
  MODIFY `id` int(11) NOT NULL AUTO_INCREMENT, AUTO_INCREMENT=46;

--
-- AUTO_INCREMENT untuk tabel `spm`
--
ALTER TABLE `spm`
  MODIFY `id` int(11) NOT NULL AUTO_INCREMENT, AUTO_INCREMENT=146;

--
-- AUTO_INCREMENT untuk tabel `spm_trans`
--
ALTER TABLE `spm_trans`
  MODIFY `id` int(11) NOT NULL AUTO_INCREMENT, AUTO_INCREMENT=17;

--
-- AUTO_INCREMENT untuk tabel `sub_areas`
--
ALTER TABLE `sub_areas`
  MODIFY `id` int(11) NOT NULL AUTO_INCREMENT, AUTO_INCREMENT=360;

--
-- AUTO_INCREMENT untuk tabel `sub_indicators`
--
ALTER TABLE `sub_indicators`
  MODIFY `id` int(11) NOT NULL AUTO_INCREMENT, AUTO_INCREMENT=1161;

--
-- AUTO_INCREMENT untuk tabel `tahun`
--
ALTER TABLE `tahun`
  MODIFY `id` int(11) NOT NULL AUTO_INCREMENT, AUTO_INCREMENT=11;

--
-- AUTO_INCREMENT untuk tabel `units`
--
ALTER TABLE `units`
  MODIFY `id` int(11) NOT NULL AUTO_INCREMENT, AUTO_INCREMENT=86;

--
-- AUTO_INCREMENT untuk tabel `users`
--
ALTER TABLE `users`
  MODIFY `id` int(11) NOT NULL AUTO_INCREMENT, AUTO_INCREMENT=23;

--
-- AUTO_INCREMENT untuk tabel `users_skpd`
--
ALTER TABLE `users_skpd`
  MODIFY `id` int(11) NOT NULL AUTO_INCREMENT, AUTO_INCREMENT=58;

--
-- Ketidakleluasaan untuk tabel pelimpahan (Dumped Tables)
--

--
-- Ketidakleluasaan untuk tabel `areas`
--
ALTER TABLE `areas`
  ADD CONSTRAINT `areas_ibfk_1` FOREIGN KEY (`business_id`) REFERENCES `business` (`id`) ON DELETE CASCADE ON UPDATE CASCADE;

--
-- Ketidakleluasaan untuk tabel `bmd`
--
ALTER TABLE `bmd`
  ADD CONSTRAINT `fk_satuan` FOREIGN KEY (`satuan_id`) REFERENCES `units` (`id`) ON DELETE NO ACTION ON UPDATE NO ACTION;

--
-- Ketidakleluasaan untuk tabel `bps`
--
ALTER TABLE `bps`
  ADD CONSTRAINT `fk_bps_category` FOREIGN KEY (`bps_category_id`) REFERENCES `bps_categories` (`id`) ON DELETE NO ACTION ON UPDATE NO ACTION,
  ADD CONSTRAINT `fk_subject_category` FOREIGN KEY (`bps_subject_id`) REFERENCES `bps_subjects` (`id`) ON DELETE NO ACTION ON UPDATE NO ACTION;

--
-- Ketidakleluasaan untuk tabel `bps_subjects`
--
ALTER TABLE `bps_subjects`
  ADD CONSTRAINT `fk_category` FOREIGN KEY (`category_id`) REFERENCES `bps_categories` (`id`) ON DELETE CASCADE ON UPDATE CASCADE;

--
-- Ketidakleluasaan untuk tabel `data_supports`
--
ALTER TABLE `data_supports`
  ADD CONSTRAINT `fk_unit_id` FOREIGN KEY (`unit_id`) REFERENCES `units` (`id`) ON DELETE NO ACTION ON UPDATE NO ACTION;

--
-- Ketidakleluasaan untuk tabel `edatabase`
--
ALTER TABLE `edatabase`
  ADD CONSTRAINT `fk_area_id` FOREIGN KEY (`area_id`) REFERENCES `areas` (`id`) ON DELETE NO ACTION ON UPDATE NO ACTION,
  ADD CONSTRAINT `fk_business_id` FOREIGN KEY (`business_id`) REFERENCES `business` (`id`) ON DELETE NO ACTION ON UPDATE NO ACTION,
  ADD CONSTRAINT `fk_indicator_id` FOREIGN KEY (`indicator_id`) REFERENCES `indicators` (`id`) ON DELETE NO ACTION ON UPDATE NO ACTION,
  ADD CONSTRAINT `fk_sub_area_id` FOREIGN KEY (`sub_area_id`) REFERENCES `sub_areas` (`id`) ON DELETE NO ACTION ON UPDATE NO ACTION,
  ADD CONSTRAINT `fk_sub_indicator_id` FOREIGN KEY (`sub_indicator_id`) REFERENCES `sub_indicators` (`id`) ON DELETE NO ACTION ON UPDATE NO ACTION;

--
-- Ketidakleluasaan untuk tabel `iku`
--
ALTER TABLE `iku`
  ADD CONSTRAINT `fk_iku_unit` FOREIGN KEY (`unit_id`) REFERENCES `units` (`id`) ON DELETE NO ACTION ON UPDATE NO ACTION;

--
-- Ketidakleluasaan untuk tabel `iku_detail`
--
ALTER TABLE `iku_detail`
  ADD CONSTRAINT `fk_iku_business` FOREIGN KEY (`business_id`) REFERENCES `business` (`id`) ON DELETE NO ACTION ON UPDATE NO ACTION;

--
-- Ketidakleluasaan untuk tabel `indicators`
--
ALTER TABLE `indicators`
  ADD CONSTRAINT `fk_area_indicator` FOREIGN KEY (`area_id`) REFERENCES `areas` (`id`) ON DELETE NO ACTION ON UPDATE NO ACTION,
  ADD CONSTRAINT `fk_business_indicator` FOREIGN KEY (`business_id`) REFERENCES `business` (`id`) ON DELETE NO ACTION ON UPDATE NO ACTION,
  ADD CONSTRAINT `fk_sub_area_indicator` FOREIGN KEY (`sub_area_id`) REFERENCES `sub_areas` (`id`) ON DELETE NO ACTION ON UPDATE NO ACTION;

--
-- Ketidakleluasaan untuk tabel `kor`
--
ALTER TABLE `kor`
  ADD CONSTRAINT `fk_kor_unit` FOREIGN KEY (`unit_id`) REFERENCES `units` (`id`) ON DELETE NO ACTION ON UPDATE NO ACTION;

--
-- Ketidakleluasaan untuk tabel `kor_trans`
--
ALTER TABLE `kor_trans`
  ADD CONSTRAINT `kor_trans_ibfk_1` FOREIGN KEY (`id_kor`) REFERENCES `kor` (`id`);

--
-- Ketidakleluasaan untuk tabel `sdgs`
--
ALTER TABLE `sdgs`
  ADD CONSTRAINT `fk_sdgs_unit` FOREIGN KEY (`unit_id`) REFERENCES `units` (`id`) ON DELETE NO ACTION ON UPDATE NO ACTION;

--
-- Ketidakleluasaan untuk tabel `spm`
--
ALTER TABLE `spm`
  ADD CONSTRAINT `spm_ibfk_1` FOREIGN KEY (`unit_id`) REFERENCES `units` (`id`);

--
-- Ketidakleluasaan untuk tabel `sub_areas`
--
ALTER TABLE `sub_areas`
  ADD CONSTRAINT `fk_sub_area_area` FOREIGN KEY (`area_id`) REFERENCES `areas` (`id`) ON DELETE NO ACTION ON UPDATE NO ACTION,
  ADD CONSTRAINT `fk_sub_area_business` FOREIGN KEY (`business_id`) REFERENCES `business` (`id`) ON DELETE NO ACTION ON UPDATE NO ACTION;
COMMIT;

/*!40101 SET CHARACTER_SET_CLIENT=@OLD_CHARACTER_SET_CLIENT */;
/*!40101 SET CHARACTER_SET_RESULTS=@OLD_CHARACTER_SET_RESULTS */;
/*!40101 SET COLLATION_CONNECTION=@OLD_COLLATION_CONNECTION */;
